response_id,learning_objective,probability,student_text,tutor_text,transcript_text
jymnjnw,Solving area and perimeter problems.,0.28773722,"Yeah? [unclear]
Good, thank you.
Area is inside, perimeter is outside. Okay.
[unclear]
Um... [unclear]
Um, I— [unclear]
24.
20. [unclear] [unclear]
Add them together.
44.
44.
You do a, a, a, a 3, a 3, a 10, a 10, a 2.
[unclear]
Um... [unclear]
I don't know how to do it.
Um... would be 6.
[unclear] [unclear]
[unclear] [unclear]
visualize a problem and show which calculation you need.
42.
So, so, [unclear] [unclear]
And then, so you do 7 times 3 times 4. [unclear]
[UNCLEAR] [unclear]
[unclear] [unclear]
So, I think I've been muted. [unclear]
Are we sure, Lysander? Let's check it out. So, 7 and 3.
[unclear] 4, 6, 6. [unclear]
This is full 9, this is 3, and this is 6. Okay. 10, 20.
24, 25, 26, 27, 28, 29, 30, 31, 32.
Yeah?
No.
I'm all good.
Um, you [unclear] times [UNCLEAR]. [unclear]
One.
The second method.
[unclear]
12.
21.
is equal to 21 centimeters squared.
6 and 3.
6 and 3. [unclear]
[UNCLEAR]
[unclear]
[unclear]
39.
Can we need this, please? [unclear]
So, so, hello?
So we have to find the perimeter of this.
Um, 20.
20.
How to find area? [unclear]
[UNCLEAR]
7.
23.
23.
[unclear]
to take away and addition. [UNCLEAR]
bye.
Yeah?
Okay.
So, okay, so we learned about finding area and perimeter, Lysander. Okay then, have a nice day. Bye.","I'm coming in, Lysander. [unclear]
Lysander? Hello?
You're here? I can't hear you, Lysander.
Okay Lysander, so how are you doing?
Lysander, we learnt about area and perimeter. Can you erase this please? [unclear] Okay, we learnt about area and perimeter. What is area? What is perimeter, Lysander? [unclear]
Area is inside the [unclear] perimeter is like the outside of the [UNCLEAR].
Okay, Lysander. So while you were doing about this, so let me tell you how to do this again. Okay, so we have— if you have two shapes, that is a compound figure, okay, not just one one rectangle, we have two rectangles. So what we do is, Lysander, we may mark it as A and B.
Okay, or any letter of your preference. Okay, so how to find A, Lysander?
We find the length and the width. What is the length?
How much is width, Lysander?
Okay, 24. So we can write 24 centimeters. So how much is B, Lysander? [unclear]
So then what do we do next? We got our two answers. So what do we do next, Lysander?
How much does it give us?
You can write it. Area is 44 centimeters square. Okay, now when we look at the perimeter, Lysander, how do you do the perimeter?
Can we show— can Lysander write it here, please? [unclear] [unclear]
I'm going to shut this down, Lysander, because it's just not working, is it?
How much is this, Lysander?
This whole line is 8 centimeters, Lysander. So this is 2 centimeters. This much is 2 centimeters. And how much would this be? [unclear]
So Lysander, this much is 8 centimeters.
This is 2 centimeters. Okay, this is 2 centimeters. Then how much would this be?
Ah, 6 centimeters. Okay. Can Lysander calculate everything and tell me what's the answer, please? [unclear] [unclear]
What's the answer, Lysander?
Yeah, 42 is correct. So let's try now this one. [unclear] First, whatever you prefer. Area or the perimeter, you can find. [unclear]
Ah, yes, very good, Lysander. Yes, it is. [unclear]
You are glitching, Lysander. So you can write it and show me. You can type it out, okay? You can type the numbers what you want to add here, okay? [unclear]
4, okay, 3, 7, 9, okay, 3, okay. How about this side?
How much is this line, Lysander? [unclear] [unclear]
Add 4, add 3, add 9, 10, 20, and anything.
23, 29, 30, 31, 32. 32, Lysander. [unclear] It's not 23, it's 32. It's the opposite. Do you want to count again, Lysander?
Lysander?
Do you want to count again?
Oh, are you all good?
Okay. Now how do you find the area?
Is this two shapes or one shape, Lysander?
Two. Okay, we have two rectangles together. One you can do like this. Okay, this way. Okay, this is A and this is B. Okay, this is one method. Or else you can do this way, Lysander. You can do this method. This is A and this is B. Which one do you like, the first method or second method?
This method. Okay, go ahead. How much is A? How much is B? [unclear]
You can write it down, Lysander. If your voice is glitching, you can write it down, okay? You can speak to me, but it's too glitchy. How much is A? [unclear]
12, okay. So here we have 3, okay? Now the width is 3 centimeters, so A equals 3 times And how much is the length? We have 4 here. That was 7, right? Here it was 7. Here it was 6. Okay, then 7. How much is 3 times 7?
21. We can write 21. [unclear] [unclear]
Okay, now we can find B. How much, Lysander? [unclear] [unclear]
How much is it? What is the length and the width of this?
Sorry?
How much is 6 times 3, Lysander?
18. Now what do you have to do?
Yeah, we have to add them. Okay, if we add, what will be the answer?
Yeah, correct, 39.
Lysander, first you have to divide the two shapes and find it differently, and then we have to find the area separately, and then when we have to add them together, the areas, okay? You will get the answer. [unclear] Okay.
Poki has started to make a path using identical size one-lap slabs. Calculate the perimeter and area of the path.
All these squares are equal in size.
What should be the length of this, Lysander? [unclear]
Now this whole length is 80 centimeters. There are 1, 2, 3, 4. 4 squares. Then how much would this one be? One line full. [unclear]
Sorry?
Ah, perfect. Okay, one would be 20.
Now, how to— one is 20, Lysander. So how to find the perimeter of this shape? [unclear] Perimeter means we have to count outer sides. Can Lysander do that and show— tell me, please?
You have to count in 20. [unclear]
140. Okay, let's try to count together. Okay, thank you Lysander for counting. We'll count it together and let's see. Okay. [unclear] 20, 40, 60, 80,
100. [unclear] 120. 140. 160. 180. 200. 220. 240. 260.
280, 300, 320. What's the answer, Lysander? [unclear]
Perimeter is 320.
Okay, how do you find the area now? [unclear] [unclear]
[UNCLEAR] [unclear]
[unclear]
How to find the area of one square? This time for one square. How to find for one square? [unclear]
How much is 20 times 20, Lysander?
20 plus 20, 40. Lysander, how much is 20 times 20? [unclear] [unclear]
Okay, 400 centimeters square, Lysander.
Okay, because Lysander, because 2 times 2 is 4, and we have to times it by 100. 400 centimeters square. Okay. [unclear]
How many squares do we have here? [unclear]
Ah, so one 400 centimeter square, how much is cost of one? [unclear]
One is 400 centimeters square. How many? How much is a double? [unclear]
[UNCLEAR] [unclear]
[unclear]
Wonderful. Yes, very good, very good, Lysander. 2,800. You can write it. So that's the answer.
2,800 is the answer, Lysander.
You can have a comma as well. [unclear]
Lysander, we can have a comma as well.
Lysander?
Great.
Bye.","[TUTOR] I'm coming in, Lysander. [unclear]
[TUTOR] Lysander? Hello?
[STUDENT] Yeah? [unclear]
[TUTOR] You're here? I can't hear you, Lysander.
[TUTOR] Okay Lysander, so how are you doing?
[STUDENT] Good, thank you.
[TUTOR] Lysander, we learnt about area and perimeter. Can you erase this please? [unclear] Okay, we learnt about area and perimeter. What is area? What is perimeter, Lysander? [unclear]
[TUTOR] Area is inside the [unclear] perimeter is like the outside of the [UNCLEAR].
[STUDENT] Area is inside, perimeter is outside. Okay.
[TUTOR] Okay, Lysander. So while you were doing about this, so let me tell you how to do this again. Okay, so we have— if you have two shapes, that is a compound figure, okay, not just one one rectangle, we have two rectangles. So what we do is, Lysander, we may mark it as A and B.
[STUDENT] [unclear]
[TUTOR] Okay, or any letter of your preference. Okay, so how to find A, Lysander?
[STUDENT] Um... [unclear]
[TUTOR] We find the length and the width. What is the length?
[STUDENT] Um, I— [unclear]
[TUTOR] How much is width, Lysander?
[STUDENT] 24.
[TUTOR] Okay, 24. So we can write 24 centimeters. So how much is B, Lysander? [unclear]
[STUDENT] 20. [unclear] [unclear]
[TUTOR] So then what do we do next? We got our two answers. So what do we do next, Lysander?
[STUDENT] Add them together.
[TUTOR] How much does it give us?
[STUDENT] 44.
[BACKGROUND] So what is the area, Lysander?
[STUDENT] 44.
[TUTOR] You can write it. Area is 44 centimeters square. Okay, now when we look at the perimeter, Lysander, how do you do the perimeter?
[STUDENT] You do a, a, a, a 3, a 3, a 10, a 10, a 2.
[TUTOR] Can we show— can Lysander write it here, please? [unclear] [unclear]
[TUTOR] I'm going to shut this down, Lysander, because it's just not working, is it?
[STUDENT] [unclear]
[TUTOR] How much is this, Lysander?
[STUDENT] Um... [unclear]
[TUTOR] This whole line is 8 centimeters, Lysander. So this is 2 centimeters. This much is 2 centimeters. And how much would this be? [unclear]
[TUTOR] So Lysander, this much is 8 centimeters.
[STUDENT] I don't know how to do it.
[TUTOR] This is 2 centimeters. Okay, this is 2 centimeters. Then how much would this be?
[STUDENT] Um... would be 6.
[TUTOR] Ah, 6 centimeters. Okay. Can Lysander calculate everything and tell me what's the answer, please? [unclear] [unclear]
[STUDENT] [unclear] [unclear]
[STUDENT] [unclear] [unclear]
[STUDENT] visualize a problem and show which calculation you need.
[TUTOR] What's the answer, Lysander?
[STUDENT] 42.
[TUTOR] Yeah, 42 is correct. So let's try now this one. [unclear] First, whatever you prefer. Area or the perimeter, you can find. [unclear]
[STUDENT] So, so, [unclear] [unclear]
[TUTOR] Ah, yes, very good, Lysander. Yes, it is. [unclear]
[STUDENT] And then, so you do 7 times 3 times 4. [unclear]
[TUTOR] You are glitching, Lysander. So you can write it and show me. You can type it out, okay? You can type the numbers what you want to add here, okay? [unclear]
[STUDENT] [UNCLEAR] [unclear]
[STUDENT] [unclear] [unclear]
[TUTOR] 4, okay, 3, 7, 9, okay, 3, okay. How about this side?
[TUTOR] How much is this line, Lysander? [unclear] [unclear]
[STUDENT] So, I think I've been muted. [unclear]
[STUDENT] Are we sure, Lysander? Let's check it out. So, 7 and 3.
[TUTOR] Add 4, add 3, add 9, 10, 20, and anything.
[STUDENT] [unclear] 4, 6, 6. [unclear]
[STUDENT] This is full 9, this is 3, and this is 6. Okay. 10, 20.
[TUTOR] 23, 29, 30, 31, 32. 32, Lysander. [unclear] It's not 23, it's 32. It's the opposite. Do you want to count again, Lysander?
[STUDENT] 24, 25, 26, 27, 28, 29, 30, 31, 32.
[TUTOR] Lysander?
[STUDENT] Yeah?
[TUTOR] Do you want to count again?
[STUDENT] No.
[TUTOR] Oh, are you all good?
[STUDENT] I'm all good.
[TUTOR] Okay. Now how do you find the area?
[STUDENT] Um, you [unclear] times [UNCLEAR]. [unclear]
[TUTOR] Is this two shapes or one shape, Lysander?
[STUDENT] One.
[TUTOR] Two. Okay, we have two rectangles together. One you can do like this. Okay, this way. Okay, this is A and this is B. Okay, this is one method. Or else you can do this way, Lysander. You can do this method. This is A and this is B. Which one do you like, the first method or second method?
[STUDENT] The second method.
[TUTOR] This method. Okay, go ahead. How much is A? How much is B? [unclear]
[STUDENT] [unclear]
[TUTOR] You can write it down, Lysander. If your voice is glitching, you can write it down, okay? You can speak to me, but it's too glitchy. How much is A? [unclear]
[STUDENT] 12.
[TUTOR] 12, okay. So here we have 3, okay? Now the width is 3 centimeters, so A equals 3 times And how much is the length? We have 4 here. That was 7, right? Here it was 7. Here it was 6. Okay, then 7. How much is 3 times 7?
[STUDENT] 21.
[TUTOR] 21. We can write 21. [unclear] [unclear]
[STUDENT] is equal to 21 centimeters squared.
[TUTOR] Okay, now we can find B. How much, Lysander? [unclear] [unclear]
[TUTOR] How much is it? What is the length and the width of this?
[STUDENT] 6 and 3.
[TUTOR] Sorry?
[STUDENT] 6 and 3. [unclear]
[STUDENT] [UNCLEAR]
[TUTOR] How much is 6 times 3, Lysander?
[STUDENT] [unclear]
[TUTOR] 18. Now what do you have to do?
[STUDENT] [unclear]
[TUTOR] Yeah, we have to add them. Okay, if we add, what will be the answer?
[STUDENT] 39.
[TUTOR] Yeah, correct, 39.
[TUTOR] Lysander, first you have to divide the two shapes and find it differently, and then we have to find the area separately, and then when we have to add them together, the areas, okay? You will get the answer. [unclear] Okay.
[STUDENT] Can we need this, please? [unclear]
[TUTOR] Poki has started to make a path using identical size one-lap slabs. Calculate the perimeter and area of the path.
[STUDENT] So, so, hello?
[TUTOR] All these squares are equal in size.
[STUDENT] So we have to find the perimeter of this.
[TUTOR] What should be the length of this, Lysander? [unclear]
[TUTOR] Now this whole length is 80 centimeters. There are 1, 2, 3, 4. 4 squares. Then how much would this one be? One line full. [unclear]
[STUDENT] Um, 20.
[TUTOR] Sorry?
[STUDENT] 20.
[TUTOR] Ah, perfect. Okay, one would be 20.
[TUTOR] Now, how to— one is 20, Lysander. So how to find the perimeter of this shape? [unclear] Perimeter means we have to count outer sides. Can Lysander do that and show— tell me, please?
[TUTOR] You have to count in 20. [unclear]
[TUTOR] 140. Okay, let's try to count together. Okay, thank you Lysander for counting. We'll count it together and let's see. Okay. [unclear] 20, 40, 60, 80,
[TUTOR] 100. [unclear] 120. 140. 160. 180. 200. 220. 240. 260.
[TUTOR] 280, 300, 320. What's the answer, Lysander? [unclear]
[TUTOR] Perimeter is 320.
[TUTOR] Okay, how do you find the area now? [unclear] [unclear]
[TUTOR] [UNCLEAR] [unclear]
[TUTOR] [unclear]
[STUDENT] How to find area? [unclear]
[TUTOR] How to find the area of one square? This time for one square. How to find for one square? [unclear]
[TUTOR] How much is 20 times 20, Lysander?
[TUTOR] 20 plus 20, 40. Lysander, how much is 20 times 20? [unclear] [unclear]
[TUTOR] Okay, 400 centimeters square, Lysander.
[STUDENT] [UNCLEAR]
[TUTOR] Okay, because Lysander, because 2 times 2 is 4, and we have to times it by 100. 400 centimeters square. Okay. [unclear]
[TUTOR] How many squares do we have here? [unclear]
[STUDENT] 7.
[TUTOR] Ah, so one 400 centimeter square, how much is cost of one? [unclear]
[TUTOR] One is 400 centimeters square. How many? How much is a double? [unclear]
[STUDENT] 23.
[TUTOR] [UNCLEAR] [unclear]
[STUDENT] 23.
[TUTOR] [unclear]
[STUDENT] [unclear]
[TUTOR] Wonderful. Yes, very good, very good, Lysander. 2,800. You can write it. So that's the answer.
[TUTOR] 2,800 is the answer, Lysander.
[STUDENT] to take away and addition. [UNCLEAR]
[TUTOR] You can have a comma as well. [unclear]
[TUTOR] Lysander, we can have a comma as well.
[STUDENT] bye.
[TUTOR] Lysander?
[STUDENT] Yeah?
[TUTOR] Great.
[STUDENT] Okay.
[STUDENT] So, okay, so we learned about finding area and perimeter, Lysander. Okay then, have a nice day. Bye.
[TUTOR] Bye."
njokfbo,Solving problems involving fractions.,0.29445395,"[UNCLEAR] [unclear]
[unclear] [unclear]
[UNCLEAR] [unclear]
[unclear] [unclear]
[UNCLEAR] [unclear]
[unclear] [unclear]
In 20 kilometers, one [unclear] swim. [unclear]
10.
What? [unclear]
Yes.
No, because you still have to add the zero to it.
I only can upload the slides next week.
Hello? You have to do this now.
It's not in my hand. Whatever they upload, I need to do it.
This is difficult for me. It's too hard.
Yeah, money is hard for me, but you don't say it.
What did [unclear] said it before?
Yeah.
has saved £240. She's spent [UNCLEAR] for half of the [unclear] game.
She has... [unclear] [unclear]
[unclear] [unclear]
[unclear] [unclear]
Yeah.
[UNCLEAR] [unclear]
[unclear]
Yeah.
Next one. Next slide. [Speaker] Excuse me.
No, but of course it is as well because, yeah, 4 times 8 is 24.
4 times 6 is 24, right?
You said that we'll move on to the next slide.
That's what I'm trying to do. [unclear]...must be [UNCLEAR].
Well, I work loud.
60.
[unclear]
3/4 of 60.
[unclear]
20.
Oh no.
Yeah.
Okay, 3/4 of 60.
Is the question. So 1/4 of 60 is 15. So what is 3/4?
What am I doing?
So far. What am I still doing? I'm putting this video already. [unclear]
Who said that 1/4 of 60 is 15? That's not— 1/4 of 60 is— 20.
60 by 4, if you take the 0 off, it'll be 24. So now if you add the 0 back on, it will be 124— 224.
Excuse me, what have we done?
Bye.","Okay, what is being done here?
What is one-tenth of this? What is one-tenth of 20 kilometers? [unclear]
What is one-tenth of 20 kilometers? [unclear]
What is 1/10 of 20 kilometers?
No, 1/10 of 20. What do you have to do? You have to divide it by 10, right? 1/10 of 20. [unclear]
What is 1/10 of 20?
What is one-tenth of 20? [unclear]
Gideon is one-tenth of 20.
No, it's 2, right? 1/10 means you have to divide the whole by 10 and find one portion. That's 2. And what is 1/2 of the total? In 20, what is 1/2 of 20? [unclear] [unclear]
They're basically telling me, right? Are you listening?
They're basically telling me that— no, because when we learn it in school, right,
We do this. 1 [unclear] over 20. 1 goes into 20 twice. [unclear]
Doesn't— 2 doesn't go into 10, so you have to take the whole 20. 20 goes into 10 2 times. That's it, right? So how did this 0 come? There's no need of this 0, only 2.
No, it's 20 divided by 10. Okay, in 2 you don't have any tenths, so you would put 0 here. In 20 you have 2 tenths, that means 2. That means the answer is 2, right? [unclear] So if you get 2, 1/10 is 2. What is 1/2? What is 1/2 of 10? [unclear]
that we're gonna do money this. It's the worst money. They just like to lie.
No, no, no, no, no, no.
No, no, no, no, no, look. You said that we're gonna do money. I said, okay, and then you said, right. I said, next week, and then you said, yeah. [unclear]
No, no, no, no, no, no, no, listen. And then you said—
I'll get it for you. I'll email them for you. [unclear] [unclear]
Hello?
I want to bring money.
But you said that you were going to read me alone. [unclear]
Yes, I was advised to do this.
Okay, even if it's difficult, you have to learn it, right? But we are doing this in lessons. Just look at me, [UNCLEAR].
It's not always doing the easy things, no? You have to learn the hard things also. Right, Hilton?
Yeah, maybe it will come in the future sessions. Money will come, but now we are supposed to do this.
I've only got 3 sessions left. This [unclear] might be coming in a future session. [unclear]
Okay, could you please tell me half of 20? What is one half of 20? [unclear] [unclear]
[UNCLEAR] [unclear]
[unclear] [unclear]
So, [unclear] Could you please answer this question, Hilton? There is only one more slide left with this, and we can move to the next session. Hilton, are you there? Could you please answer this? [unclear] Okay, what is one half of 20? [unclear] Yes, that's right. Well done. Okay, so—
No, one tenth. You said one tenth is 10. One half is 10 and one tenth is 2. Okay, now what's the question?
In a 20-kilometer race, Jack completes a swim, a run, and a bike ride. So one-tenth is— swim is one-tenth of the total distance, and run is one-half of the total distance. What distance was his bike ride? So what do you have to do? You can add these two and take away from the whole distance, right? So that you can find the bike ride.
Can you do that, Hilton? Okay. Can you do that? [unclear]
How much money does she have left?
Okay, great. [unclear]
What's the answer? The total is 20 kilometers, and in total distance, the swim was one-tenth, that means 2. The run was half of the total, that means 10. So what's the Balance. What's the remaining amount that he— [unclear]
Okay, you have to take away these two from the total amount to find out the bike ride, right?
Can we take away these two from the total amount? Take what away from the total amount? One. It will be zero.
Take away 12. Take away 12 from the total amount. [Speaker] You can't. Oh, if you take away 10, it will be 2. [unclear]
Okay. So, can we move to the next one?
Okay. [unclear]
Yes? [Speaker] Are we moving on to the next [UNCLEAR]?
Yes, once you complete this, there is one more slide and then we can move to the next lesson. [Speaker] I'm stuck too. [unclear]
Hey, it's gonna be okay. It would be 80. It would be 80. Because 24 divided by 4 would be—
Well, it's 240, not 24.
So, but it's actually 224, so yeah. [unclear]
So one portion is 60. What's the question here? [unclear]
Okay, could you please answer this?
This is the last slide. This is the last slide. We have to complete this. [unclear] plays on his scooter for half an hour and plays football
4. 3/4 hour. How much time does he spend playing in total? How can we do this? Can you convert this into minutes? Can you convert this into minutes? What is half an hour converted into minutes?
What do you get?
Okay, I want you to tell, how could you convert half an hour into minutes? What is half an hour if you convert into minutes? Gideon, what is half an hour converted to minutes? [unclear] How many minutes are there in one hour? [unclear]
Okay, how many minutes are there in one hour?
Yes, that's right. So what is half of 60? What is half of 60?
Yes, that's right. And what is 3/4 of 60?
3/4 of 60. You take 4 of it. Half of 60 is 30 minutes. Okay. Yeah. Okay, so what is 3/4 of 60? [unclear] How would you find out? If you divide this by 4, you can find out 1/4. [unclear]
Can you tell one-fourth of it? What's one-fourth of 60?
What is one-fourth of 60?
One-fourth of 60, no. [unclear]
It's 15, right? 1/4 of 60 is 15.
So what is 3/4? If 1/4 is 15—
1/4 equals 15. What is 3/4? I forgot because [unclear] in my class.
Yeah, could you please repeat that?
Yeah.
10 minutes.
10 seconds.
[unclear] [unclear]
[unclear] [unclear]
If 1/4 of 60 is 15, what is 3/4?
How could it be 20? So if you divide the 60 by 4, do you get 20? [unclear]
If you divide this 60 by 4— [unclear] 60 by 4, in 6 you have 1. 1 times 4 is 4, 2 remainder. Okay, so if 1/4 of 60 is 15, 3/4 is— you have to multiply this 15 by 3, and that gives you 15— 45. That gives you 45. So 3/4 is 45.
So what do you get when you add these both? 30 minutes and 45 minutes? What do you get in total? [unclear] 45 plus 30 minutes?
What is 45 minutes plus 30 minutes? [unclear]
Okay, I'm about to end the session. I'll meet you in our next lesson. Bye-bye, take care.","[BACKGROUND] [unclear]
[STUDENT] [UNCLEAR] [unclear]
[STUDENT] [unclear] [unclear]
[STUDENT] [UNCLEAR] [unclear]
[STUDENT] [unclear] [unclear]
[STUDENT] [UNCLEAR] [unclear]
[STUDENT] [unclear] [unclear]
[BACKGROUND] [unclear]
[TUTOR] Okay, what is being done here?
[STUDENT] In 20 kilometers, one [unclear] swim. [unclear]
[TUTOR] What is one-tenth of this? What is one-tenth of 20 kilometers? [unclear]
[TUTOR] What is one-tenth of 20 kilometers? [unclear]
[TUTOR] What is 1/10 of 20 kilometers?
[STUDENT] 10.
[TUTOR] No, 1/10 of 20. What do you have to do? You have to divide it by 10, right? 1/10 of 20. [unclear]
[TUTOR] What is 1/10 of 20?
[STUDENT] What? [unclear]
[TUTOR] What is one-tenth of 20? [unclear]
[TUTOR] Gideon is one-tenth of 20.
[TUTOR] No, it's 2, right? 1/10 means you have to divide the whole by 10 and find one portion. That's 2. And what is 1/2 of the total? In 20, what is 1/2 of 20? [unclear] [unclear]
[TUTOR] They're basically telling me, right? Are you listening?
[STUDENT] Yes.
[TUTOR] They're basically telling me that— no, because when we learn it in school, right,
[TUTOR] We do this. 1 [unclear] over 20. 1 goes into 20 twice. [unclear]
[TUTOR] Doesn't— 2 doesn't go into 10, so you have to take the whole 20. 20 goes into 10 2 times. That's it, right? So how did this 0 come? There's no need of this 0, only 2.
[STUDENT] No, because you still have to add the zero to it.
[TUTOR] No, it's 20 divided by 10. Okay, in 2 you don't have any tenths, so you would put 0 here. In 20 you have 2 tenths, that means 2. That means the answer is 2, right? [unclear] So if you get 2, 1/10 is 2. What is 1/2? What is 1/2 of 10? [unclear]
[TUTOR] that we're gonna do money this. It's the worst money. They just like to lie.
[BACKGROUND] What is 1/2 of 10?
[TUTOR] No, no, no, no, no, no.
[TUTOR] No, no, no, no, no, look. You said that we're gonna do money. I said, okay, and then you said, right. I said, next week, and then you said, yeah. [unclear]
[STUDENT] I only can upload the slides next week.
[TUTOR] No, no, no, no, no, no, no, listen. And then you said—
[TUTOR] I'll get it for you. I'll email them for you. [unclear] [unclear]
[TUTOR] Hello?
[STUDENT] Hello? You have to do this now.
[TUTOR] I want to bring money.
[STUDENT] It's not in my hand. Whatever they upload, I need to do it.
[TUTOR] But you said that you were going to read me alone. [unclear]
[TUTOR] Yes, I was advised to do this.
[STUDENT] This is difficult for me. It's too hard.
[TUTOR] Okay, even if it's difficult, you have to learn it, right? But we are doing this in lessons. Just look at me, [UNCLEAR].
[TUTOR] It's not always doing the easy things, no? You have to learn the hard things also. Right, Hilton?
[STUDENT] Yeah, money is hard for me, but you don't say it.
[TUTOR] Yeah, maybe it will come in the future sessions. Money will come, but now we are supposed to do this.
[TUTOR] I've only got 3 sessions left. This [unclear] might be coming in a future session. [unclear]
[TUTOR] Okay, could you please tell me half of 20? What is one half of 20? [unclear] [unclear]
[BACKGROUND] [unclear]
[BACKGROUND] [unclear]
[TUTOR] [UNCLEAR] [unclear]
[TUTOR] [unclear] [unclear]
[TUTOR] So, [unclear] Could you please answer this question, Hilton? There is only one more slide left with this, and we can move to the next session. Hilton, are you there? Could you please answer this? [unclear] Okay, what is one half of 20? [unclear] Yes, that's right. Well done. Okay, so—
[STUDENT] What did [unclear] said it before?
[TUTOR] No, one tenth. You said one tenth is 10. One half is 10 and one tenth is 2. Okay, now what's the question?
[TUTOR] In a 20-kilometer race, Jack completes a swim, a run, and a bike ride. So one-tenth is— swim is one-tenth of the total distance, and run is one-half of the total distance. What distance was his bike ride? So what do you have to do? You can add these two and take away from the whole distance, right? So that you can find the bike ride.
[STUDENT] Yeah.
[TUTOR] Can you do that, Hilton? Okay. Can you do that? [unclear]
[STUDENT] has saved £240. She's spent [UNCLEAR] for half of the [unclear] game.
[TUTOR] How much money does she have left?
[STUDENT] She has... [unclear] [unclear]
[TUTOR] Okay, great. [unclear]
[STUDENT] [unclear] [unclear]
[STUDENT] [unclear] [unclear]
[TUTOR] What's the answer? The total is 20 kilometers, and in total distance, the swim was one-tenth, that means 2. The run was half of the total, that means 10. So what's the Balance. What's the remaining amount that he— [unclear]
[TUTOR] Okay, you have to take away these two from the total amount to find out the bike ride, right?
[STUDENT] Yeah.
[TUTOR] Can we take away these two from the total amount? Take what away from the total amount? One. It will be zero.
[TUTOR] Take away 12. Take away 12 from the total amount. [Speaker] You can't. Oh, if you take away 10, it will be 2. [unclear]
[STUDENT] [UNCLEAR] [unclear]
[STUDENT] [unclear]
[TUTOR] Okay. So, can we move to the next one?
[STUDENT] Yeah.
[TUTOR] Okay. [unclear]
[STUDENT] Next one. Next slide. [Speaker] Excuse me.
[TUTOR] Yes? [Speaker] Are we moving on to the next [UNCLEAR]?
[TUTOR] Yes, once you complete this, there is one more slide and then we can move to the next lesson. [Speaker] I'm stuck too. [unclear]
[TUTOR] Hey, it's gonna be okay. It would be 80. It would be 80. Because 24 divided by 4 would be—
[TUTOR] Well, it's 240, not 24.
[STUDENT] No, but of course it is as well because, yeah, 4 times 8 is 24.
[TUTOR] So, but it's actually 224, so yeah. [unclear]
[STUDENT] 4 times 6 is 24, right?
[TUTOR] So one portion is 60. What's the question here? [unclear]
[TUTOR] Okay, could you please answer this?
[STUDENT] You said that we'll move on to the next slide.
[TUTOR] This is the last slide. This is the last slide. We have to complete this. [unclear] plays on his scooter for half an hour and plays football
[TUTOR] 4. 3/4 hour. How much time does he spend playing in total? How can we do this? Can you convert this into minutes? Can you convert this into minutes? What is half an hour converted into minutes?
[STUDENT] That's what I'm trying to do. [unclear]...must be [UNCLEAR].
[TUTOR] What do you get?
[STUDENT] Well, I work loud.
[TUTOR] Okay, I want you to tell, how could you convert half an hour into minutes? What is half an hour if you convert into minutes? Gideon, what is half an hour converted to minutes? [unclear] How many minutes are there in one hour? [unclear]
[TUTOR] Okay, how many minutes are there in one hour?
[STUDENT] 60.
[TUTOR] Yes, that's right. So what is half of 60? What is half of 60?
[STUDENT] [unclear]
[TUTOR] Yes, that's right. And what is 3/4 of 60?
[STUDENT] 3/4 of 60.
[TUTOR] 3/4 of 60. You take 4 of it. Half of 60 is 30 minutes. Okay. Yeah. Okay, so what is 3/4 of 60? [unclear] How would you find out? If you divide this by 4, you can find out 1/4. [unclear]
[TUTOR] Can you tell one-fourth of it? What's one-fourth of 60?
[STUDENT] [unclear]
[TUTOR] What is one-fourth of 60?
[STUDENT] 20.
[TUTOR] One-fourth of 60, no. [unclear]
[TUTOR] It's 15, right? 1/4 of 60 is 15.
[STUDENT] Oh no.
[TUTOR] So what is 3/4? If 1/4 is 15—
[STUDENT] Yeah.
[TUTOR] 1/4 equals 15. What is 3/4? I forgot because [unclear] in my class.
[TUTOR] Yeah, could you please repeat that?
[STUDENT] Okay, 3/4 of 60.
[TUTOR] Yeah.
[STUDENT] Is the question. So 1/4 of 60 is 15. So what is 3/4?
[BACKGROUND] What is 3/4? [unclear]
[TUTOR] 10 minutes.
[STUDENT] What am I doing?
[TUTOR] 10 seconds.
[STUDENT] So far. What am I still doing? I'm putting this video already. [unclear]
[TUTOR] [unclear] [unclear]
[TUTOR] [unclear] [unclear]
[TUTOR] If 1/4 of 60 is 15, what is 3/4?
[STUDENT] Who said that 1/4 of 60 is 15? That's not— 1/4 of 60 is— 20.
[TUTOR] How could it be 20? So if you divide the 60 by 4, do you get 20? [unclear]
[STUDENT] 60 by 4, if you take the 0 off, it'll be 24. So now if you add the 0 back on, it will be 124— 224.
[TUTOR] If you divide this 60 by 4— [unclear] 60 by 4, in 6 you have 1. 1 times 4 is 4, 2 remainder. Okay, so if 1/4 of 60 is 15, 3/4 is— you have to multiply this 15 by 3, and that gives you 15— 45. That gives you 45. So 3/4 is 45.
[TUTOR] So what do you get when you add these both? 30 minutes and 45 minutes? What do you get in total? [unclear] 45 plus 30 minutes?
[STUDENT] Excuse me, what have we done?
[TUTOR] What is 45 minutes plus 30 minutes? [unclear]
[TUTOR] Okay, I'm about to end the session. I'll meet you in our next lesson. Bye-bye, take care.
[STUDENT] Bye."
ifkwsvc,Solving real-life problems with remainders.,0.29733726,"Hi, Orson. Can you hear me?
All right. Thank you so much for confirming on that. So how are you doing today?
You're good. And how was your week, Orson?
Fine.
No.
Yeah.
Yeah.
Every time I adjust it, it won't come closer.
Can you hear me now?
Yeah.
Uh, yeah.
Yeah.
It takes 7 minutes to make a pom-pom. How many complete pom-poms can be made in 30 minutes?
[unclear]
[unclear]
I'll be able to do 6 pom-poms.
Yeah.
Yeah. [unclear]
We can do 3 pom-poms. Over here, Orson, we got 4 complete pom-poms. So which is— yeah, 4, meaning Orson, that is in 28 minutes you can make 4 pom-poms. Do you agree?
Yeah. [unclear]
No.
No, I'm fine.
Yeah.
Yeah.
Yeah.
Yeah.
Because you can make
7 pom-poms. You can make 1 pom-pom in 7 minutes. So in 2 minutes you can make half of a pom-pom.
Uh... How many pom-poms can be made in 30 minutes?
One.
2.
Um, we got 7, 14.
What do you—
To make 3 pom-poms.
21 minutes.
28.
Uh, 4 minutes.
Yeah.
Yeah.
2.
Yeah.
No.
Um... half of a pom-pom?
Mm-hmm.
[unclear]
Yeah.
Yeah.
Yeah, I can.
I don't understand.
Yeah.
You know, like, you don't count 2 minutes and then you count for the 30 thing. I don't understand.
Um... 7?
[unclear]
Yeah.
Um, in 14 minutes, [UNCLEAR].
[unclear]
It's 14 minutes, Orson.
Yeah.
Yeah, I can hear.
Yeah.
Yes.
Yeah.
Uh... [unclear]
Uh, 2.
21 minutes, there could be made 3 pom-poms.
4.
30 minutes would have been 5.
Uh, you round it up.
[unclear]
35 minutes.
How many pom-poms— how many complete pom-poms can be made in 30 minutes?
[unclear]
Mm-hmm.
[unclear] I can't hear you very clearly, Linnea. Yeah, I can't actually hear you. Yeah, still not very clear, Linnea. Your voice is very soft.
Yeah. No, I'm fine.
Yeah.
[unclear] No.
Because 30— it would have been 35.
28 minutes.
Within 28 minutes, there could have been made 4 pom-poms.
24. Oh, very good. So there you go, Orson, that could be your answer. Can you type it in?
Yeah.
Wait, what? Don't you have a remainder though?
[unclear]
Mm-hmm.
Mm-hmm.
Yeah.
[unclear]
The remainder would have been 12 because 5 times 2 is 10, and then you need to get 12, you add 2 on which will make 12.
No.
Yes, I can hear you, Thaddeus. What would 12 divided by 8 be, Orson? [unclear]
It would have been once remainder 4.
Uh, 7— no, 10.
I don't have any more guesses. I don't have any more guesses.
[unclear]
Let me do that for you.
15.
[unclear] 25.
[unclear]
[unclear]
7.
[unclear]
Oh, right. [unclear]
25 add to [unclear] 27.
Uh...
30.
41.
Yeah?
Mm-hmm.
17.
Yeah.
The remainder would have been 2.
[unclear] remainder 2.
Twice remainder 1.
I was saying the [unclear] 17 divided by 8 is twice remainder 1.
Yeah.
Yeah.
Yes. How would you solve this question? Can I have an explanation?
Yeah, so from the hints they gave, right, from the hints they gave us, so it's, right, it's— so I did 5 5 plus... 5 plus... [unclear]
Yeah, and then you plus it by 2, and then...
And then...
And what you do next is, um, so you do, you, you, you do, so, um, then you do, um...
And then that'll give you the answer. [unclear] Exactly. So for the multiples of 5, you add the remainder of 2, and multiples of 8, you add the remainder of 1. And how did we know that 17 would be the answer? How did we check that out, Orson? [unclear]
Because there were common numbers that fit.
Yeah.
Bye. [unclear] [unclear] [Speaker:Orson]... [UNCLEAR] [unclear] [Speaker:Orson]... [unclear]","Hello?
Yeah.
Good.
It was fine. So did anything interesting happen during the week? Anything fun?
Not really. All right. So, but was it just like a normal week that you usually have, Orson?
All right, Orson. Okay, but it's good to hear that you're doing great. All right, so I can't actually hear you very loudly, Orson. Yeah, your voice seems very soft. Yeah, I think it's because of your headphones. That's what you told me in the last session, right, Orson?
Yes. Can you try adjusting your microphone a little? Is that possible?
I see, Orson. Alright. So it was okay now for like a few seconds, but again it's— yeah, I can't hear you, Orson.
Yes, I can hear you now, Orson. Did you just adjust it?
All right. Okay, Orson. Okay, thank you so much for adjusting it out there. All right, so are you ready to start a session for today?
Yes, okay. So in our last session, we started this lesson, so Solving real-life problems with remainders, and we've got to start from Part D today. Do you remember completing these questions, Orson, till Part C?
Yes. Can you read the— yeah, can you read this question out loud and give it a try? [unclear]
How would you work this out, Orson? [Speaker:Orson]...37... 30 divided by 7. [Speaker:Background] 30 divided by 7. Well done, Orson. Very good observation out there. [unclear]
How's it going, Orson?
Well done! That would be 4 and a remainder of 2. Can you just type your answer inside this box? Fox Tanner, for now. Amazing effort today. Keep it up. I can see you working very hard. Well done! So, Orson, how many pom-poms can actually be made within 30 minutes?
How many whole pom-poms, Orson? What do you think? Yes, they say it takes 7 minutes to make one pom-pom. So they're asking you how many— Yes, I can't hear you very clearly, Orson. Is it possible to just adjust your [UNCLEAR]? [Speaker:Orson] I think it's the background.
Very good try, Orson. So why do you say it's 6 pom-poms? [unclear] Did you add 4 and 2?
Alright, but that was a good try. You were not giving up on the question, Orson. I can see your commitment. [Speaker:Tutor]...dedication to this session. Alright, so over here, Orson, 4 is actually the complete pom-poms that can be made, because do you remember you divided 30 by 7? [Speaker:Orson] Yeah.
And you got 4 pom-poms out there, so that's how many complete pom-poms, Orson. Alright. And the remaining 2 over here, that's how many minutes are left. All right, Orson, there are 2 minutes that are left. 2 minutes left. So in 2 minutes, can you make another pom-pom, Orson? Can we do that?
All right.
Yes? I can't hear you once again, Orson. Your voice is very soft. All right. Is it very difficult for you to continuously adjust it, Orson?
No, are you sure? Because if it is, yeah, you can get the help of your teacher and maybe you could change your headset. Would that be better?
You're fine, all right. Just let me know if it gets very difficult, all right? Okay, all good?
All right. Okay, Orson, so there we go. We got 4 complete pom-poms that can be made in 28 minutes. And out of that we got a remainder of 2 minutes. So we actually can't make a pompom in 2 minutes because, Orson, they say that it takes 7 minutes to make one pompom. Do you see that?
Yes, so what do we do out here, Orson? How many complete pompoms can we write as our answer? [unclear] [Speaker:Orson]...5. [Speaker:Tutor] Okay, good try, but we can't take those 2 minutes into consideration, Orson. Why do you think so? Why do you think so, Orson? Over here they've actually mentioned that it takes 7 minutes to make a whole pompom. So can we do anything with 2 minutes?
Can we do anything, Orson?
Yeah, what can we do, Orson? Can we make a pompom in 2 minutes when they've said us, yeah, they've told us that it takes 7 minutes? Can we do anything with these 2 minutes?
What do you think? And why do you say so, Orson? Yes, can you give me a small explanation on that? Yeah, it's totally normal to make mistakes, Orson. Yeah, we totally learn from them. All right, why do you think, Orson? [unclear]
In 2 minutes? Okay, alright, so you can make half a pom-pom. You're right about that, Orson, we can make nearly a half. But over here, are they asking us half pom-poms or are they asking us [UNCLEAR]? How many complete pom-poms can be made? What do you think the question is asking you?
Exactly! So they are asking you the complete pom-poms that can be made. Therefore, Orson, you cannot take the remainder 2 minutes into consideration So over here we got 4 whole pom-poms that can be made. Do you see that? 4 whole pom-poms that can be made in 30 minutes. So let's try it this way, Orson. Yeah, in the first 7 minutes, how many pom-poms can be made?
One. Very good. All right, in the first 7 minutes you can make one pom-pom. All right, and what about 14 minutes, Orson? How many pom-poms can you make in 14 minutes?
You can make 2. Can you go ahead and type it over there? Is that possible? [unclear] Over here, Orson, write it. 14 minutes. Well done! All right, so what's the next— yeah, next multiple out there, Orson?
What is the third multiple of 7? [unclear] [unclear]
So the first 7 minutes, one pom-pom. In 14 minutes, you can make two pom-poms. You can—
Hello?
Can you hear me? [unclear] I can hear you. How many minutes would that be?
Exactly. 3 pom-poms, how many minutes will it take Orson? [unclear]
Well done, it would take 21 minutes. So shall we move on to 4 pom-poms? How many minutes would that be?
28 minutes. So how many minutes have they given us in total, Orson?
Over here, how many total minutes have they told us? They are giving us only a total of 30 minutes, right, Orson?
Yes, so in 30 minutes they are asking within 30 minutes, How many complete or whole pom-poms can be made? Alright, so from 28 minutes to 30 minutes, how many minutes are remaining, Orson? [unclear]
From 28 minutes, Orson? Yeah. In 28 minutes we can make 4 pom-poms. Do you agree?
Yes. In the question— yes, Orson, good job— but in the question they are saying how many complete pom-poms can be made in 30 minutes. All right, so from 28 minutes, Orson, when you get to 30 minutes, what's the difference in minutes? [unclear]
Yeah. Can you try counting on from 28 to 30, Orson?
2. Very good. That would be 2 minutes left. Do you see that? Yes? Hello? Can you hear me, Orson? [unclear] Okay, that's good. So in 2 minutes, can we actually make a pompom in 2 minutes, Orson? Do you think we can make one?
Can we make a complete pompom in 2 minutes?
No, exactly. So what we actually do is, Orson, yeah, we ignore the 2 minutes. Because the question says how many complete pom-poms can be made in 30 minutes. So in 30 minutes, Orson, within that 30 minutes time period, how many pom-poms can be made?
Yeah, we got 4 pom-poms, right, Orson? We got 4 pom-poms out there for 28 minutes. Yes, do you remember?
Yes, so over there, Orson, within 30 minutes we can actually make how many pom-poms? Can you tell me?
Over here, within 30 minutes, Orson, how many pom-poms can be made? Yes, we don't take the 2 minutes into count because we can't obviously make a pompom in 2 minutes, right, Orson? Because it takes 7 minutes. Yes. So in 28 minutes we made 4 pompoms. Do you see that?
Yes, so that would actually be the answer, Orson. So within 30 minutes we can actually make 4 pompoms. All right. All right, Orson, all good?
Okay, can you type in the answer on the empty blank space out there? Over here? Can you hear me clearly, Orson?
Okay, that's good.
Type in [unclear] how many complete pom-poms can be made in 30 minutes. What is the answer?
Alright, Orson, no worries. I'll explain the question to you all over again. Don't worry about that. Okay, that's why I'm there to help you. So can you try adjusting your microphone once again, Orson? I'm actually unable to hear you.
Alright, it's all good now. So what's the part that you're confused out here, Orson? Can you let me know?
Okay, Orson, I'll explain that part to you. So can you tell me how many minutes it takes to actually make one pom-pom?
7. Very good. So in the first 7 minutes, how many pom-poms can be made?
Yes, Orson. The first 7 minutes, how many pom-poms can be made?
Yeah, we can make one pom-pom in the first 7 minutes. Yes?
Yes. And in 14 minutes, how many pom-poms can be made?
Can you— yeah, can you repeat that, Orson?
14 minutes? How many pom-poms can be made? If it takes 7 minutes to make one pom-pom, in 14 minutes how many pom-poms can be made?
[unclear] Can you not hear me clearly, Orson?
Hello?
You can hear me, right? If there's an issue with your headphones, can you please let me know?
All right. Is it all good now? Are you completely sure?
Okay. Thank you for being honest out there, Orson.
Alright, so in the first 7 minutes we can make 1 pom-pom. Do you agree?
Yes, so we can make 1 pom-pom in the first 7 minutes. And in 14 minutes, how many pom-poms can we make?
2, very good. And in 21 minutes, how many pom-poms can be made?
3 pom-poms, that's right. And what about 28 minutes?
4. Very good. So let's get to the next pom-pom hallway. If we are making 5 pom-poms, how many minutes would it take? [unclear]
Okay, so 28 minutes for 4 pom-poms. When you go to the next pom-pom horse, what do you do to 28 minutes?
Okay, good try, Orson. So can you tell me how many minutes it would take for 5 pom-poms?
Yes, one pom-pom it takes 7 minutes, and to make 5 pom-poms, how many minutes does it take?
Very good, it takes 35 minutes.
That's right. So what's the question asking you to do, Orson? Can you read the second line out loud, please?
In 30 minutes. So what do you think, Orson? What would your answer be out there? Looking at this,
Yes, looking at this, how can you decide your answer?
Yes, we got 14 minutes. Okay, so looking at this hallway, yeah, if you go to your 5th pom-pom, do you see that it's surpassing 30 minutes? Yes?
Yes, so can we take a 5th pompom into consideration? Can we type our answer as 5 pompoms? Can we say that we can make 5 pompoms in 30 minutes? Can we say that?
Can we say that, Orson?
Hello?
Alright. Okay, Orson. So can I say that it would take 5 pom-poms that can be made in 30 minutes? Can I tell that I can actually make 5 pom-poms in 30 minutes? Can I say that?
No, very good. Why do you say so, Orson? [unclear]
Why do you say so?
That's right, it would have been 35. So they are asking us within 30 minutes, how many pom-poms can be made? So what's the closest minutes to 30 minutes, Orson? What's the What is the closest one?
28 minutes. And how many pom-poms can be made within that period, within 28 minutes? [unclear]
Very good. So what would your answer be out here, Orson? How many complete pom-poms can be made within 30 minutes? How many pom-poms do we have? [unclear] Yes, how many pom-poms can be made? What's the closest amount of pom-poms that can be made within 30 minutes?
Yes, well done, Orson, you worked that out very well. So do you feel much better now?
Yeah, we actually can't, right, Orson? Because they say that it takes 7 minutes to make one pompom. Yes, it takes 7 minutes to make one pompom, Orson. It takes 7 minutes to make one whole pompom. So that's why we actually can't take that into consideration. 2 minutes is not enough to make a pompom, right, Orson?
Yes, so that's why, Orson, we don't take that 2 minutes into consideration. We just ignore that and write the 4 complete pompoms that can be made within that time period, which is 28 minutes. Alright?
Okay, do you feel better now?
Yes, so don't worry, Orson. We'll do more questions like these and you'll gain more confidence. Can you read this question out loud and give it a try?
Can you repeat that, Orson? [Speaker:Orson]...is she thinking of the number 12? [Speaker:Tutor] Good try, Orson. So let's take 12 as the answer. So when you divide 12 by 5, can you tell me how much the remainder would be? [Speaker:Orson]...2. [Speaker:Tutor] Very good. You would get a remainder of 2 when you divide it by 5. [Speaker:Orson]...by 5. [Speaker:Tutor] So your first statement would be correct always. Can you divide it by 8 and tell me how much the remainder would be? [unclear] [unclear]
That's right. So when you divide it by 5, you would get a remainder of 2, and then they are saying when you divide 12 again by 8, you should get a remainder of 1. Do we actually get a remainder of 1 when we divide it by 8 whole squares?
No. How much do we get? What's the remainder? [unclear] Over here we get a remainder of 2. So your answer for the first statement would be correct. But over here, how much do we get? [unclear]
I can't hear you, Orson. Can you repeat it?
Very good, remainder 4. So is our statement correct for the second one? Can we actually take 12 [Speaker:Tutor]...into consideration? [Speaker:Orson]... [UNCLEAR]
What do you think? [Speaker:Orson]... [UNCLEAR]
Not really, right, Orson? Because they say when it is divided by 8, the remainder should be a 1. But we got a remainder of 4. So 12 cannot be the number that Tara is thinking of. Any other guesses, Orson? Anything that comes to your mind?
Okay, let's take 10. Alright, let's take 13. So 13 divided by 5, how much would the remainder be? [unclear] [unclear]
Yes, I can't hear you, Orson.
Okay, but I'm really impressed with your effort, Orson. You did not give up on the question. Well done. All right. Okay, so you were really close out here. So there's a method that we can actually use, Orson.
Alright, so can you first list the— yeah, can you list the first 5 multiples of— yeah, of 5?
Exactly. Can you list them right below Orson over here?
Thank you so much, Orson.
You can list them out here. Exactly. [unclear] What would the third multiple be, Orson? 5, 10, and then? [unclear]
15, very good. Can you type that in?
All right, so we need 2 more multiples. 20, and what's the last one? [unclear]
After 24, Orson?
25. Well done. So you listed the first 5 multiples of 5. So they say that when that particular number is divided by 5, they get a remainder of 2. So when we divide these by 5, do we actually get a remainder, Orson?
When we divide 10 by 5, do we get a remainder?
No, right? Like that, Orson, likewise we don't get any remainders for these. So what we do is we actually have to add in remainder of 2 to get our new number. So when you add 5, yeah, 5 add 2, what would your new number be, Orson? Can you type it over here? [unclear]
5 add 2. So you have 5 chocolates and your best friend gave you 2 more. How much would you have in total?
7, that's right. Can you type that in? So when you add the remainder of 2, you would get 7. Can you type it? [unclear] Exactly. How would you work out 10 add 2 halfway? What would that give you? 12. Can you work out the rest?
Well done. Go ahead.
What's 20 add 2?
That's 22. 25 add 2? [unclear]
What would 25 add to B. Hall's weight?
Very good. Can you type that in?
Exactly, this is— so over here, Orson, yeah, the same way, let's work it out for [UNCLEAR]. Can you list the first 3 multiples of 8? [Speaker:Orson]... [UNCLEAR] [Speaker:Tutor]...All right, that's enough, Orson. Well done. Okay, so Orson, how do we work out the remainder as 1? How do we work out our new number for the multiples of 8? How much do we add?
Yes, we have a remainder of 1, so we add 1 to that particular number, Orson. And what would your new number be?
8 add 1? 9, 16 add 1? 17, 24 add 1? [unclear] [unclear]
25. Very good. 32 add 1?
Yeah, 33. Very good. 40 add 1?
Alright, always. So now when we listed and got our new number, this means that when we divide 7 by 5, can you tell me how much the remainder would be? [unclear]
I can't hear you, Orson.
I can hear you now. All good. So now, Orson, we got our new numbers. So these numbers mean that when we actually divide them by 5, we can get a remainder of 2. Do you see that?
Yes, so over here, the multiples of 8, when we divide these numbers by 8, we get a remainder of 1. Yes?
Yes? Okay. So now they're asking, what number could she be thinking of? So it has to be a number when it's divided by 5, you get a remainder of 2. When it's divided by 8, you get a remainder of 1.
So looking at both the new numbers, [UNCLEAR], what's the common number for both? Do you see a common number? [Speaker:Orson] Yeah, 17.
17, good job. So what's the number that Tira could be thinking of?
17, well done. So you can type it into this blank space out here, Orson, that I've drawn for you. [unclear]
Very good. So now let's check if that answer is actually correct. So Tara is thinking of a 2-digit number. So have we got a 2-digit number?
Yes, very good. And when it is divided by 5, the remainder is 2. Can you divide 17 by 5 and tell me how much the remainder would be?
Very good, exactly.
Exactly, very good observation, Orson. And they say when that number is divided by 8, that's when would give you a remainder of 1. Can you divide 17 by 8 and tell me the remainder?
Very good. So is 17 the correct answer? [unclear] Yes, what do you say? Yes, Orson, go ahead. What were you saying?
Exactly, so you get 2 wholes, yeah, and a remainder of 1. So do you see that, Orson, when you divide 17 by 8, you get a remainder of 1?
Yes?
Yes, so is 17— yeah, this 17 [unclear] does it apply to all of the hints that you've given or clues?
Yes, so that means theorizing of 17. So Orson, can you give me— yeah, if you get such a question in your exam, can you give me an explanation of the steps you would take to solve this?
The remainder of 2? Yes?
Exactly.
Uh-huh. Then we add 2 to the next multiple, yeah?
Exactly. Good observation. That was a common number for both number sets. Well done, Orson. Awesome effort today. You were very dedicated. Keep up the good work. So since we're running out of time, Orson, I'll have to stop the session at this point for today. Are you cool with that?
Yes. Okay, so take care and have a wonderful week. Bye.","[BACKGROUND] [unclear]
[TUTOR] Hello?
[STUDENT] Hi, Orson. Can you hear me?
[TUTOR] Yeah.
[STUDENT] All right. Thank you so much for confirming on that. So how are you doing today?
[TUTOR] Good.
[STUDENT] You're good. And how was your week, Orson?
[STUDENT] Fine.
[TUTOR] It was fine. So did anything interesting happen during the week? Anything fun?
[STUDENT] No.
[TUTOR] Not really. All right. So, but was it just like a normal week that you usually have, Orson?
[STUDENT] Yeah.
[TUTOR] All right, Orson. Okay, but it's good to hear that you're doing great. All right, so I can't actually hear you very loudly, Orson. Yeah, your voice seems very soft. Yeah, I think it's because of your headphones. That's what you told me in the last session, right, Orson?
[STUDENT] Yeah.
[TUTOR] Yes. Can you try adjusting your microphone a little? Is that possible?
[STUDENT] Every time I adjust it, it won't come closer.
[TUTOR] I see, Orson. Alright. So it was okay now for like a few seconds, but again it's— yeah, I can't hear you, Orson.
[STUDENT] Can you hear me now?
[TUTOR] Yes, I can hear you now, Orson. Did you just adjust it?
[STUDENT] Yeah.
[TUTOR] All right. Okay, Orson. Okay, thank you so much for adjusting it out there. All right, so are you ready to start a session for today?
[STUDENT] Uh, yeah.
[TUTOR] Yes, okay. So in our last session, we started this lesson, so Solving real-life problems with remainders, and we've got to start from Part D today. Do you remember completing these questions, Orson, till Part C?
[STUDENT] Yeah.
[TUTOR] Yes. Can you read the— yeah, can you read this question out loud and give it a try? [unclear]
[STUDENT] It takes 7 minutes to make a pom-pom. How many complete pom-poms can be made in 30 minutes?
[TUTOR] How would you work this out, Orson? [Speaker:Orson]...37... 30 divided by 7. [Speaker:Background] 30 divided by 7. Well done, Orson. Very good observation out there. [unclear]
[TUTOR] How's it going, Orson?
[STUDENT] [unclear]
[TUTOR] Well done! That would be 4 and a remainder of 2. Can you just type your answer inside this box? Fox Tanner, for now. Amazing effort today. Keep it up. I can see you working very hard. Well done! So, Orson, how many pom-poms can actually be made within 30 minutes?
[STUDENT] [unclear]
[TUTOR] How many whole pom-poms, Orson? What do you think? Yes, they say it takes 7 minutes to make one pom-pom. So they're asking you how many— Yes, I can't hear you very clearly, Orson. Is it possible to just adjust your [UNCLEAR]? [Speaker:Orson] I think it's the background.
[STUDENT] I'll be able to do 6 pom-poms.
[TUTOR] Very good try, Orson. So why do you say it's 6 pom-poms? [unclear] Did you add 4 and 2?
[STUDENT] Yeah.
[TUTOR] Alright, but that was a good try. You were not giving up on the question, Orson. I can see your commitment. [Speaker:Tutor]...dedication to this session. Alright, so over here, Orson, 4 is actually the complete pom-poms that can be made, because do you remember you divided 30 by 7? [Speaker:Orson] Yeah.
[TUTOR] And you got 4 pom-poms out there, so that's how many complete pom-poms, Orson. Alright. And the remaining 2 over here, that's how many minutes are left. All right, Orson, there are 2 minutes that are left. 2 minutes left. So in 2 minutes, can you make another pom-pom, Orson? Can we do that?
[STUDENT] Yeah. [unclear]
[TUTOR] All right.
[STUDENT] We can do 3 pom-poms. Over here, Orson, we got 4 complete pom-poms. So which is— yeah, 4, meaning Orson, that is in 28 minutes you can make 4 pom-poms. Do you agree?
[STUDENT] Yeah. [unclear]
[TUTOR] Yes? I can't hear you once again, Orson. Your voice is very soft. All right. Is it very difficult for you to continuously adjust it, Orson?
[STUDENT] No.
[TUTOR] No, are you sure? Because if it is, yeah, you can get the help of your teacher and maybe you could change your headset. Would that be better?
[STUDENT] No, I'm fine.
[TUTOR] You're fine, all right. Just let me know if it gets very difficult, all right? Okay, all good?
[STUDENT] Yeah.
[TUTOR] All right. Okay, Orson, so there we go. We got 4 complete pom-poms that can be made in 28 minutes. And out of that we got a remainder of 2 minutes. So we actually can't make a pompom in 2 minutes because, Orson, they say that it takes 7 minutes to make one pompom. Do you see that?
[STUDENT] Yeah.
[TUTOR] Yes, so what do we do out here, Orson? How many complete pompoms can we write as our answer? [unclear] [Speaker:Orson]...5. [Speaker:Tutor] Okay, good try, but we can't take those 2 minutes into consideration, Orson. Why do you think so? Why do you think so, Orson? Over here they've actually mentioned that it takes 7 minutes to make a whole pompom. So can we do anything with 2 minutes?
[TUTOR] Can we do anything, Orson?
[STUDENT] Yeah.
[TUTOR] Yeah, what can we do, Orson? Can we make a pompom in 2 minutes when they've said us, yeah, they've told us that it takes 7 minutes? Can we do anything with these 2 minutes?
[STUDENT] Yeah.
[TUTOR] What do you think? And why do you say so, Orson? Yes, can you give me a small explanation on that? Yeah, it's totally normal to make mistakes, Orson. Yeah, we totally learn from them. All right, why do you think, Orson? [unclear]
[STUDENT] Because you can make
[STUDENT] 7 pom-poms. You can make 1 pom-pom in 7 minutes. So in 2 minutes you can make half of a pom-pom.
[TUTOR] In 2 minutes? Okay, alright, so you can make half a pom-pom. You're right about that, Orson, we can make nearly a half. But over here, are they asking us half pom-poms or are they asking us [UNCLEAR]? How many complete pom-poms can be made? What do you think the question is asking you?
[STUDENT] Uh... How many pom-poms can be made in 30 minutes?
[TUTOR] Exactly! So they are asking you the complete pom-poms that can be made. Therefore, Orson, you cannot take the remainder 2 minutes into consideration So over here we got 4 whole pom-poms that can be made. Do you see that? 4 whole pom-poms that can be made in 30 minutes. So let's try it this way, Orson. Yeah, in the first 7 minutes, how many pom-poms can be made?
[STUDENT] One.
[TUTOR] One. Very good. All right, in the first 7 minutes you can make one pom-pom. All right, and what about 14 minutes, Orson? How many pom-poms can you make in 14 minutes?
[STUDENT] 2.
[TUTOR] You can make 2. Can you go ahead and type it over there? Is that possible? [unclear] Over here, Orson, write it. 14 minutes. Well done! All right, so what's the next— yeah, next multiple out there, Orson?
[STUDENT] Um, we got 7, 14.
[TUTOR] What is the third multiple of 7? [unclear] [unclear]
[TUTOR] So the first 7 minutes, one pom-pom. In 14 minutes, you can make two pom-poms. You can—
[STUDENT] What do you—
[TUTOR] Hello?
[TUTOR] Can you hear me? [unclear] I can hear you. How many minutes would that be?
[STUDENT] To make 3 pom-poms.
[TUTOR] Exactly. 3 pom-poms, how many minutes will it take Orson? [unclear]
[STUDENT] 21 minutes.
[TUTOR] Well done, it would take 21 minutes. So shall we move on to 4 pom-poms? How many minutes would that be?
[STUDENT] 28.
[TUTOR] 28 minutes. So how many minutes have they given us in total, Orson?
[STUDENT] Uh, 4 minutes.
[TUTOR] Over here, how many total minutes have they told us? They are giving us only a total of 30 minutes, right, Orson?
[STUDENT] Yeah.
[TUTOR] Yes, so in 30 minutes they are asking within 30 minutes, How many complete or whole pom-poms can be made? Alright, so from 28 minutes to 30 minutes, how many minutes are remaining, Orson? [unclear]
[TUTOR] From 28 minutes, Orson? Yeah. In 28 minutes we can make 4 pom-poms. Do you agree?
[STUDENT] Yeah.
[BACKGROUND] Yeah.
[TUTOR] Yes. In the question— yes, Orson, good job— but in the question they are saying how many complete pom-poms can be made in 30 minutes. All right, so from 28 minutes, Orson, when you get to 30 minutes, what's the difference in minutes? [unclear]
[TUTOR] Yeah. Can you try counting on from 28 to 30, Orson?
[STUDENT] 2.
[TUTOR] 2. Very good. That would be 2 minutes left. Do you see that? Yes? Hello? Can you hear me, Orson? [unclear] Okay, that's good. So in 2 minutes, can we actually make a pompom in 2 minutes, Orson? Do you think we can make one?
[STUDENT] Yeah.
[TUTOR] Can we make a complete pompom in 2 minutes?
[STUDENT] No.
[TUTOR] No, exactly. So what we actually do is, Orson, yeah, we ignore the 2 minutes. Because the question says how many complete pom-poms can be made in 30 minutes. So in 30 minutes, Orson, within that 30 minutes time period, how many pom-poms can be made?
[STUDENT] Um... half of a pom-pom?
[TUTOR] Yeah, we got 4 pom-poms, right, Orson? We got 4 pom-poms out there for 28 minutes. Yes, do you remember?
[STUDENT] Mm-hmm.
[TUTOR] Yes, so over there, Orson, within 30 minutes we can actually make how many pom-poms? Can you tell me?
[STUDENT] [unclear]
[TUTOR] Over here, within 30 minutes, Orson, how many pom-poms can be made? Yes, we don't take the 2 minutes into count because we can't obviously make a pompom in 2 minutes, right, Orson? Because it takes 7 minutes. Yes. So in 28 minutes we made 4 pompoms. Do you see that?
[STUDENT] Yeah.
[TUTOR] Yes, so that would actually be the answer, Orson. So within 30 minutes we can actually make 4 pompoms. All right. All right, Orson, all good?
[STUDENT] Yeah.
[TUTOR] Okay, can you type in the answer on the empty blank space out there? Over here? Can you hear me clearly, Orson?
[STUDENT] Yeah, I can.
[TUTOR] Okay, that's good.
[TUTOR] Type in [unclear] how many complete pom-poms can be made in 30 minutes. What is the answer?
[STUDENT] I don't understand.
[TUTOR] Alright, Orson, no worries. I'll explain the question to you all over again. Don't worry about that. Okay, that's why I'm there to help you. So can you try adjusting your microphone once again, Orson? I'm actually unable to hear you.
[STUDENT] Yeah.
[TUTOR] Alright, it's all good now. So what's the part that you're confused out here, Orson? Can you let me know?
[STUDENT] You know, like, you don't count 2 minutes and then you count for the 30 thing. I don't understand.
[TUTOR] Okay, Orson, I'll explain that part to you. So can you tell me how many minutes it takes to actually make one pom-pom?
[STUDENT] Um... 7?
[TUTOR] 7. Very good. So in the first 7 minutes, how many pom-poms can be made?
[STUDENT] [unclear]
[TUTOR] Yes, Orson. The first 7 minutes, how many pom-poms can be made?
[TUTOR] Yeah, we can make one pom-pom in the first 7 minutes. Yes?
[STUDENT] Yeah.
[TUTOR] Yes. And in 14 minutes, how many pom-poms can be made?
[STUDENT] Um, in 14 minutes, [UNCLEAR].
[STUDENT] [unclear]
[TUTOR] Can you— yeah, can you repeat that, Orson?
[STUDENT] It's 14 minutes, Orson.
[TUTOR] 14 minutes? How many pom-poms can be made? If it takes 7 minutes to make one pom-pom, in 14 minutes how many pom-poms can be made?
[TUTOR] [unclear] Can you not hear me clearly, Orson?
[STUDENT] Yeah.
[TUTOR] Hello?
[STUDENT] Yeah, I can hear.
[TUTOR] You can hear me, right? If there's an issue with your headphones, can you please let me know?
[STUDENT] Yeah.
[TUTOR] All right. Is it all good now? Are you completely sure?
[STUDENT] Yes.
[TUTOR] Okay. Thank you for being honest out there, Orson.
[TUTOR] Alright, so in the first 7 minutes we can make 1 pom-pom. Do you agree?
[STUDENT] Yeah.
[TUTOR] Yes, so we can make 1 pom-pom in the first 7 minutes. And in 14 minutes, how many pom-poms can we make?
[STUDENT] Uh... [unclear]
[BACKGROUND] 14, Orson. 1, 4, 1, 9, 4, 4. Yes.
[STUDENT] Uh, 2.
[TUTOR] 2, very good. And in 21 minutes, how many pom-poms can be made?
[STUDENT] 21 minutes, there could be made 3 pom-poms.
[TUTOR] 3 pom-poms, that's right. And what about 28 minutes?
[STUDENT] 4.
[TUTOR] 4. Very good. So let's get to the next pom-pom hallway. If we are making 5 pom-poms, how many minutes would it take? [unclear]
[STUDENT] 30 minutes would have been 5.
[TUTOR] Okay, so 28 minutes for 4 pom-poms. When you go to the next pom-pom horse, what do you do to 28 minutes?
[STUDENT] Uh, you round it up.
[TUTOR] Okay, good try, Orson. So can you tell me how many minutes it would take for 5 pom-poms?
[STUDENT] [unclear]
[TUTOR] Yes, one pom-pom it takes 7 minutes, and to make 5 pom-poms, how many minutes does it take?
[STUDENT] 35 minutes.
[TUTOR] Very good, it takes 35 minutes.
[TUTOR] That's right. So what's the question asking you to do, Orson? Can you read the second line out loud, please?
[STUDENT] How many pom-poms— how many complete pom-poms can be made in 30 minutes?
[TUTOR] In 30 minutes. So what do you think, Orson? What would your answer be out there? Looking at this,
[TUTOR] Yes, looking at this, how can you decide your answer?
[STUDENT] [unclear]
[TUTOR] Yes, we got 14 minutes. Okay, so looking at this hallway, yeah, if you go to your 5th pom-pom, do you see that it's surpassing 30 minutes? Yes?
[STUDENT] Mm-hmm.
[TUTOR] Yes, so can we take a 5th pompom into consideration? Can we type our answer as 5 pompoms? Can we say that we can make 5 pompoms in 30 minutes? Can we say that?
[BACKGROUND] Yeah.
[TUTOR] Can we say that, Orson?
[STUDENT] [unclear] I can't hear you very clearly, Linnea. Yeah, I can't actually hear you. Yeah, still not very clear, Linnea. Your voice is very soft.
[TUTOR] Hello?
[BACKGROUND] Okay, it's all good now. Would you like to change your headset, Linnea? Would you like to?
[STUDENT] Yeah. No, I'm fine.
[BACKGROUND] Yeah, okay. Are you sure, Linnea?
[STUDENT] Yeah.
[TUTOR] Alright. Okay, Orson. So can I say that it would take 5 pom-poms that can be made in 30 minutes? Can I tell that I can actually make 5 pom-poms in 30 minutes? Can I say that?
[STUDENT] [unclear] No.
[TUTOR] No, very good. Why do you say so, Orson? [unclear]
[TUTOR] Why do you say so?
[STUDENT] Because 30— it would have been 35.
[TUTOR] That's right, it would have been 35. So they are asking us within 30 minutes, how many pom-poms can be made? So what's the closest minutes to 30 minutes, Orson? What's the What is the closest one?
[STUDENT] 28 minutes.
[TUTOR] 28 minutes. And how many pom-poms can be made within that period, within 28 minutes? [unclear]
[STUDENT] Within 28 minutes, there could have been made 4 pom-poms.
[TUTOR] Very good. So what would your answer be out here, Orson? How many complete pom-poms can be made within 30 minutes? How many pom-poms do we have? [unclear] Yes, how many pom-poms can be made? What's the closest amount of pom-poms that can be made within 30 minutes?
[STUDENT] 24. Oh, very good. So there you go, Orson, that could be your answer. Can you type it in?
[STUDENT] Yeah.
[TUTOR] Yes, well done, Orson, you worked that out very well. So do you feel much better now?
[STUDENT] Wait, what? Don't you have a remainder though?
[BACKGROUND] We actually have a remainder of 2 minutes. You're right, Orson. But can we actually make a complete pompom in 2 minutes? Can we do that?
[STUDENT] [unclear]
[TUTOR] Yeah, we actually can't, right, Orson? Because they say that it takes 7 minutes to make one pompom. Yes, it takes 7 minutes to make one pompom, Orson. It takes 7 minutes to make one whole pompom. So that's why we actually can't take that into consideration. 2 minutes is not enough to make a pompom, right, Orson?
[STUDENT] Mm-hmm.
[TUTOR] Yes, so that's why, Orson, we don't take that 2 minutes into consideration. We just ignore that and write the 4 complete pompoms that can be made within that time period, which is 28 minutes. Alright?
[STUDENT] Mm-hmm.
[TUTOR] Okay, do you feel better now?
[STUDENT] Yeah.
[TUTOR] Yes, so don't worry, Orson. We'll do more questions like these and you'll gain more confidence. Can you read this question out loud and give it a try?
[BACKGROUND] Tutor is thinking of a 2-digit number. One is divided by 5, the remainder is 2. One is divided by 8, the remainder is 1. What number could she be thinking of? [unclear]
[STUDENT] [unclear]
[TUTOR] Can you repeat that, Orson? [Speaker:Orson]...is she thinking of the number 12? [Speaker:Tutor] Good try, Orson. So let's take 12 as the answer. So when you divide 12 by 5, can you tell me how much the remainder would be? [Speaker:Orson]...2. [Speaker:Tutor] Very good. You would get a remainder of 2 when you divide it by 5. [Speaker:Orson]...by 5. [Speaker:Tutor] So your first statement would be correct always. Can you divide it by 8 and tell me how much the remainder would be? [unclear] [unclear]
[STUDENT] The remainder would have been 12 because 5 times 2 is 10, and then you need to get 12, you add 2 on which will make 12.
[TUTOR] That's right. So when you divide it by 5, you would get a remainder of 2, and then they are saying when you divide 12 again by 8, you should get a remainder of 1. Do we actually get a remainder of 1 when we divide it by 8 whole squares?
[STUDENT] No.
[TUTOR] No. How much do we get? What's the remainder? [unclear] Over here we get a remainder of 2. So your answer for the first statement would be correct. But over here, how much do we get? [unclear]
[STUDENT] Yes, I can hear you, Thaddeus. What would 12 divided by 8 be, Orson? [unclear]
[TUTOR] I can't hear you, Orson. Can you repeat it?
[STUDENT] It would have been once remainder 4.
[TUTOR] Very good, remainder 4. So is our statement correct for the second one? Can we actually take 12 [Speaker:Tutor]...into consideration? [Speaker:Orson]... [UNCLEAR]
[TUTOR] What do you think? [Speaker:Orson]... [UNCLEAR]
[TUTOR] Not really, right, Orson? Because they say when it is divided by 8, the remainder should be a 1. But we got a remainder of 4. So 12 cannot be the number that Tara is thinking of. Any other guesses, Orson? Anything that comes to your mind?
[STUDENT] Uh, 7— no, 10.
[TUTOR] Okay, let's take 10. Alright, let's take 13. So 13 divided by 5, how much would the remainder be? [unclear] [unclear]
[TUTOR] Yes, I can't hear you, Orson.
[STUDENT] I don't have any more guesses. I don't have any more guesses.
[TUTOR] Okay, but I'm really impressed with your effort, Orson. You did not give up on the question. Well done. All right. Okay, so you were really close out here. So there's a method that we can actually use, Orson.
[TUTOR] Alright, so can you first list the— yeah, can you list the first 5 multiples of— yeah, of 5?
[STUDENT] [unclear]
[TUTOR] Exactly. Can you list them right below Orson over here?
[STUDENT] Let me do that for you.
[TUTOR] Thank you so much, Orson.
[TUTOR] You can list them out here. Exactly. [unclear] What would the third multiple be, Orson? 5, 10, and then? [unclear]
[STUDENT] 15.
[TUTOR] 15, very good. Can you type that in?
[TUTOR] All right, so we need 2 more multiples. 20, and what's the last one? [unclear]
[TUTOR] After 24, Orson?
[STUDENT] [unclear] 25.
[TUTOR] 25. Well done. So you listed the first 5 multiples of 5. So they say that when that particular number is divided by 5, they get a remainder of 2. So when we divide these by 5, do we actually get a remainder, Orson?
[STUDENT] [unclear]
[TUTOR] When we divide 10 by 5, do we get a remainder?
[STUDENT] [unclear]
[TUTOR] No, right? Like that, Orson, likewise we don't get any remainders for these. So what we do is we actually have to add in remainder of 2 to get our new number. So when you add 5, yeah, 5 add 2, what would your new number be, Orson? Can you type it over here? [unclear]
[TUTOR] 5 add 2. So you have 5 chocolates and your best friend gave you 2 more. How much would you have in total?
[STUDENT] 7.
[TUTOR] 7, that's right. Can you type that in? So when you add the remainder of 2, you would get 7. Can you type it? [unclear] Exactly. How would you work out 10 add 2 halfway? What would that give you? 12. Can you work out the rest?
[STUDENT] [unclear]
[TUTOR] Well done. Go ahead.
[TUTOR] What's 20 add 2?
[STUDENT] Oh, right. [unclear]
[TUTOR] That's 22. 25 add 2? [unclear]
[TUTOR] What would 25 add to B. Hall's weight?
[STUDENT] 25 add to [unclear] 27.
[TUTOR] Very good. Can you type that in?
[TUTOR] Exactly, this is— so over here, Orson, yeah, the same way, let's work it out for [UNCLEAR]. Can you list the first 3 multiples of 8? [Speaker:Orson]... [UNCLEAR] [Speaker:Tutor]...All right, that's enough, Orson. Well done. Okay, so Orson, how do we work out the remainder as 1? How do we work out our new number for the multiples of 8? How much do we add?
[TUTOR] Yes, we have a remainder of 1, so we add 1 to that particular number, Orson. And what would your new number be?
[STUDENT] Uh...
[TUTOR] 8 add 1? 9, 16 add 1? 17, 24 add 1? [unclear] [unclear]
[TUTOR] 25. Very good. 32 add 1?
[STUDENT] 30.
[TUTOR] Yeah, 33. Very good. 40 add 1?
[STUDENT] 41.
[TUTOR] Alright, always. So now when we listed and got our new number, this means that when we divide 7 by 5, can you tell me how much the remainder would be? [unclear]
[TUTOR] I can't hear you, Orson.
[STUDENT] Yeah?
[TUTOR] I can hear you now. All good. So now, Orson, we got our new numbers. So these numbers mean that when we actually divide them by 5, we can get a remainder of 2. Do you see that?
[STUDENT] Mm-hmm.
[TUTOR] Yes, so over here, the multiples of 8, when we divide these numbers by 8, we get a remainder of 1. Yes?
[BACKGROUND] [unclear] Yes.
[TUTOR] Yes? Okay. So now they're asking, what number could she be thinking of? So it has to be a number when it's divided by 5, you get a remainder of 2. When it's divided by 8, you get a remainder of 1.
[TUTOR] So looking at both the new numbers, [UNCLEAR], what's the common number for both? Do you see a common number? [Speaker:Orson] Yeah, 17.
[TUTOR] 17, good job. So what's the number that Tira could be thinking of?
[STUDENT] 17.
[TUTOR] 17, well done. So you can type it into this blank space out here, Orson, that I've drawn for you. [unclear]
[TUTOR] Very good. So now let's check if that answer is actually correct. So Tara is thinking of a 2-digit number. So have we got a 2-digit number?
[STUDENT] Yeah.
[TUTOR] Yes, very good. And when it is divided by 5, the remainder is 2. Can you divide 17 by 5 and tell me how much the remainder would be?
[STUDENT] The remainder would have been 2.
[TUTOR] Very good, exactly.
[STUDENT] [unclear] remainder 2.
[TUTOR] Exactly, very good observation, Orson. And they say when that number is divided by 8, that's when would give you a remainder of 1. Can you divide 17 by 8 and tell me the remainder?
[STUDENT] Twice remainder 1.
[TUTOR] Very good. So is 17 the correct answer? [unclear] Yes, what do you say? Yes, Orson, go ahead. What were you saying?
[STUDENT] I was saying the [unclear] 17 divided by 8 is twice remainder 1.
[TUTOR] Exactly, so you get 2 wholes, yeah, and a remainder of 1. So do you see that, Orson, when you divide 17 by 8, you get a remainder of 1?
[TUTOR] Yes?
[STUDENT] Yeah.
[TUTOR] Yes, so is 17— yeah, this 17 [unclear] does it apply to all of the hints that you've given or clues?
[STUDENT] Yeah.
[TUTOR] Yes, so that means theorizing of 17. So Orson, can you give me— yeah, if you get such a question in your exam, can you give me an explanation of the steps you would take to solve this?
[STUDENT] Yes. How would you solve this question? Can I have an explanation?
[STUDENT] Yeah, so from the hints they gave, right, from the hints they gave us, so it's, right, it's— so I did 5 5 plus... 5 plus... [unclear]
[TUTOR] The remainder of 2? Yes?
[STUDENT] Yeah, and then you plus it by 2, and then...
[TUTOR] Exactly.
[STUDENT] And then...
[STUDENT] And what you do next is, um, so you do, you, you, you do, so, um, then you do, um...
[TUTOR] Uh-huh. Then we add 2 to the next multiple, yeah?
[STUDENT] And then that'll give you the answer. [unclear] Exactly. So for the multiples of 5, you add the remainder of 2, and multiples of 8, you add the remainder of 1. And how did we know that 17 would be the answer? How did we check that out, Orson? [unclear]
[STUDENT] Because there were common numbers that fit.
[TUTOR] Exactly. Good observation. That was a common number for both number sets. Well done, Orson. Awesome effort today. You were very dedicated. Keep up the good work. So since we're running out of time, Orson, I'll have to stop the session at this point for today. Are you cool with that?
[STUDENT] Yeah.
[TUTOR] Yes. Okay, so take care and have a wonderful week. Bye.
[STUDENT] Bye. [unclear] [unclear] [Speaker:Orson]... [UNCLEAR] [unclear] [Speaker:Orson]... [unclear]"
mwnfjpm,Solving real-life problems with remainders.,0.29903772,"Hello.
Hi.
I'm good.
In math, we learnt like fractions.
Yeah.
We were learning about [UNCLEAR].
Yeah.
Yeah.
[unclear] The number that's being divided, it's called—
The dividend.
A divisor.
Hello?
Yeah.
I didn't hear the last part.
Because when we are putting them in 3 groups,
[unclear]
Put them in a tent.
[unclear]
Because, um, if You wanted to put them in plates. [unclear] There's 5 plates, you need one more.
How many full plates?
Yeah.
Okay.
It takes 7 minutes to make a pom-pom. How many complete pom-poms can be made in 30 minutes? [unclear]
4.
Because if you have 7 and you want to make that
If it's 7 minutes and you want to make pom-poms, in 30 minutes you can do on your hands like 7 to 30.
[UNCLEAR]
Adding. [unclear]
Timesing? I mean dividing?
Uh, 7?
7 divided by 30.
[unclear]
When you like, when you are dividing and you have a number.
4.
Uh, yes.
2.
Yeah.
[unclear] is thinking of a 2-digit number. When it is divided by 5, the remainder is 2. When it is divided by 8, the remainder is 1. What number is she thinking of? [unclear]
Because it's all the same.
Like I did like a [unclear] number and then I added all the fees.
[UNCLEAR]
by 5 and the remainder, it's— when it is divided by 5, the remainder is 2.
The remainder is 1.
[unclear] 3.
No.
2.
Hmm, I'd say
That you would probably— [unclear] Thank you.
You would— I think you would—
Yeah, 11.
One time? [unclear]
Because 8 times...
16.
Yeah.
One?
2.
[unclear]
Figure out a different division question with a different [UNCLEAR]. Okay, what if we try a different number, Thaddeus? Can you think of a different number instead of 18? [unclear] Okay, but let's look at this again. So 18, when you divide, you get remainder 3, but what do we actually need? [unclear]
Well, 9. [unclear]
Yeah.
5, 10.
[unclear]
Yeah.
Yes.
Yeah.
A single digit number.
9.
12.
17.
22.
[unclear]
Yeah.
5s.
8.
Uh...
17.
20... [unclear] 5.
3 itself. Do we have any number that is same?
Maybe [unclear] 17?
That the number that you have to add 5 is like one less and one more.
Yeah.
So, to find the remainder, does this help me? Like the remainders? So, if you're in your 7s, then you add, like, some 10, and then you add 2 to it, and then it's 9. 12, and then your remainder is 2.
They're multiples of 5.
[unclear]
Yeah.
We used 8 times table. [unclear] Added 1.
To get the remainder. Remainder of 1, right? Great explanation there, Thaddeus. Okay, and then after finding the set of numbers, what did you do next? [unclear]
And we saw which one was like similar, like 17 and 17.
Yeah.
Okay.
Yeah.
Rounding decimals to the nearest whole number.
Round 5.6 to the nearest whole number.
I have always thought questions like x were more high school things, so before I used to be super scared of those questions. What is that? [unclear]
6.7.
Ben measures a line that is between 2 centimetres and 3 centimetres. What could the length of the line be? [unclear]
Ben measures the line that is between 2 centimetres and 3 centimetres.
No.
5 centimetres.
Yeah.
There are numbers that lie between whole numbers. We can use [unclear] as an example.
When it's like a number altogether.
For example, a whole number kind of looks like a fraction.
Yeah? Is it a yes or a no? [unclear] Okay. All right. So do whole numbers have decimals or fractions in them?
No.
11.
1?
Uh, one, two, three, four, five, six, seven, eight, nine, ten. [unclear]
It's a little difficult, no? But anyway, something that we can think is there would be 9 lines in between 0 and 1. Okay, so it goes like 0.1, 0.2, 0.3, 0.4, 0.5, 0.6, 0.7, 0.8, 0.9, and then 1. Okay, so the 10th line is actually the one. [unclear]
2.3.
20. [unclear]
Okay.
[unclear]","Hi, Thaddeus.
That's great, that's great. So, so far, what did you do at school, Thaddeus?
Oh, that's actually a good lesson. Did you find it interesting as well? [unclear]
Did you find it interesting? Did you enjoy the lesson? Thaddeus?
That's great. Apart from maths, what else did you study so far?
Oh, okay. Did you like it?
Okay, that's great, that's great. Yeah, thank you so much for sharing all of that, Thaddeus. Do you have anything else to add? [unclear]
Okay, I really appreciate you sharing those things with me. And shall we get started with the lesson, Thaddeus?
Okay, so today we are going to continue our last week's lesson, which was about solving real-life problems with remainders. Yeah? Okay, so we actually went through these parts. We'll just recall what we did so far. So whenever we have a number and we're dividing it by another number, what do we call the number that is being divided, Thaddeus?
Yeah. It's called?
Very good. The dividend. So the number that is being divided is called the dividend. What do we call the number that we divide by?
Very good, Thaddeus. Great, great recalling there. Here you go with the praise pack for that. And can you remember there was a
There was an instance where we spoke about 30 children and also, you know, making them sort of fit into cars or asking them to go in a car. Not really a car, I'm sorry. We were thinking about tents where all of these 30 children could fit into. Right? So there were 30 and we— [unclear] We can put only 4 children in one tent, and we were supposed to see how many tents we need for all of these 30 children. [unclear]
Hello?
Yes, Thaddeus, can you hear me?
Yeah, so did you hear what I said earlier?
Okay, let me repeat that again. So we had 30 children and we looked how many— we looked into how many tens we need for all 30 children. Okay, so remember what we did? We divided the 30 by 4 because 4 is the total number of children that could fit in a ten. Okay, so if 4 children could fit in 1 ten, we are checking how many tens we need. So we got 7 remainder 2. But if you recall, we write the answer— we wrote the answer as 8. Do you recall why, Thaddeus? [unclear]
Yeah, 2 of them were left out. And do we need to put these 2 children also in a tent, or should we just keep them as it is without a tent?
Exactly, because they're asking how many tents are needed for all 30 children, right? So in that case, we need another extra tent to put these 2 children as well. Therefore, 8 tens are needed, right? But if you look at this one, there were 34 biscuits, and they also mentioned that 6 biscuits could go into one plate. But they asked how many full plates of 6 we can make, right?
So we divided 34 by the number of biscuits that go in a plate, which is 6. 6, and we found out it as 5 remainder 4. So what was the answer? Was it 6 or 5 for this question? [unclear]
Yes, very good, Thaddeus. That is 5. But why is it 5 and not 6 this time?
Okay, is the question asking us to check how many plates do we need to put all 34 biscuits, or are they asking how many full plates of 6 are there? What are they asking?
Exactly. So if they are just asking about the total number of full plates that we can make, that means only these 5. But if they ask, okay, how many plates do we need to put all these 30 food, then that will be 6. Was it clear?
Yeah, it's based on what they're asking us to find. Okay, so since they're asking only full plates, we're just putting 5. Okay, so great recording there. I really appreciate you. Staying focused and answering all the questions I asked so far. So today we are going to start off from this part over here. Okay?
Let's go ahead. Thaddeus, you can read out the question and you can find it.
That's right, 4. How did you find that, Thaddeus?
Yes. Okay. Very good. Okay. So that will be 4. So what calculation should we use over here, Thaddeus, if you were to write the calculation?
What is— are we dividing or multiplying, adding, subtracting here?
Okay, if you're dividing, what is the calculation you need to use?
Okay. [unclear] Yeah, can you write it here? Can you use symbols? [unclear]
Okay, all right, that's actually a good attempt there. Right, let me ask you a small question. So you mentioned 7. Let me just write it here, 7 divided by 30. Okay, so could you tell me What is the number that should be divided? Is it 7 or 30?
Hmm, okay. Now they're asking, they're actually telling us to make one pom-pom it takes 7 minutes and they have given us 30 minutes altogether and they are asking how many pom-poms we can make.
Which number should we divide? [unclear]
Yes, that would be 30. That is the bigger number, right? This is the number of minutes that takes to make a pom-pom, and they are asking how much we can make in 30 minutes. So 30 should come first, okay? So 30 is— is it the divisor or the dividend, Thaddeus? [unclear]
Very good, it's the dividend. And the divisor, what is the divisor?
Exactly, the number that you're dividing by. So So what is the number that you're dividing by? [unclear]
Okay, 30 divided by 7. Okay, that's how you say it. All right. Okay, good job, Thaddeus. I really appreciate you trying. Okay, so what is that equal to?
Yes, 4. Do we have any remainders?
Aha, how many remainders are there?
Very good, Thaddeus. I really like the way you work this out. So here you go. So the answer should be— [unclear] You're welcome, Thaddeus. Can we write the answer here? So the number of pom-poms you can make is only
4. Exactly, because that's how many groups of 7s we can make out of 30. Okay, great work. I really like the way you work this out. So here you go with another praise card for being really focused, Thaddeus. Okay, so with that, Thaddeus, shall we go to the next part?
Okay, let's have a look at this question here. So you can read the question carefully, and if you need any help, I'm here to help you out. Let's get started, Thaddeus.
Okay, that's actually a good try. Could you tell me how you came up with that answer?
Okay, what do you mean by that, Thaddeus? Can you explain it to me?
Oh, okay.
Okay, okay, that's actually a good try. Let me give you another praise card for the effort. Okay, first of all, you mentioned about having a 2-digit number. That was clear. What did you understand from the second sentence?
Very good. Yes, that's really good reading there. So if you have a 2-digit number and when it's divided by 5, there would be a remainder of 2. Yeah, and what happens to this number when it's divided by 8?
Exactly. So you mentioned 18. So let's see, when you divide 18 by 5, what is the remainder we get? [unclear]
Okay, 3. So do you think 18 is the number?
No, because instead of 3, we should get?
Exactly. And if you divide 18 by 8, what do you think we would get?
Yeah.
How many times 8 would go into 18, Thaddeus?
Okay, that's pretty good.
Yeah, why? Because 8 times 2 is?
What is 8 times 2?
Very good, 16. So if 8 times 2 is 16, do we have a remainder?
Uh-huh. What is the remainder? So we're dividing 18, but 8 actually goes only twice, which is 16. So the remainder is?
Hmm. What is 18 [UNCLEAR]?
Yeah, that's right. Good thinking there, Thaddeus. Let me give you another praise card.
So you're doing so—
You're welcome, Thaddeus. You're doing great so far. Okay, so this one, 5 goes 3 times because 3 times 5 is 15, and you said there's a remainder of 3, right? So because of this reason, can we go ahead with 18? Can we say that this 2-digit number would be 18?
No, it's not. Okay. What do you think we should do next, Thaddeus? If this 18 is not the number, what is the next step?
Yeah, 2. So think about a number that gives you 2 instead of 3 when you divide by 5. What would that be? [unclear]
Okay, would you like to write down all the multiples of 5?
Okay, we'll write all the multiples of 5. 5, okay, you go ahead. It's okay, so you can write.
Uh-huh. That's right. [unclear] Yes, we write until 25. [unclear] Yeah. [unclear] Okay, so for the number to be the actual number, it should be— it should have a remainder 2 when you divide by 5. So
Let's also write down the numbers that we can expect. Okay, so I think we have to— in order to get a remainder 2 after dividing by 5, that means the number should be how much more? [unclear] Thaddeus? [unclear]
No. So in order to have a remainder 2, right, when you divide by 5, what does that mean? The number that we need, or the number that we are thinking, that Tara is thinking, should be how much more than these numbers?
So let's say 5. Okay, let's start with 5. So in order to think about like a number that is giving us 2 remainder when you divide it by 5. [unclear]
I will give you— Shall I help you with the very first one, Thaddeus?
Okay, so if you have 7, if you divide it by 5, Would that give us a remainder 2? [unclear]
Yes. How did I find that? I added 2 to this 5 because if you add 2, that means you would get a remainder 2 when you divide by 5 because these are multiples of 5, isn't it?
But anyway, we can't take 7 because it's not— is it a single-digit number or a two-digit number?
Exactly. So she's not thinking about a single digit number. We can't really take that. So, okay, so this should be 7. Okay, so can you think about the next one? [unclear] We are adding only 2. Remember, we need only— [unclear] We're adding 10 and the 2, the extra 2, because we need remainder 2.
So what is 10 plus 2?
Exactly. Okay, so again, I'm going to explain. All right, Thaddeus, so when you divide 12, right, by 5, you would get a remainder 2 because this is actually 10, right? 10 is a multiple of 5. And since they are telling that the number is— that the number that [unclear] is thinking is 2 more than— or gives us a remainder of 2 when divided by 5, that means you can think about the multiples of 5 and think about a number that has 2 more than that. So 12 has 2 more than 10, so we can think of this one because it gives us a remainder of 2. Is it clear? [unclear] Okay, so let's go ahead with the next one.
Very good, that is 17. How about this one?
Yes, that's right. Okay, so there's another statement here. So they are telling when the same number that she's thinking is divided by 8, there should be remainder 1. So which times tables should we write next? [unclear]
Okay, what is this one here? We wrote the 5 times tables or the answers or the multiples of 5, right?
They told when you divide by 5, this is what we get. So, um, Similarly, here they're saying divided by 8. When divided by 8, 1 is the remainder. So which times tables or the multiples should we write next? I didn't hear you, Thaddeus. [unclear]
I'm sorry?
Yeah, can you see we wrote 5 already? We want all the multiples of 5. So this, according to the second statement, what should we write? Multiples of what? [unclear]
I want you to look at the question.
8. Why? Because they're saying when divided by 8, you get a remainder 1. So let's write the 8. The multiples of 8. So could you write it for me? Yeah, 8, 16. [unclear]
That would be enough, Thaddeus. Right, good job.
So let me give you a praise card again for figuring out the multiples of 8. But as you know, when you divide by 8, it should give us a remainder 1. So what number should we consider? So when you divide by 8, it should give us remainder 1. What number would give us remainder 1 when we divide by 8?
[unclear]
It should be 9 here because when you divide 9 by 8, there would be a remainder 1, isn't it?
So that means when you think about the multiples, it should be plus 1. The number that she's thinking should be one more than the multiples of 8. Okay, so what do you think is the second number that we can assume?
Very good, that is 17. Can you write it here? Yeah. And what is the next one?
Very good, 25. That's right. Okay, there you go. All right, now I want you to look at the two numbers, two set of numbers you just created. Do we see anything that's similar? [unclear]
Do we have any number that is the same? You have to look at these boxes, this one and this one.
Very good. What does that mean, Thaddeus?
Okay, all right. That's actually a great, I mean, I really appreciate you sharing your thoughts there. Great effort there. But what we can assume is, as you can see, when you divide this 17 by 5, how much remainder do we get? 17 divided— [unclear]
Mm-hmm, yeah. Hold on, let me just try this for you. 17 divided by 5 gives us 3 remainder 2, right? And if you divide 17 by 8, what do we get? [unclear]
Remainder 1. So what can we say? Is it the number that she was thinking about?
Yes, that is. Okay. All right. Okay, I hope that was clear, Thaddeus. So can we recall what steps we followed to get to this answer? How did we find 17 is the number that she was thinking?
Yeah, so first of all, what we did was— what are these numbers over here, Thaddeus? 5, 10, 15, 20, 25. What are those numbers? [unclear]
They're multiples of?
Very good, we wrote the multiples of 5. But as of the question, they say that when you divide by 5, there should be a remainder of 2. That means the number that we should be considering should be more than— 2 more than the multiples of 5. So that's why we added 2 to all of these and wrote the numbers as so. Yeah?
So we wrote 7, 12, 17, like so, by adding 2. Because there should be— when we divide these numbers by 5, you get a remainder of 2. Was it clear?
Okay, and what did we do here?
Okay, why did we add 1?
Uh-huh. We figured out that there is a number that is common to both of these sets of numbers. It is 17. So we again divided 17 by 5 just to see if we are getting the answer that they have expected, and also the remainder when we divide by 8. So that means 17 is the number that we want, isn't it, Thaddeus?
Okay, so that's great work. I really appreciate you explaining all of those steps, [UNCLEAR]. And with that, we are going to actually go to the next lesson, Thaddeus. Okay?
Okay, so what are some important things that you remember from this lesson, solving real-life problems with remainders? The [unclear] how she, like, how you get remainders when you're doing the multiplication and the division.
We mainly look at division here. And we learnt the words that we can use for the numbers, specifically the number being divided, it's the dividend, and the number that we divide by, the divisor. And also we checked how we can understand the context of questions and how the answers would be [UNCLEAR].
And there is a question we find here. Which was a little tricky, but you did really great, isn't it? So I really appreciate the effort, Thaddeus, with that. So we go to the next lesson.
Okay, let's go ahead. All right, so could you read out the topic that's given here?
Mm-hmm. Exactly, that is rounding decimals to the nearest whole number. Um, okay, can you try out this one here? [unclear]
Okay. Is this your final answer, Thaddeus? [unclear] Okay.
Do you need more time? [unclear]
Okay, sure.
Okay, that's actually a great try there, Thaddeus. Okay, however, this is not the answer. We're going to figure out how we can, you know, find the answers questions like this together today. Okay, all right. So can you also try this one here?
Okay, so then measure the length that is between which two values, Thaddeus?
Yes, so we had to think about a value that is in between these two. So would 10 centimetres be the correct answer?
Okay, would you like to try again?
Okay, that's actually a great try, Thaddeus. So let me give you a big praise card for the effort again. And so we see how— [unclear] You're welcome, Thaddeuse see how we can find out answers for questions like this together.
Okay, we'll try. All right, so we'll start off with this one over here. Okay, so can you read out the first What's the sentence on the top?
Yes. So what are whole numbers, Thaddeus? Do you know what whole numbers?
Mm-hmm, okay. Could you give me an example for a whole number? [unclear]
Okay, that's okay. That's fine. Let me give you a big praise card again for
trying, right? I really like the fact that you are trying all the time, Thaddeus. You do not give up, so that's great to see. However, whole numbers are numbers that does not have fractions or decimals. For an example, 3 is a whole number or 2 is a whole number. Okay? So I can even say [UNCLEAR] is a whole number or even 100 is a whole number. But let's say we have numbers like 2.3 to 0.1. So these are actually not whole numbers. [unclear] Decimals, isn't it? So these are decimals. Okay, so was it clear what whole numbers are, Thaddeus?
No, that's right. Okay. All right. So we'll have a look at this one, okay? So they're asking, they're telling us there are numbers that lie between whole numbers. So can you show me the whole numbers you find in this ruler? Change it to whole numbers. [unclear]
You can use your pointer. [unclear]
Yes? Yes? Can you tell me the number? [unclear]
Yes? [unclear]
Very good, that's right. Thaddeus, let me give you a big praise card for thinking really well. Yes, 10 and 11 are actually whole numbers, but what they're saying is there are numbers between 10 and 11 as well. Those numbers are not whole numbers, they are going to be decimals. All right, so just have a look at the little lines between 0 and 1. Okay, can you see there are little lines, Thaddeus? [unclear] Yeah, so the value of one line is actually 0.1 or 1/10 of a centimeter. Okay, so could you tell me what is the value here? Okay, let's Can you tell me the value over here, Thaddeus? Let me just draw right in between 0 and 1. What do we have? [unclear]
Okay, let me— I think you can't see properly, but let me try to do it again. So— Right over here. So it's between 0 and 1. So it shouldn't be 1 because it's before 1. That should be— [unclear]
So this— can you see there are tiny lines, Thaddeus? One line equals 0.1. So how many lines do I need to pass to get to this middle point? [unclear]
Is it visible to you? Is it clear to count down how many lines are there?
Right, that would be 0.5 because we're starting with 0. Okay, but let's say, um, the same line was here, maybe here. What do you think is going to be the value here? [unclear]
I'm sorry, Thaddeus, can you repeat that again?
Okay, that's actually a great try. Let me give you a big praise there. Okay, so that's right. That's actually a good attempt there. So it's actually 2.5 because it's right in between the two numbers.
Okay. All right. Okay, so can you tell me what do you think is going to be the value here? [unclear] Can you write here?
Okay, that's actually a good try. Again, so the little line is right in between 10 and 11. So it should be something 0.5, but since it's right after 10, we can say 10.5. Thaddeus. [unclear]
It's okay, right? I can see that you're trying really well, okay? So don't worry, we will understand this eventually. Right now I will have to end the session because we are running out of time. But don't worry, we are going to continue the rest of it next week, okay?
Bye, Thaddeus. Bye. Have a great week. Bye.","[STUDENT] Hello.
[BACKGROUND] [unclear]
[TUTOR] Hi, Thaddeus.
[STUDENT] Hi.
[BACKGROUND] Okay, I can hear you and welcome back to Welcome to the session, Thaddeus. How are you doing today?
[STUDENT] I'm good.
[TUTOR] That's great, that's great. So, so far, what did you do at school, Thaddeus?
[STUDENT] In math, we learnt like fractions.
[TUTOR] Oh, that's actually a good lesson. Did you find it interesting as well? [unclear]
[TUTOR] Did you find it interesting? Did you enjoy the lesson? Thaddeus?
[STUDENT] Yeah.
[TUTOR] That's great. Apart from maths, what else did you study so far?
[STUDENT] We were learning about [UNCLEAR].
[TUTOR] Oh, okay. Did you like it?
[STUDENT] Yeah.
[TUTOR] Okay, that's great, that's great. Yeah, thank you so much for sharing all of that, Thaddeus. Do you have anything else to add? [unclear]
[TUTOR] Okay, I really appreciate you sharing those things with me. And shall we get started with the lesson, Thaddeus?
[STUDENT] Yeah.
[TUTOR] Okay, so today we are going to continue our last week's lesson, which was about solving real-life problems with remainders. Yeah? Okay, so we actually went through these parts. We'll just recall what we did so far. So whenever we have a number and we're dividing it by another number, what do we call the number that is being divided, Thaddeus?
[STUDENT] [unclear] The number that's being divided, it's called—
[TUTOR] Yeah. It's called?
[STUDENT] The dividend.
[TUTOR] Very good. The dividend. So the number that is being divided is called the dividend. What do we call the number that we divide by?
[STUDENT] A divisor.
[TUTOR] Very good, Thaddeus. Great, great recalling there. Here you go with the praise pack for that. And can you remember there was a
[TUTOR] There was an instance where we spoke about 30 children and also, you know, making them sort of fit into cars or asking them to go in a car. Not really a car, I'm sorry. We were thinking about tents where all of these 30 children could fit into. Right? So there were 30 and we— [unclear] We can put only 4 children in one tent, and we were supposed to see how many tents we need for all of these 30 children. [unclear]
[TUTOR] Hello?
[STUDENT] Hello?
[TUTOR] Yes, Thaddeus, can you hear me?
[STUDENT] Yeah.
[TUTOR] Yeah, so did you hear what I said earlier?
[STUDENT] I didn't hear the last part.
[TUTOR] Okay, let me repeat that again. So we had 30 children and we looked how many— we looked into how many tens we need for all 30 children. Okay, so remember what we did? We divided the 30 by 4 because 4 is the total number of children that could fit in a ten. Okay, so if 4 children could fit in 1 ten, we are checking how many tens we need. So we got 7 remainder 2. But if you recall, we write the answer— we wrote the answer as 8. Do you recall why, Thaddeus? [unclear]
[STUDENT] Because when we are putting them in 3 groups,
[STUDENT] [unclear]
[TUTOR] Yeah, 2 of them were left out. And do we need to put these 2 children also in a tent, or should we just keep them as it is without a tent?
[STUDENT] Put them in a tent.
[TUTOR] Exactly, because they're asking how many tents are needed for all 30 children, right? So in that case, we need another extra tent to put these 2 children as well. Therefore, 8 tens are needed, right? But if you look at this one, there were 34 biscuits, and they also mentioned that 6 biscuits could go into one plate. But they asked how many full plates of 6 we can make, right?
[STUDENT] [unclear]
[TUTOR] So we divided 34 by the number of biscuits that go in a plate, which is 6. 6, and we found out it as 5 remainder 4. So what was the answer? Was it 6 or 5 for this question? [unclear]
[TUTOR] Yes, very good, Thaddeus. That is 5. But why is it 5 and not 6 this time?
[STUDENT] Because, um, if You wanted to put them in plates. [unclear] There's 5 plates, you need one more.
[TUTOR] Okay, is the question asking us to check how many plates do we need to put all 34 biscuits, or are they asking how many full plates of 6 are there? What are they asking?
[STUDENT] How many full plates?
[TUTOR] Exactly. So if they are just asking about the total number of full plates that we can make, that means only these 5. But if they ask, okay, how many plates do we need to put all these 30 food, then that will be 6. Was it clear?
[STUDENT] Yeah.
[TUTOR] Yeah, it's based on what they're asking us to find. Okay, so since they're asking only full plates, we're just putting 5. Okay, so great recording there. I really appreciate you. Staying focused and answering all the questions I asked so far. So today we are going to start off from this part over here. Okay?
[STUDENT] Okay.
[TUTOR] Let's go ahead. Thaddeus, you can read out the question and you can find it.
[STUDENT] It takes 7 minutes to make a pom-pom. How many complete pom-poms can be made in 30 minutes? [unclear]
[STUDENT] 4.
[TUTOR] That's right, 4. How did you find that, Thaddeus?
[STUDENT] Because if you have 7 and you want to make that
[STUDENT] If it's 7 minutes and you want to make pom-poms, in 30 minutes you can do on your hands like 7 to 30.
[TUTOR] Yes. Okay. Very good. Okay. So that will be 4. So what calculation should we use over here, Thaddeus, if you were to write the calculation?
[STUDENT] [UNCLEAR]
[TUTOR] What is— are we dividing or multiplying, adding, subtracting here?
[STUDENT] Adding. [unclear]
[STUDENT] Timesing? I mean dividing?
[TUTOR] Okay, if you're dividing, what is the calculation you need to use?
[STUDENT] Uh, 7?
[TUTOR] Okay. [unclear] Yeah, can you write it here? Can you use symbols? [unclear]
[STUDENT] 7 divided by 30.
[TUTOR] Okay, all right, that's actually a good attempt there. Right, let me ask you a small question. So you mentioned 7. Let me just write it here, 7 divided by 30. Okay, so could you tell me What is the number that should be divided? Is it 7 or 30?
[STUDENT] [unclear]
[TUTOR] Hmm, okay. Now they're asking, they're actually telling us to make one pom-pom it takes 7 minutes and they have given us 30 minutes altogether and they are asking how many pom-poms we can make.
[BACKGROUND] by 7.
[TUTOR] Which number should we divide? [unclear]
[TUTOR] Yes, that would be 30. That is the bigger number, right? This is the number of minutes that takes to make a pom-pom, and they are asking how much we can make in 30 minutes. So 30 should come first, okay? So 30 is— is it the divisor or the dividend, Thaddeus? [unclear]
[TUTOR] Very good, it's the dividend. And the divisor, what is the divisor?
[STUDENT] When you like, when you are dividing and you have a number.
[TUTOR] Exactly, the number that you're dividing by. So So what is the number that you're dividing by? [unclear]
[TUTOR] Okay, 30 divided by 7. Okay, that's how you say it. All right. Okay, good job, Thaddeus. I really appreciate you trying. Okay, so what is that equal to?
[STUDENT] 4.
[TUTOR] Yes, 4. Do we have any remainders?
[STUDENT] Uh, yes.
[TUTOR] Aha, how many remainders are there?
[STUDENT] 2.
[TUTOR] Very good, Thaddeus. I really like the way you work this out. So here you go. So the answer should be— [unclear] You're welcome, Thaddeus. Can we write the answer here? So the number of pom-poms you can make is only
[TUTOR] 4. Exactly, because that's how many groups of 7s we can make out of 30. Okay, great work. I really like the way you work this out. So here you go with another praise card for being really focused, Thaddeus. Okay, so with that, Thaddeus, shall we go to the next part?
[STUDENT] Yeah.
[TUTOR] Okay, let's have a look at this question here. So you can read the question carefully, and if you need any help, I'm here to help you out. Let's get started, Thaddeus.
[STUDENT] [unclear] is thinking of a 2-digit number. When it is divided by 5, the remainder is 2. When it is divided by 8, the remainder is 1. What number is she thinking of? [unclear]
[TUTOR] Okay, that's actually a good try. Could you tell me how you came up with that answer?
[STUDENT] Because it's all the same.
[TUTOR] Okay, what do you mean by that, Thaddeus? Can you explain it to me?
[STUDENT] Like I did like a [unclear] number and then I added all the fees.
[TUTOR] Oh, okay.
[TUTOR] Okay, okay, that's actually a good try. Let me give you another praise card for the effort. Okay, first of all, you mentioned about having a 2-digit number. That was clear. What did you understand from the second sentence?
[STUDENT] [UNCLEAR]
[STUDENT] by 5 and the remainder, it's— when it is divided by 5, the remainder is 2.
[TUTOR] Very good. Yes, that's really good reading there. So if you have a 2-digit number and when it's divided by 5, there would be a remainder of 2. Yeah, and what happens to this number when it's divided by 8?
[STUDENT] The remainder is 1.
[TUTOR] Exactly. So you mentioned 18. So let's see, when you divide 18 by 5, what is the remainder we get? [unclear]
[STUDENT] [unclear] 3.
[TUTOR] Okay, 3. So do you think 18 is the number?
[STUDENT] No.
[TUTOR] No, because instead of 3, we should get?
[STUDENT] 2.
[TUTOR] Exactly. And if you divide 18 by 8, what do you think we would get?
[STUDENT] Hmm, I'd say
[STUDENT] That you would probably— [unclear] Thank you.
[TUTOR] Yeah.
[STUDENT] You would— I think you would—
[STUDENT] Yeah, 11.
[TUTOR] How many times 8 would go into 18, Thaddeus?
[STUDENT] One time? [unclear]
[TUTOR] Okay, that's pretty good.
[TUTOR] Yeah, why? Because 8 times 2 is?
[STUDENT] Because 8 times...
[TUTOR] What is 8 times 2?
[BACKGROUND] [unclear]
[STUDENT] 16.
[TUTOR] Very good, 16. So if 8 times 2 is 16, do we have a remainder?
[STUDENT] Yeah.
[TUTOR] Uh-huh. What is the remainder? So we're dividing 18, but 8 actually goes only twice, which is 16. So the remainder is?
[STUDENT] One?
[TUTOR] Hmm. What is 18 [UNCLEAR]?
[STUDENT] 2.
[TUTOR] Yeah, that's right. Good thinking there, Thaddeus. Let me give you another praise card.
[TUTOR] So you're doing so—
[STUDENT] [unclear]
[TUTOR] You're welcome, Thaddeus. You're doing great so far. Okay, so this one, 5 goes 3 times because 3 times 5 is 15, and you said there's a remainder of 3, right? So because of this reason, can we go ahead with 18? Can we say that this 2-digit number would be 18?
[TUTOR] No, it's not. Okay. What do you think we should do next, Thaddeus? If this 18 is not the number, what is the next step?
[STUDENT] Figure out a different division question with a different [UNCLEAR]. Okay, what if we try a different number, Thaddeus? Can you think of a different number instead of 18? [unclear] Okay, but let's look at this again. So 18, when you divide, you get remainder 3, but what do we actually need? [unclear]
[TUTOR] Yeah, 2. So think about a number that gives you 2 instead of 3 when you divide by 5. What would that be? [unclear]
[STUDENT] Well, 9. [unclear]
[TUTOR] Okay, would you like to write down all the multiples of 5?
[STUDENT] Yeah.
[TUTOR] Okay, we'll write all the multiples of 5. 5, okay, you go ahead. It's okay, so you can write.
[STUDENT] 5, 10.
[TUTOR] Uh-huh. That's right. [unclear] Yes, we write until 25. [unclear] Yeah. [unclear] Okay, so for the number to be the actual number, it should be— it should have a remainder 2 when you divide by 5. So
[TUTOR] Let's also write down the numbers that we can expect. Okay, so I think we have to— in order to get a remainder 2 after dividing by 5, that means the number should be how much more? [unclear] Thaddeus? [unclear]
[TUTOR] No. So in order to have a remainder 2, right, when you divide by 5, what does that mean? The number that we need, or the number that we are thinking, that Tara is thinking, should be how much more than these numbers?
[STUDENT] [unclear]
[TUTOR] So let's say 5. Okay, let's start with 5. So in order to think about like a number that is giving us 2 remainder when you divide it by 5. [unclear]
[TUTOR] I will give you— Shall I help you with the very first one, Thaddeus?
[STUDENT] Yeah.
[TUTOR] Okay, so if you have 7, if you divide it by 5, Would that give us a remainder 2? [unclear]
[STUDENT] Yes.
[TUTOR] Yes. How did I find that? I added 2 to this 5 because if you add 2, that means you would get a remainder 2 when you divide by 5 because these are multiples of 5, isn't it?
[STUDENT] Yeah.
[TUTOR] But anyway, we can't take 7 because it's not— is it a single-digit number or a two-digit number?
[STUDENT] A single digit number.
[TUTOR] Exactly. So she's not thinking about a single digit number. We can't really take that. So, okay, so this should be 7. Okay, so can you think about the next one? [unclear] We are adding only 2. Remember, we need only— [unclear] We're adding 10 and the 2, the extra 2, because we need remainder 2.
[STUDENT] 9.
[TUTOR] So what is 10 plus 2?
[STUDENT] 12.
[TUTOR] Exactly. Okay, so again, I'm going to explain. All right, Thaddeus, so when you divide 12, right, by 5, you would get a remainder 2 because this is actually 10, right? 10 is a multiple of 5. And since they are telling that the number is— that the number that [unclear] is thinking is 2 more than— or gives us a remainder of 2 when divided by 5, that means you can think about the multiples of 5 and think about a number that has 2 more than that. So 12 has 2 more than 10, so we can think of this one because it gives us a remainder of 2. Is it clear? [unclear] Okay, so let's go ahead with the next one.
[STUDENT] 17.
[TUTOR] Very good, that is 17. How about this one?
[STUDENT] 22.
[STUDENT] [unclear]
[TUTOR] Yes, that's right. Okay, so there's another statement here. So they are telling when the same number that she's thinking is divided by 8, there should be remainder 1. So which times tables should we write next? [unclear]
[TUTOR] Okay, what is this one here? We wrote the 5 times tables or the answers or the multiples of 5, right?
[STUDENT] Yeah.
[TUTOR] They told when you divide by 5, this is what we get. So, um, Similarly, here they're saying divided by 8. When divided by 8, 1 is the remainder. So which times tables or the multiples should we write next? I didn't hear you, Thaddeus. [unclear]
[TUTOR] I'm sorry?
[STUDENT] 5s.
[TUTOR] Yeah, can you see we wrote 5 already? We want all the multiples of 5. So this, according to the second statement, what should we write? Multiples of what? [unclear]
[TUTOR] I want you to look at the question.
[STUDENT] 8.
[TUTOR] 8. Why? Because they're saying when divided by 8, you get a remainder 1. So let's write the 8. The multiples of 8. So could you write it for me? Yeah, 8, 16. [unclear]
[TUTOR] That would be enough, Thaddeus. Right, good job.
[TUTOR] So let me give you a praise card again for figuring out the multiples of 8. But as you know, when you divide by 8, it should give us a remainder 1. So what number should we consider? So when you divide by 8, it should give us remainder 1. What number would give us remainder 1 when we divide by 8?
[STUDENT] Uh...
[TUTOR] [unclear]
[TUTOR] It should be 9 here because when you divide 9 by 8, there would be a remainder 1, isn't it?
[BACKGROUND] Yeah.
[TUTOR] So that means when you think about the multiples, it should be plus 1. The number that she's thinking should be one more than the multiples of 8. Okay, so what do you think is the second number that we can assume?
[STUDENT] 17.
[TUTOR] Very good, that is 17. Can you write it here? Yeah. And what is the next one?
[STUDENT] 20... [unclear] 5.
[TUTOR] Very good, 25. That's right. Okay, there you go. All right, now I want you to look at the two numbers, two set of numbers you just created. Do we see anything that's similar? [unclear]
[TUTOR] Do we have any number that is the same? You have to look at these boxes, this one and this one.
[STUDENT] 3 itself. Do we have any number that is same?
[STUDENT] Maybe [unclear] 17?
[TUTOR] Very good. What does that mean, Thaddeus?
[STUDENT] That the number that you have to add 5 is like one less and one more.
[TUTOR] Okay, all right. That's actually a great, I mean, I really appreciate you sharing your thoughts there. Great effort there. But what we can assume is, as you can see, when you divide this 17 by 5, how much remainder do we get? 17 divided— [unclear]
[TUTOR] Mm-hmm, yeah. Hold on, let me just try this for you. 17 divided by 5 gives us 3 remainder 2, right? And if you divide 17 by 8, what do we get? [unclear]
[TUTOR] Remainder 1. So what can we say? Is it the number that she was thinking about?
[STUDENT] Yeah.
[TUTOR] Yes, that is. Okay. All right. Okay, I hope that was clear, Thaddeus. So can we recall what steps we followed to get to this answer? How did we find 17 is the number that she was thinking?
[STUDENT] So, to find the remainder, does this help me? Like the remainders? So, if you're in your 7s, then you add, like, some 10, and then you add 2 to it, and then it's 9. 12, and then your remainder is 2.
[TUTOR] Yeah, so first of all, what we did was— what are these numbers over here, Thaddeus? 5, 10, 15, 20, 25. What are those numbers? [unclear]
[TUTOR] They're multiples of?
[STUDENT] They're multiples of 5.
[TUTOR] Very good, we wrote the multiples of 5. But as of the question, they say that when you divide by 5, there should be a remainder of 2. That means the number that we should be considering should be more than— 2 more than the multiples of 5. So that's why we added 2 to all of these and wrote the numbers as so. Yeah?
[STUDENT] [unclear]
[TUTOR] So we wrote 7, 12, 17, like so, by adding 2. Because there should be— when we divide these numbers by 5, you get a remainder of 2. Was it clear?
[STUDENT] Yeah.
[TUTOR] Okay, and what did we do here?
[STUDENT] We used 8 times table. [unclear] Added 1.
[TUTOR] Okay, why did we add 1?
[STUDENT] To get the remainder. Remainder of 1, right? Great explanation there, Thaddeus. Okay, and then after finding the set of numbers, what did you do next? [unclear]
[STUDENT] And we saw which one was like similar, like 17 and 17.
[TUTOR] Uh-huh. We figured out that there is a number that is common to both of these sets of numbers. It is 17. So we again divided 17 by 5 just to see if we are getting the answer that they have expected, and also the remainder when we divide by 8. So that means 17 is the number that we want, isn't it, Thaddeus?
[STUDENT] Yeah.
[TUTOR] Okay, so that's great work. I really appreciate you explaining all of those steps, [UNCLEAR]. And with that, we are going to actually go to the next lesson, Thaddeus. Okay?
[STUDENT] Okay.
[TUTOR] Okay, so what are some important things that you remember from this lesson, solving real-life problems with remainders? The [unclear] how she, like, how you get remainders when you're doing the multiplication and the division.
[TUTOR] We mainly look at division here. And we learnt the words that we can use for the numbers, specifically the number being divided, it's the dividend, and the number that we divide by, the divisor. And also we checked how we can understand the context of questions and how the answers would be [UNCLEAR].
[TUTOR] And there is a question we find here. Which was a little tricky, but you did really great, isn't it? So I really appreciate the effort, Thaddeus, with that. So we go to the next lesson.
[STUDENT] Yeah.
[TUTOR] Okay, let's go ahead. All right, so could you read out the topic that's given here?
[STUDENT] Rounding decimals to the nearest whole number.
[TUTOR] Mm-hmm. Exactly, that is rounding decimals to the nearest whole number. Um, okay, can you try out this one here? [unclear]
[STUDENT] Round 5.6 to the nearest whole number.
[TUTOR] Okay. Is this your final answer, Thaddeus? [unclear] Okay.
[TUTOR] Do you need more time? [unclear]
[TUTOR] Okay, sure.
[STUDENT] I have always thought questions like x were more high school things, so before I used to be super scared of those questions. What is that? [unclear]
[STUDENT] 6.7.
[TUTOR] Okay, that's actually a great try there, Thaddeus. Okay, however, this is not the answer. We're going to figure out how we can, you know, find the answers questions like this together today. Okay, all right. So can you also try this one here?
[STUDENT] Ben measures a line that is between 2 centimetres and 3 centimetres. What could the length of the line be? [unclear]
[TUTOR] Okay, so then measure the length that is between which two values, Thaddeus?
[STUDENT] Ben measures the line that is between 2 centimetres and 3 centimetres.
[TUTOR] Yes, so we had to think about a value that is in between these two. So would 10 centimetres be the correct answer?
[STUDENT] No.
[TUTOR] Okay, would you like to try again?
[STUDENT] 5 centimetres.
[TUTOR] Okay, that's actually a great try, Thaddeus. So let me give you a big praise card for the effort again. And so we see how— [unclear] You're welcome, Thaddeuse see how we can find out answers for questions like this together.
[STUDENT] Yeah.
[TUTOR] Okay, we'll try. All right, so we'll start off with this one over here. Okay, so can you read out the first What's the sentence on the top?
[STUDENT] There are numbers that lie between whole numbers. We can use [unclear] as an example.
[TUTOR] Yes. So what are whole numbers, Thaddeus? Do you know what whole numbers?
[STUDENT] When it's like a number altogether.
[TUTOR] Mm-hmm, okay. Could you give me an example for a whole number? [unclear]
[STUDENT] For example, a whole number kind of looks like a fraction.
[TUTOR] Okay, that's okay. That's fine. Let me give you a big praise card again for
[TUTOR] trying, right? I really like the fact that you are trying all the time, Thaddeus. You do not give up, so that's great to see. However, whole numbers are numbers that does not have fractions or decimals. For an example, 3 is a whole number or 2 is a whole number. Okay? So I can even say [UNCLEAR] is a whole number or even 100 is a whole number. But let's say we have numbers like 2.3 to 0.1. So these are actually not whole numbers. [unclear] Decimals, isn't it? So these are decimals. Okay, so was it clear what whole numbers are, Thaddeus?
[STUDENT] Yeah? Is it a yes or a no? [unclear] Okay. All right. So do whole numbers have decimals or fractions in them?
[STUDENT] No.
[TUTOR] No, that's right. Okay. All right. So we'll have a look at this one, okay? So they're asking, they're telling us there are numbers that lie between whole numbers. So can you show me the whole numbers you find in this ruler? Change it to whole numbers. [unclear]
[TUTOR] You can use your pointer. [unclear]
[TUTOR] Yes? Yes? Can you tell me the number? [unclear]
[TUTOR] Yes? [unclear]
[STUDENT] 11.
[TUTOR] Very good, that's right. Thaddeus, let me give you a big praise card for thinking really well. Yes, 10 and 11 are actually whole numbers, but what they're saying is there are numbers between 10 and 11 as well. Those numbers are not whole numbers, they are going to be decimals. All right, so just have a look at the little lines between 0 and 1. Okay, can you see there are little lines, Thaddeus? [unclear] Yeah, so the value of one line is actually 0.1 or 1/10 of a centimeter. Okay, so could you tell me what is the value here? Okay, let's Can you tell me the value over here, Thaddeus? Let me just draw right in between 0 and 1. What do we have? [unclear]
[STUDENT] 1?
[TUTOR] Okay, let me— I think you can't see properly, but let me try to do it again. So— Right over here. So it's between 0 and 1. So it shouldn't be 1 because it's before 1. That should be— [unclear]
[TUTOR] So this— can you see there are tiny lines, Thaddeus? One line equals 0.1. So how many lines do I need to pass to get to this middle point? [unclear]
[TUTOR] Is it visible to you? Is it clear to count down how many lines are there?
[STUDENT] Uh, one, two, three, four, five, six, seven, eight, nine, ten. [unclear]
[STUDENT] It's a little difficult, no? But anyway, something that we can think is there would be 9 lines in between 0 and 1. Okay, so it goes like 0.1, 0.2, 0.3, 0.4, 0.5, 0.6, 0.7, 0.8, 0.9, and then 1. Okay, so the 10th line is actually the one. [unclear]
[TUTOR] Right, that would be 0.5 because we're starting with 0. Okay, but let's say, um, the same line was here, maybe here. What do you think is going to be the value here? [unclear]
[TUTOR] I'm sorry, Thaddeus, can you repeat that again?
[STUDENT] 2.3.
[TUTOR] Okay, that's actually a great try. Let me give you a big praise there. Okay, so that's right. That's actually a good attempt there. So it's actually 2.5 because it's right in between the two numbers.
[TUTOR] Okay. All right. Okay, so can you tell me what do you think is going to be the value here? [unclear] Can you write here?
[STUDENT] 20. [unclear]
[TUTOR] Okay, that's actually a good try. Again, so the little line is right in between 10 and 11. So it should be something 0.5, but since it's right after 10, we can say 10.5. Thaddeus. [unclear]
[TUTOR] It's okay, right? I can see that you're trying really well, okay? So don't worry, we will understand this eventually. Right now I will have to end the session because we are running out of time. But don't worry, we are going to continue the rest of it next week, okay?
[STUDENT] Okay.
[BACKGROUND] You did amazing, by the way, Thaddeus. I really like the way that you put the effort and, you know, figured out the answers. Right? So good job. Keep up the good work. All right? I'll see you next time.
[STUDENT] [unclear]
[TUTOR] Bye, Thaddeus. Bye. Have a great week. Bye."
hozgtqp,Solving problems involving fractions.,0.2998926,"Hello?
[unclear]
Not really.
Okay.
Yeah.
Yeah.
You simplify that number.
Yeah.
To work on this one.
[unclear]
3, maybe?
Prior learning.
If two fractions are equal— equivalent to one— [unclear]
All right. [unclear]
Yeah.
The 4 simplifying fractions we need to understand. Equivalent fractions. Equivalent fractions have the same value or are equal.
Equivalent fractions have the same value or are equal.
Yeah.
Yeah.
Yeah.
Yeah.
Yeah.
Yeah.
[unclear] Yeah.
They are the same.
[unclear]
2.
Yeah.
I feel like they are equivalent because they're in the [UNCLEAR]. [Speaker:TUTOR] Mm-hmm. Do you find any more, Callista?
Yes.
Yeah.
No.
[unclear]
[unclear]
Yeah.
No.
No.
1/6.
Uh, yeah.
Yeah.
[unclear]
1/12.
No.
And would that be 66? [unclear]
The next one.
And—
Because this one's 3 and I thought this one would be 6.
1/7.
No.
[unclear]
Yeah.
Uh, no.
1/8.
Yeah.
Because it's the next 2 up.
Would you do it, um, 6/8?
Because I feel like the bottom's 6 and the top's 8.
[unclear]
4/8.
[unclear]
The 1/10.
Yeah.
We always [unclear] to the second box.
No.
Yes.
[unclear] score down every 4 columns.
1/4.
[unclear] Two-fourth?
[unclear]
Pardon?
Yes! [unclear]
Oh, that's the wrong one.
So then—
[unclear] [unclear]
Because I feel like you have to go down every 4 columns.
I got confused with them two boxes.
[unclear]
Because I went like this before and I forgot [unclear] with it. But then I realised, then I did this.
[unclear]
1/8.
Yeah.
[unclear]
No.
No.
No.
Yeah.
Okay. [unclear]
Here.
Yeah.
[unclear]
Yeah.
3/12 and 2/8.
[unclear]
[unclear]
Go down the line. [unclear] [Speaker] It would be 1/9. No, 3/9. Because, um...
Okay.
[unclear]
You then go down the line to see which one matches.
[unclear]
Yeah.
Yeah.","Hello?
Hello.
Hi.
Alright.
Good.
Okay, Callista. What did you do at school today?
Alright, and what did you do for math today at school? [Speaker:Callista]... [Speaker:Tutor] Yes, do you remember?
Alright. Are you sure, Callista? [unclear]
Yeah, okay, that's all right. With that being said, how do you feel about beginning your lesson with me?
Okay, Callista, so let's try to make this lesson as interesting as we can, okay?
All right, so Callista, today you will be learning about simplifying fractions. Okay.
What do you know about the word simplify, Callista?
Yes, you simplify that number. So simplify basically means to halve a number. Yeah.
Okay, that's a sweet smiley face, Callista. Um, so can you try working out on this learning goal question by reading it out? And simplify this fraction.
Yes.
Yes, please. [unclear] Is that how you do it?
Yes, Callista, that is how you do it. So what would you write in these boxes?
Mm-hmm. [Speaker:Callista]...therapeutics. [Speaker:Tutor] Mm-hmm. What do you think you want to write here? Can you give it a try? [unclear]
What do you think, Callista, could come here? Can you just guess that out for me?
Okay, good try there, Callista. Don't worry, let's learn how we can simplify fractions, okay, in this lesson.
Alright, now let's hop onto the prior learning question. Can you read this question out and try this out for me?
Yes.
Yes, to half. [unclear]
Yes, Callista, you can give it a try. Don't feel scared if you'll make a mistake, okay? It's all right. We are here to learn, so we can learn if we make a mistake, okay?
Yeah.
Okay. And then what about for this? [unclear]
Okay, Callista, excellent work with trying these questions out. I'm very proud of you for your work here. So when we look at this fraction, 3/9 equal to 1/3, and equivalent fractions to 1/2 could be 2/4 or 3/6. But don't worry, my Callista, we will see how we can figure that out, okay?
Alright, so let's begin learning about simplifying fractions. Can you read what's on this green [unclear] for me?
What do you understand when you read that, Callista?
That is the right answer. That was very well explained to me, Callista. So for that purpose, to find and understand equivalent fractions, we can use a fraction wall. Okay?
So to find equivalent fractions, we are going to use a fraction wall. Which of the diagrams here do you think is a fraction wall, Callista? That's the right answer! Excellent work with figuring that out to me. So we are going to use a fraction wall to help us in finding equivalent fractions. Okay?
All right, Callista. Now, as you can see, I'm— [unclear] Let me just erase this off. Is that all right, Callista?
Okay, so they say that half and two quarter are exactly the same size on the fraction wall. So let's see how half and two quarter are exactly the same size. Okay?
So when you look here, Callista, do you see half is highlighted?
Yes. And then when you look down, we don't see another line, so this cannot be taken as an equivalent fraction. When we go another row down, we have a line aligning the line above. So do you see that that is 2/4, Callista?
Yes, and how has it become 2/4? How has 1/4 plus 1/4 become 2/4? Have the denominators been added?
Have the denominators been added, Callista, or are they the same?
They are the same. How about the numerators? Have they been added?
1 plus 1?
2. So have the numerators been added, Callista?
Yes, so you can add the numerators, but you cannot add the denominators. Okay? [Speaker:BACKGROUND]...away. Nice. [Speaker:TUTOR] Yeah. [Speaker:BACKGROUND]...put all the headphones on. [Speaker:TUTOR] All right, so 2/4 is one equivalent fraction to half.
Can you circle or make a square out of the other equivalent fractions in this fraction wall for me, Callista? [unclear] You can highlight them here, Callista.
Or you can circle them for me. Any shape is fine. [unclear]
Thank you. All right. Amazing work done there, Callista. I'm sorry, that was the wrong— [unclear] Okay. Amazing work. Let me just erase these up for now. So how you find equivalent fractions for half is, Callista, do you see this is half?
Yes, it starts here. And it ends here. Okay, Callista, do I have your attention?
Okay, then let's go to 1/3. Do we have a line ending here in 1/3, Callista?
No. So can we take 1/3 as an equivalent fraction to 1/2?
No. Now let's move on to 1/3. Quarter or one-fourth. Is one-fourth looking equal to half, Callista?
Yes, do you see? It's the same as the half above.
Yes, so two-fourths is equal to half. Then let's move to one-fifth. Do you think one-fifth could be equal to half?
Do you see a line ending here in 1/5?
No. Then can we take 1/5 as an equivalent fraction to 1/2?
No. Let's move on to the other number. What is the other number?
1/6. Do you think 1/6 could be an equivalent fraction to 1/2?
Yes! And how would that be, Callista? As you can see, it starts here and ends the same way as the half. Okay?
So how would you write this here for me, Callista? How would you write this fraction for me here?
Aha, what is this fraction? Can you read this out for me?
Yes, 1/6. Then if you add 1/6 plus 1/6 plus 1/6, what would be your answer? Would it be 1/4?
Okay, Callista. Do you think we would add the denominators?
No, we never add the denominators. Do you think we can add the numerator?
Yes! So we can add the numerator and not the denominator. Then what is the fraction? 3/6. Very well done with figuring that out. Can you write that down for me?
Okay, Callista.
Which one would be 66, you mean, Callista?
This one?
What do you mean by the next one?
You mean this one?
Okay, you mean this? Okay, why do you think that would be 6/6, Callista?
So we are looking at the fraction wall to figure it out. Okay, we can take the help of this diagram to find our answers. So Callista, we are coming down in the diagram. What is after 1/6?
1/7. Do you think 1/7 is equivalent to 1/2?
No. Why is that, Callista?
Because it does not end here. Instead, it's ending here. Okay? So can you see that it's a bit more than 1/2?
Yeah. So can we consider 1/7?
No. What comes next, Callista?
1/8. What do you think about 1/8?
Yeah! How is that possible, Callista?
Yes! Because as you can see— It starts just as the half starts and it ends exactly where the half ends. So how would you write this fraction down here, Callista?
Mm-hmm. How did you get 6/8?
So how did you get 3/6 when you added these, Callista?
So can you remember, Callista? We add the numerator and we never add the denominator. So here, what would you add?
Yes, 4/8. You would add only the numerator and never add the denominator. So what is the fraction?
That's the right answer. Very well done with figuring that out, Callista. All right, what is the next fraction then?
1/10 it is. That's the right answer. How would you write down that fraction? [Speaker:Callista]...5/10. [Speaker:TUTOR] That is the right answer, Callista. Very well done with that.
Yes, please.
Excellent work with figuring that out, Callista. That is the right answer. So did you understand how we use a fraction wall in finding equivalent fractions?
Yes. And how do we determine that?
Okay.
And then we run to the second box. Yes, that is how you highlight it. So when you add the fractions up, Callista, would you add the denominators?
No. Would you add the numerators?
Yes, very well done with explaining that to me, Callista. Now can you give question B a try for me?
Now Callista, here for this question we had to highlight a half. So we highlighted a half. For this question, what do we have to highlight?
1/4. Can you highlight the one-fourth for me? Okay, good attempt there. So when you look at it, is this one-fourth, Callista? When you add these two, what is the answer?
It is two-fourths. What do you have to highlight, Callista?
One-fourth. Yes, so it will be just that. Now can you find two equivalent fractions for me?
I'm sure you're going to figure this one out and write your answer all on your own here for me. Got it.
Okay. Mm-hmm. You can tell that's an egg, can't you?
You can tell that's an egg, can't you?
That's all right. [unclear]
Amazing attempt down there, Callista. So what two fractions are equivalent to one quarter?
Amazing work. So why is 2/8 equivalent to 1/4?
That can depend, Callista. You always have to consider where the box starts and where the box ends. Yeah? Does it end in the second 1/5? Oh, sorry.
Okay.
That is all right. Okay.
All right. [unclear]
Oh, that's okay. [Speaker:Callista]... [unclear]
Okay, amazing work done there, Callista.
Alright. So why did you change your answers, Callista? Can you explain that out to me?
Okay. So where does that box start, Callista? It starts here? And it ends here. So in that case, Callista, what are the equivalent fractions for this box?
Yes. What is the other equivalent fraction?
1/8. So where would it start, Callista? It would start here. Where would it end?
The same way you did 1/4, Callista. It would start here. Where would it end? It would end here. Okay, just as this. The lines would align. Okay?
Alright. Let me explain it to you once again, Callista. Okay? [unclear] So we are going to learn how we can use a fraction wall to find equivalent fractions. Okay?
So now you have to find equivalent fractions for half. For that, Callista, what is the first thing that you have to do?
You highlight the half. Is this both half, Callista? Would you highlight both of them?
No, because only this is half. Then, Callista, to find equivalent fractions for half, you would go on moving down from each row. Okay, so now we can move to the second row. In that case, Callista, can you find an equivalent fraction? Do you think it ends here? Starts here and ends here?
No. So is that an equivalent fraction?
No. So you don't consider 1/3. Moving on to the next row. How about that, Callista?
Yeah, because it starts similarly as half here and it ends here, which it ends here. So how would you write both of these fractions down, Callista? What would you do? Would you add the denominators? [Speaker] Yes.
No, you never add the denominator. The denominator always stays the same. Do you add the numerator? [Speaker] Yes.
Yes, you add the numerator. And what is 1 1? 2.
Now, Callista, for one quarter, can you highlight one quarter for me in the fraction wall? [unclear]
Where do you see the same number in the fraction wall? Callista?
Is it there? Do you see one-fourth here? Where is one-fourth? [unclear] Yes, it is here, Callista. So you would only highlight the one-fourths, okay?
Yes. Now Callista, what are the other fractions in this fraction wall that start here and end here?
Can you draw boxes for me equal to this box? [unclear]
Okay, Callista. [Speaker:Callista]...quick. [Speaker:Tutor] Alright, let's see. Like I told you, it has to start here and it has to end here. Yeah?
Yeah. So in that case, we'll draw a big line. Now, Callista, what are the fractions that are equal? As you can see, this is equal. And also you can see— [unclear]
This is equal. Now, how would you write this fraction and this fraction down?
Yes, that is the right answer, Callista. But first of all, you should be able to identify the question in the fraction wall. Can you highlight 1/6 for me in the fraction wall? [unclear]
Yes, always, Callista. Remember the box, okay? You cannot start the box from here. Instead, it starts here and it goes exactly inside this, okay? Now, can you highlight 3/9 for me? Yes, that is the right way to do it, Callista. Can you highlight 3/9 for me? [unclear]
Yes.
What do you think would be 3/9?
Yes, that is the right way to do it, Callista. Now I want you to find an equivalent fraction to 3/7 in the fraction wall. Can you find an equivalent fraction to 3/7? First, what would you do, Callista, if you have to find an equivalent fraction to 3/7? What's your first step?
Is the line aligning? [Speaker] I'm pretty sure.
Do you see that this line ends here, whereas this line ends here? Do you see there's a slight difference? [Speaker] Yeah.
Yeah, then Callista, first Callista, you would highlight 3 sevens. So as you can see, the denominator is 7, so that would be this
Okay. So to find an equivalent fraction, what is the first step? What is the first step that you would do?
To find an equivalent fraction, what is the first thing you would do? If you have to find an equivalent fraction for half, what is the first thing you would do?
You would first highlight the half, Callista. Okay? And then what would you do to find the equivalent fraction?
You would go then down the line and see where it starts and where it ends, just as the half. Okay?
All right, Callista. With that being said, we have come to the end of our session. Okay? I hope today's session was all right for you. What do you think about today's session?
Okay, I'm very glad to hear that. Remember to answer the quiz questions and reflect on your session, okay?
I will see you next week. Goodbye, Callista.
Bye.","[TUTOR] Hello?
[BACKGROUND] [unclear]
[STUDENT] Hello?
[TUTOR] Hello.
[BACKGROUND] Hi, Callista.
[TUTOR] Hi.
[BACKGROUND] How are you doing?
[TUTOR] Alright.
[BACKGROUND] That's nice to hear. And how is your day going so far?
[TUTOR] Good.
[TUTOR] Okay, Callista. What did you do at school today?
[STUDENT] [unclear]
[TUTOR] Alright, and what did you do for math today at school? [Speaker:Callista]... [Speaker:Tutor] Yes, do you remember?
[STUDENT] Not really.
[TUTOR] Alright. Are you sure, Callista? [unclear]
[TUTOR] Yeah, okay, that's all right. With that being said, how do you feel about beginning your lesson with me?
[STUDENT] Okay.
[TUTOR] Okay, Callista, so let's try to make this lesson as interesting as we can, okay?
[STUDENT] Yeah.
[TUTOR] All right, so Callista, today you will be learning about simplifying fractions. Okay.
[STUDENT] Yeah.
[TUTOR] What do you know about the word simplify, Callista?
[STUDENT] You simplify that number.
[TUTOR] Yes, you simplify that number. So simplify basically means to halve a number. Yeah.
[STUDENT] Yeah.
[TUTOR] Okay, that's a sweet smiley face, Callista. Um, so can you try working out on this learning goal question by reading it out? And simplify this fraction.
[TUTOR] Yes.
[STUDENT] To work on this one.
[TUTOR] Yes, please. [unclear] Is that how you do it?
[TUTOR] Yes, Callista, that is how you do it. So what would you write in these boxes?
[STUDENT] [unclear]
[TUTOR] Mm-hmm. [Speaker:Callista]...therapeutics. [Speaker:Tutor] Mm-hmm. What do you think you want to write here? Can you give it a try? [unclear]
[TUTOR] What do you think, Callista, could come here? Can you just guess that out for me?
[STUDENT] 3, maybe?
[TUTOR] Okay, good try there, Callista. Don't worry, let's learn how we can simplify fractions, okay, in this lesson.
[TUTOR] Alright, now let's hop onto the prior learning question. Can you read this question out and try this out for me?
[STUDENT] Prior learning.
[TUTOR] Yes.
[STUDENT] If two fractions are equal— equivalent to one— [unclear]
[TUTOR] Yes, to half. [unclear]
[TUTOR] Yes, Callista, you can give it a try. Don't feel scared if you'll make a mistake, okay? It's all right. We are here to learn, so we can learn if we make a mistake, okay?
[TUTOR] Yeah.
[STUDENT] All right. [unclear]
[TUTOR] Okay. And then what about for this? [unclear]
[TUTOR] Okay, Callista, excellent work with trying these questions out. I'm very proud of you for your work here. So when we look at this fraction, 3/9 equal to 1/3, and equivalent fractions to 1/2 could be 2/4 or 3/6. But don't worry, my Callista, we will see how we can figure that out, okay?
[STUDENT] Yeah.
[TUTOR] Alright, so let's begin learning about simplifying fractions. Can you read what's on this green [unclear] for me?
[STUDENT] The 4 simplifying fractions we need to understand. Equivalent fractions. Equivalent fractions have the same value or are equal.
[TUTOR] What do you understand when you read that, Callista?
[STUDENT] Equivalent fractions have the same value or are equal.
[TUTOR] That is the right answer. That was very well explained to me, Callista. So for that purpose, to find and understand equivalent fractions, we can use a fraction wall. Okay?
[STUDENT] Yeah.
[TUTOR] So to find equivalent fractions, we are going to use a fraction wall. Which of the diagrams here do you think is a fraction wall, Callista? That's the right answer! Excellent work with figuring that out to me. So we are going to use a fraction wall to help us in finding equivalent fractions. Okay?
[STUDENT] Yeah.
[TUTOR] All right, Callista. Now, as you can see, I'm— [unclear] Let me just erase this off. Is that all right, Callista?
[STUDENT] Yeah.
[TUTOR] Okay, so they say that half and two quarter are exactly the same size on the fraction wall. So let's see how half and two quarter are exactly the same size. Okay?
[STUDENT] Yeah.
[TUTOR] So when you look here, Callista, do you see half is highlighted?
[STUDENT] Yeah.
[TUTOR] Yes. And then when you look down, we don't see another line, so this cannot be taken as an equivalent fraction. When we go another row down, we have a line aligning the line above. So do you see that that is 2/4, Callista?
[STUDENT] Yeah.
[TUTOR] Yes, and how has it become 2/4? How has 1/4 plus 1/4 become 2/4? Have the denominators been added?
[STUDENT] [unclear] Yeah.
[TUTOR] Have the denominators been added, Callista, or are they the same?
[STUDENT] They are the same.
[TUTOR] They are the same. How about the numerators? Have they been added?
[STUDENT] [unclear]
[TUTOR] 1 plus 1?
[STUDENT] 2.
[TUTOR] 2. So have the numerators been added, Callista?
[STUDENT] Yeah.
[TUTOR] Yes, so you can add the numerators, but you cannot add the denominators. Okay? [Speaker:BACKGROUND]...away. Nice. [Speaker:TUTOR] Yeah. [Speaker:BACKGROUND]...put all the headphones on. [Speaker:TUTOR] All right, so 2/4 is one equivalent fraction to half.
[TUTOR] Can you circle or make a square out of the other equivalent fractions in this fraction wall for me, Callista? [unclear] You can highlight them here, Callista.
[TUTOR] Or you can circle them for me. Any shape is fine. [unclear]
[STUDENT] I feel like they are equivalent because they're in the [UNCLEAR]. [Speaker:TUTOR] Mm-hmm. Do you find any more, Callista?
[TUTOR] Thank you. All right. Amazing work done there, Callista. I'm sorry, that was the wrong— [unclear] Okay. Amazing work. Let me just erase these up for now. So how you find equivalent fractions for half is, Callista, do you see this is half?
[STUDENT] Yes.
[TUTOR] Yes, it starts here. And it ends here. Okay, Callista, do I have your attention?
[STUDENT] Yeah.
[TUTOR] Okay, then let's go to 1/3. Do we have a line ending here in 1/3, Callista?
[STUDENT] No.
[TUTOR] No. So can we take 1/3 as an equivalent fraction to 1/2?
[STUDENT] [unclear]
[TUTOR] No. Now let's move on to 1/3. Quarter or one-fourth. Is one-fourth looking equal to half, Callista?
[STUDENT] [unclear]
[TUTOR] Yes, do you see? It's the same as the half above.
[STUDENT] Yeah.
[TUTOR] Yes, so two-fourths is equal to half. Then let's move to one-fifth. Do you think one-fifth could be equal to half?
[TUTOR] Do you see a line ending here in 1/5?
[STUDENT] No.
[TUTOR] No. Then can we take 1/5 as an equivalent fraction to 1/2?
[STUDENT] No.
[TUTOR] No. Let's move on to the other number. What is the other number?
[STUDENT] 1/6.
[TUTOR] 1/6. Do you think 1/6 could be an equivalent fraction to 1/2?
[STUDENT] Uh, yeah.
[TUTOR] Yes! And how would that be, Callista? As you can see, it starts here and ends the same way as the half. Okay?
[STUDENT] Yeah.
[TUTOR] So how would you write this here for me, Callista? How would you write this fraction for me here?
[TUTOR] Aha, what is this fraction? Can you read this out for me?
[STUDENT] [unclear]
[TUTOR] Yes, 1/6. Then if you add 1/6 plus 1/6 plus 1/6, what would be your answer? Would it be 1/4?
[STUDENT] 1/12.
[TUTOR] Okay, Callista. Do you think we would add the denominators?
[STUDENT] No.
[TUTOR] No, we never add the denominators. Do you think we can add the numerator?
[BACKGROUND] [unclear]
[TUTOR] Yes! So we can add the numerator and not the denominator. Then what is the fraction? 3/6. Very well done with figuring that out. Can you write that down for me?
[TUTOR] Okay, Callista.
[STUDENT] And would that be 66? [unclear]
[TUTOR] Which one would be 66, you mean, Callista?
[STUDENT] The next one.
[TUTOR] This one?
[STUDENT] And—
[TUTOR] What do you mean by the next one?
[TUTOR] You mean this one?
[BACKGROUND] Nothing like that.
[TUTOR] Okay, you mean this? Okay, why do you think that would be 6/6, Callista?
[STUDENT] Because this one's 3 and I thought this one would be 6.
[TUTOR] So we are looking at the fraction wall to figure it out. Okay, we can take the help of this diagram to find our answers. So Callista, we are coming down in the diagram. What is after 1/6?
[STUDENT] 1/7.
[TUTOR] 1/7. Do you think 1/7 is equivalent to 1/2?
[STUDENT] No.
[TUTOR] No. Why is that, Callista?
[STUDENT] [unclear]
[TUTOR] Because it does not end here. Instead, it's ending here. Okay? So can you see that it's a bit more than 1/2?
[STUDENT] Yeah.
[TUTOR] Yeah. So can we consider 1/7?
[STUDENT] Uh, no.
[TUTOR] No. What comes next, Callista?
[STUDENT] 1/8.
[TUTOR] 1/8. What do you think about 1/8?
[STUDENT] Yeah.
[TUTOR] Yeah! How is that possible, Callista?
[STUDENT] Because it's the next 2 up.
[TUTOR] Yes! Because as you can see— It starts just as the half starts and it ends exactly where the half ends. So how would you write this fraction down here, Callista?
[STUDENT] Would you do it, um, 6/8?
[TUTOR] Mm-hmm. How did you get 6/8?
[STUDENT] Because I feel like the bottom's 6 and the top's 8.
[TUTOR] So how did you get 3/6 when you added these, Callista?
[STUDENT] [unclear]
[TUTOR] So can you remember, Callista? We add the numerator and we never add the denominator. So here, what would you add?
[STUDENT] 4/8.
[TUTOR] Yes, 4/8. You would add only the numerator and never add the denominator. So what is the fraction?
[STUDENT] [unclear]
[TUTOR] That's the right answer. Very well done with figuring that out, Callista. All right, what is the next fraction then?
[STUDENT] The 1/10.
[TUTOR] 1/10 it is. That's the right answer. How would you write down that fraction? [Speaker:Callista]...5/10. [Speaker:TUTOR] That is the right answer, Callista. Very well done with that.
[BACKGROUND] Can I try the other one on my own?
[TUTOR] Yes, please.
[BACKGROUND] [unclear] 10, can't you? [unclear]
[TUTOR] Excellent work with figuring that out, Callista. That is the right answer. So did you understand how we use a fraction wall in finding equivalent fractions?
[STUDENT] Yeah.
[TUTOR] Yes. And how do we determine that?
[BACKGROUND] By [UNCLEAR]. [Speaker:Tutor] So as the question is half, we look at the box which says half.
[TUTOR] Okay.
[STUDENT] We always [unclear] to the second box.
[TUTOR] And then we run to the second box. Yes, that is how you highlight it. So when you add the fractions up, Callista, would you add the denominators?
[STUDENT] No.
[TUTOR] No. Would you add the numerators?
[STUDENT] Yes.
[TUTOR] Yes, very well done with explaining that to me, Callista. Now can you give question B a try for me?
[STUDENT] [unclear] score down every 4 columns.
[TUTOR] Now Callista, here for this question we had to highlight a half. So we highlighted a half. For this question, what do we have to highlight?
[STUDENT] 1/4.
[TUTOR] 1/4. Can you highlight the one-fourth for me? Okay, good attempt there. So when you look at it, is this one-fourth, Callista? When you add these two, what is the answer?
[STUDENT] [unclear] Two-fourth?
[TUTOR] It is two-fourths. What do you have to highlight, Callista?
[TUTOR] One-fourth. Yes, so it will be just that. Now can you find two equivalent fractions for me?
[STUDENT] [unclear]
[TUTOR] I'm sure you're going to figure this one out and write your answer all on your own here for me. Got it.
[TUTOR] Okay. Mm-hmm. You can tell that's an egg, can't you?
[STUDENT] Pardon?
[TUTOR] You can tell that's an egg, can't you?
[STUDENT] Yes! [unclear]
[STUDENT] Oh, that's the wrong one.
[TUTOR] That's all right. [unclear]
[STUDENT] So then—
[TUTOR] Amazing attempt down there, Callista. So what two fractions are equivalent to one quarter?
[STUDENT] [unclear] [unclear]
[TUTOR] Amazing work. So why is 2/8 equivalent to 1/4?
[STUDENT] Because I feel like you have to go down every 4 columns.
[TUTOR] That can depend, Callista. You always have to consider where the box starts and where the box ends. Yeah? Does it end in the second 1/5? Oh, sorry.
[TUTOR] Okay.
[STUDENT] I got confused with them two boxes.
[TUTOR] That is all right. Okay.
[STUDENT] [unclear]
[TUTOR] All right. [unclear]
[TUTOR] Oh, that's okay. [Speaker:Callista]... [unclear]
[TUTOR] Okay, amazing work done there, Callista.
[TUTOR] Alright. So why did you change your answers, Callista? Can you explain that out to me?
[STUDENT] Because I went like this before and I forgot [unclear] with it. But then I realised, then I did this.
[TUTOR] Okay. So where does that box start, Callista? It starts here? And it ends here. So in that case, Callista, what are the equivalent fractions for this box?
[STUDENT] [unclear]
[TUTOR] Yes. What is the other equivalent fraction?
[STUDENT] 1/8.
[TUTOR] 1/8. So where would it start, Callista? It would start here. Where would it end?
[TUTOR] The same way you did 1/4, Callista. It would start here. Where would it end? It would end here. Okay, just as this. The lines would align. Okay?
[STUDENT] Yeah.
[TUTOR] Alright. Let me explain it to you once again, Callista. Okay? [unclear] So we are going to learn how we can use a fraction wall to find equivalent fractions. Okay?
[TUTOR] So now you have to find equivalent fractions for half. For that, Callista, what is the first thing that you have to do?
[STUDENT] [unclear]
[TUTOR] You highlight the half. Is this both half, Callista? Would you highlight both of them?
[STUDENT] No.
[TUTOR] No, because only this is half. Then, Callista, to find equivalent fractions for half, you would go on moving down from each row. Okay, so now we can move to the second row. In that case, Callista, can you find an equivalent fraction? Do you think it ends here? Starts here and ends here?
[STUDENT] No.
[TUTOR] No. So is that an equivalent fraction?
[STUDENT] No.
[TUTOR] No. So you don't consider 1/3. Moving on to the next row. How about that, Callista?
[STUDENT] Yeah.
[TUTOR] Yeah, because it starts similarly as half here and it ends here, which it ends here. So how would you write both of these fractions down, Callista? What would you do? Would you add the denominators? [Speaker] Yes.
[TUTOR] No, you never add the denominator. The denominator always stays the same. Do you add the numerator? [Speaker] Yes.
[TUTOR] Yes, you add the numerator. And what is 1 1? 2.
[STUDENT] Okay. [unclear]
[TUTOR] Now, Callista, for one quarter, can you highlight one quarter for me in the fraction wall? [unclear]
[TUTOR] Where do you see the same number in the fraction wall? Callista?
[STUDENT] Here.
[TUTOR] Is it there? Do you see one-fourth here? Where is one-fourth? [unclear] Yes, it is here, Callista. So you would only highlight the one-fourths, okay?
[STUDENT] Yeah.
[TUTOR] Yes. Now Callista, what are the other fractions in this fraction wall that start here and end here?
[STUDENT] [unclear]
[TUTOR] Can you draw boxes for me equal to this box? [unclear]
[TUTOR] Okay, Callista. [Speaker:Callista]...quick. [Speaker:Tutor] Alright, let's see. Like I told you, it has to start here and it has to end here. Yeah?
[TUTOR] Yeah. So in that case, we'll draw a big line. Now, Callista, what are the fractions that are equal? As you can see, this is equal. And also you can see— [unclear]
[STUDENT] Yeah.
[TUTOR] This is equal. Now, how would you write this fraction and this fraction down?
[STUDENT] 3/12 and 2/8.
[TUTOR] Yes, that is the right answer, Callista. But first of all, you should be able to identify the question in the fraction wall. Can you highlight 1/6 for me in the fraction wall? [unclear]
[TUTOR] Yes, always, Callista. Remember the box, okay? You cannot start the box from here. Instead, it starts here and it goes exactly inside this, okay? Now, can you highlight 3/9 for me? Yes, that is the right way to do it, Callista. Can you highlight 3/9 for me? [unclear]
[TUTOR] Yes.
[STUDENT] [unclear]
[TUTOR] What do you think would be 3/9?
[STUDENT] [unclear]
[TUTOR] Yes, that is the right way to do it, Callista. Now I want you to find an equivalent fraction to 3/7 in the fraction wall. Can you find an equivalent fraction to 3/7? First, what would you do, Callista, if you have to find an equivalent fraction to 3/7? What's your first step?
[STUDENT] Go down the line. [unclear] [Speaker] It would be 1/9. No, 3/9. Because, um...
[TUTOR] Is the line aligning? [Speaker] I'm pretty sure.
[TUTOR] Do you see that this line ends here, whereas this line ends here? Do you see there's a slight difference? [Speaker] Yeah.
[TUTOR] Yeah, then Callista, first Callista, you would highlight 3 sevens. So as you can see, the denominator is 7, so that would be this
[BACKGROUND] 1, 2, 3. So this is 3 sevens. Now to find an equivalent fraction, you would see which box starts here and ends here. So as you go down You can see— do you see? Can you find an equivalent fraction to 3/7? No, right? [unclear] Yeah. Okay, Callista, so how was this lesson for you?
[STUDENT] Okay.
[TUTOR] Okay. So to find an equivalent fraction, what is the first step? What is the first step that you would do?
[STUDENT] [unclear]
[TUTOR] To find an equivalent fraction, what is the first thing you would do? If you have to find an equivalent fraction for half, what is the first thing you would do?
[STUDENT] You then go down the line to see which one matches.
[TUTOR] You would first highlight the half, Callista. Okay? And then what would you do to find the equivalent fraction?
[STUDENT] [unclear]
[TUTOR] You would go then down the line and see where it starts and where it ends, just as the half. Okay?
[STUDENT] Yeah.
[TUTOR] All right, Callista. With that being said, we have come to the end of our session. Okay? I hope today's session was all right for you. What do you think about today's session?
[TUTOR] Okay, I'm very glad to hear that. Remember to answer the quiz questions and reflect on your session, okay?
[STUDENT] Yeah.
[TUTOR] I will see you next week. Goodbye, Callista.
[BACKGROUND] Bye.
[TUTOR] Bye."
bieoehx,Solving real-life problems with remainders.,0.3066291,"Hello.
Hello.
Hi.
Hi, Desmond. How are you?
Good.
Yeah.
[unclear]
Can you hear me?
Hello, I'm back.
Yeah, I just had to talk to my teacher.
Yeah, there are 27 books. The teacher puts 5 books on each table. How many books are left over? [unclear]
Because when you do your 5 times tables up to the closest number of 27, you will get 25 and there's 2 left over.
Yeah.
I think— I don't know if it'll be 7 or not, but the last one that's saying it makes it seem like it's 7.
When it's divided by 8, the remainder is 1.
Yeah.
Not really. Okay, then can you give me a number which have 2 digits? [unclear] Any number which have 2 digits?
11.
2 with 2 remainder 1.
To not have any remainders.
Oh.
Yeah.
2. Wait, no, 1.
Yeah?
Would it be 12 instead of 9?
Because the 9 doesn't have a remainder, like, because it's below [Speaker:Desmond]...the number. And it needs to be above for it to be a remainder. And in 12, 12 is bigger than 10 by 2. [Speaker:Tutor] Okay, well done. Yes, so good job explaining it out, Desmond. So can you write 12 then?
Yes.
Yes.
When it's divided by 5, the remainder is— when it's divided by 8, the remainder is 1.
Yes. [unclear] [unclear]
It can't be 12 because the remainder is 4.
Would it be 9? I think it might be 9. Because when I've done it before, the remainder was 4 for 12. And it only needs a remainder of 1, so if you take 3 away from the 12, it would be 9.
Oh, the remainder is also 4.
No.
Yeah, I got 1 remainder 4.
Yeah.
Oh, no.
Um, [unclear] wait, would it be 11?
Because when you do your 5 times tables, there's one left over and it's a 2-digit number.
Yeah, 2 left over.
Is it 11 still?
Oh, would it be 10?
Sorry, could you say that again?
Yeah.
By timesing.
Timesing.
2.
Yeah.
20.
Oh, so it will be 10 times 1.
10, but it is [UNCLEAR]. [Speaker:Tutor] So did you understand my question, Desmond?
Kind of, not really.
Okay.
[unclear]
So that's why I thought we would divide it and put together.
Hmm, a bit.
8.
[unclear] 12.
By using the 4 times tables.
Yeah, sorry, what about [UNCLEAR]? [Speaker:Tutor] We can do 4s, of course. Can't we do 2s?
2, 4, 6, 8, 10, 12, 14, 16, 18, 20, 22, 24.
Yeah.
It's about us.
6.
16.
Yeah.
[unclear] Oh, divide?
Oh, I thought you meant times.
6.
2.
24.
28. [unclear] Wait, no, not 28. 18.
[unclear]
Hello?
Yeah, sorry, just a moment.
Yeah.
Yeah.
Yeah.
The 2 times tables.
So, 8, 3, 6.
I don't think that one will be one because it has a remainder.
Because when I do the calculation and divide, I have remainder 2.
I did the division in the times tables and the answer I got was 2 off.
What was the calculation again?
I did 3 times tables.
3, 6, 9, 12, 15, 18, 21.
I didn't get a remainder. I got 1.
2.
No.
Oh, 3 remainder nothing.
First, that's 3, 4.
Yeah, I didn't get remainder, but I got 4.
No.
This one with how it's set out confused me, so I just grabbed my whiteboard and put it in a normal [UNCLEAR]. [Speaker:Tutor] What about 10?
Didn't know how to do it. I got the answer 206.
3 did.
Oh, 3. I will get 4 remainder 1 for 10.
I typed the answer wrong. No, I got 3 remainder 1.
4.
No.
Yeah. [unclear]
Would you check your— would you check the time, please?
Not 4. [unclear] 12.
Yeah.
I don't know, is it 9?
18 is 14.
Wait, no, I'm still thinking. I think—
Mm-hmm.
Yeah. 3 times doubles.
21.
4, 8, 12.
Ah, 4.
Yeah. 4.
8. 10.
For [UNCLEAR].
Would it be 12?
I mean, if it was [UNCLEAR], I think— [Speaker:Tutor] What is next?
Cupcakes in a box is very big.
Mm-hmm, yes.
20?
Yeah, 5, 10, 15, 20, 25, 30, 35, 40, 45, 50, goes on forever.
[unclear] [Speaker:Tutor]...15, 20, 25. [Speaker:Desmond] Okay.
There's 8, 16, 24, 32, 40, 48. [unclear]
Mm-hmm.
Okay.
[unclear]
3, because if you add 1 more, there's still 1 left open so you can get to the next number.
5.
7.
6 and [UNCLEAR].
1. How do you change 2? [unclear]
Okay.
2, 7.
4 would change to?
4, 1 remainder 3.
Would it just stay as 4?
No.
5.
Uh, guessed.
Uh, I thought about the numbers.
Uh... 9.
[unclear]
By changing the— [Speaker:Background]...by going up by 1. [Speaker:Tutor] Going up by 1, there you go, well done, yes. How can you get a remainder of 2 then? [unclear] Twice? Twice or 2?
Times 5 more.
5.
Oh, would it be 6?
Yeah.
I want to say yes, but I don't know.
Okay.
5, 10, okay.
7.
7. 12.
17. 19. What did I say? 19, 22, 27. [unclear]
Okay.
When it's divided by 8, the remainder is 1.
Okay. [unclear] That will all go one, so that will become 9. This becomes 17, 25.
[unclear]
[unclear]
That was a while. [unclear]
So when you do this question, you need to go write your times tables and figure them out while divisible, figure them out in a divisible way. And when you've finished in the divisible way, you make it go up a bit. When you've got your numbers, see what numbers are the same. See what numbers have the same number on each side, and that will be your answer.
That [unclear] sometimes be easier than anybody knew.
That maths can sometimes be easier than you think.
But yeah, that when you're using your times tables, when you're using your remainder, you can make the times tables go up and make it easier to figure out.
[unclear] I put one there, decimal point, and then the leftover 2.
6.
Because when using your whole number, it has to be above 4. And it's twice above 4, so it will go to the nearest whole number, and the nearest whole number is 6.
If it's 4 or above, you can round, but if it's 4 or below, you can't....for above.
[unclear] 5 and above.
Well, the last digits after the point and— wait, no, the last digits after the decimal point. And then when you figured that out, you look at the first digit before the decimal point and then go up one. [unclear]
Look at the value of tenths on the number line to round each of these numbers to the nearest whole number. [unclear]
Even though— [unclear] Because I thought the 9 and the 9 together, if it goes up once, it makes 1. But then when I make my way over to C, I can see it's gone above 9.9, meaning it's 20.
You bring the first digit number to the nearest whole number.
Yeah, round up if it's 4 or below, it goes down.
Sorry?
Yeah.
Either 10.0 or 1.
Yeah.
I did get it right. [unclear] I got it right. Look.
Yeah, most probably.
Always use the last digits to help you.
No, it can sometimes be the first last digit.
If it's 5 or above, it rounds up to the nearest whole number. If it's 4 or below, it goes down.
Happy holidays to you too. [unclear] Bye.","Hello.
Hello.
Hello.
Hello.
Good. How was school today?
Desmond, can you hear me clearly?
Okay, great. So how was school today?
Right. Okay, great. Then let's get started with our topic. So today we will continue solving real-life problems with remainders. So can you try this learning goal question? [unclear]
Hello?
Okay, what happened?
Okay, so can you try the learning goal question?
Why is it 2?
Okay, well done. So good job trying it out and also [unclear] explaining it out. Then let's start this question. So we couldn't finish it last time, but we have started it. Do you remember?
Okay, first can you read it?
Give it a try.
Mm-hmm. What do you mean by the last one?
Uh-huh. Okay, you mean if 7 was divided by 8, the remainder is 1?
Yeah, okay. Can you explain me more on that? How the remainder will be 1? [Speaker:Desmond]... [UNCLEAR] If I'm being honest, I just took a guess.
Hmm, okay.
So, I'll give you a tip. What kind of numbers are divisible by 5? Can you give me any example? [unclear]
11, okay. Well done. Can you write it? [unclear]
Okay. Now, can you divide it by 5?
2 remainder 1. Okay. If it did not have any remainders, what should the number be?
To not have.
10. Well done. Yes. Okay. So you already gave me a number which is divisible by 5. Yeah?
Okay. So now you told me if 11 was divisible— if we divide 11 by 5, the remainder is? How much?
1. Okay. Can you make it 2, the remainder? [unclear]
9. Okay. Can you see for yourself? So divide 9 by 5. What do you get?
Wait. [unclear]
Hello?
Why do you want to change it?
Okay, so now let's go through it. So does it have 2 digits? [unclear]
Okay, so when we divide it by 5, do we get a remainder of 2? [unclear]
Yes, yes, okay. What is the next condition we have to check?
Yes. Can you also check it for 12?
Okay, remainder is 4. Well done. Yes, so good job. Awesome effort on that. Okay, now let's do it this way. So I'll write 5 and 8. So underneath, can you write what are the remainders you got after dividing by 5? [unclear]
Mm-hmm. Okay, okay. Can you check that? So divide 9 by 5, what do you get? [unclear] And you divide 9 by 5 and see what is the remainder. So for this one you got—
Also 4, yes. And also, does it have 2 digits?
No. Okay, so you can't take 9 then. So do you remember how you made 12 using [UNCLEAR]? [Speaker:Background] Now I think it's 12 again.
Okay, but
We didn't. Did we get the remainder of 1 here for 8? [unclear] Do you remember what you got when you divided it by 8?
1 remainder 4. So then that's it. So what about our second condition, Desmond? Is it true for 12? [unclear]
Did we get a remainder of 1?
No.
Okay. So can you check for another number? Tell me, um, can you tell me without the remainder part, what was the number divisible by 5?
Uh-huh, okay. But are we looking for one left over? [unclear]
Okay. Desmond, do you remember without the leftover what was the number divisible by 5? What was the closest for 12?
I mean without the remainder.
10, exactly. So how did you use 10 to get to 12? For a 2 leftover number.
Yeah, sure. So 10 was the number divisible by 5, right?
Okay, so how did you make a 2 remainder number using the 10?
By?
Timesing by how much?
Okay, you mean 10 times 2?
What is 10 times 2?
Okay, but we have 12.
10 times 1 is?
Okay, no worries. So my question was, so 10 It's a number divisible by 5 without any remainders, right?
Okay, so using that, we made a number which is, uh, where we get the remainder of 2, then we divide it by 5.
So when you divide 10 by 5, there is no remainder. But when we divide 12 by 5, there is a remainder of 2.
So what is the change you made to 10 to get a remainder of 2?
Did you— was it clear, the question?
Okay. Okay, let me get to another question. Okay, let's see. Okay. So, can you tell me a number divisible by, let's say, 2? [unclear]
4. Another one?
Okay, another one?
Okay, how did you find those numbers?
Okay, 4 times table. So I wanted the number divisible by 2, Desmond.
So what other time savers can we use? Your numbers are correct. You could use 4 or 8. [unclear]
Could you do 2s? What do you think? Can you tell me the 2s?
Yes, okay. What do you think about them? Are they divisible by 2?
Yeah, so simply we can give our 2s to make a number divisible by 2.
Yeah. Okay, then can you tell me a number divisible by 3?
Uh-huh. What else?
16? Is 16 divisible by 3? [unclear]
Can you tell me what you got when you divided 16?
Yeah.
So I want the numbers divisible by 3 without any remainders. What is the first number that comes to your mind? [unclear]
6, okay. Yeah, what do you get when you divide 6 by 3?
2, okay. Can you tell me another number divisible by 3?
24, what else?
18, correct. So, Desmond, simply which times table are divisible by 3?
So we found out that our 2 times table is divisible by 2. Yeah, without any remainders. So what do you think would— what kind of numbers would be divisible by 3?
Desmond? [Speaker:Desmond]...then... [Speaker:Tutor] Hello? [Speaker:Desmond]...about this thing in the [UNCLEAR]... [Speaker:Tutor] Desmond, are you there? [Speaker:Desmond]...20 by 4, which is 5... [Speaker:Tutor] Hello? [Speaker:Desmond]...add a [UNCLEAR] again...
Desmond, can you hear me? [Speaker:Desmond]... [UNCLEAR]... [Speaker:Tutor] Hello? Hello? Hello? Hello? Hello?
Desmond, are you there? Can you hear me? Hello? Hello? Hello? Desmond, are you there? [unclear]
I can't hear the voices. Can you please speak? [unclear] Hello? [unclear] Desmond is there? Hello?
Desmond, I can help you out. Can you please— [unclear] Hello? Desmond? Hello? Desmond, can you hear me?
Hello?
Desmond, where were you? [unclear]
I couldn't hear you. Can you please, like, if you can't hear, can you type on the screen so I know what's happening?
Yeah? Okay. Please don't stay without responding. [unclear]
Desmond, can you hear me?
Okay, so if you don't understand anything, I'm here to help you. So no need to worry, you can ask me any question you have. So we can learn together, okay? Okay, so we were talking about the numbers divisible by 2 here. You remember?
Yeah, so what were these numbers again? [unclear]
Exactly, the 2 times tables. Okay, so what can you think about the numbers divisible by 3 then?
Okay. What do you get when you divide 8 by 3? Can you tell me how we are dividing 8 by 3? The steps you follow? [unclear]
How did you find that out that it have a remainder?
Can you tell me how you did the calculation?
What was the times table you used? [unclear]
Desmond, what was the times table you used?...times table.
So to divide 8 by 3, what was the times table you—
3 times tables. Okay. Can you tell me the numbers in the 3 times table?
Okay. I'll type them. Can you check for the remainders, what you get? For 3, what do you get? [unclear]
You get 1, yes. What about 6?
2. Are there remainders?
9? Are there any remainders? [unclear]
For 9, did you— what did you get?
Uh-huh, okay. Can you tell me the next number that you get no remainder?
4?
So, can you divide 4 by 3?
Yeah, you get 1 remainder 1. So I want you to find out, after 9, what is the next number that is divisible by 3?
What number was that dividing by again?
They are dividing by— what do you think? [unclear]
Yeah, okay. For 11? Do you get 4 remainder 1 for 10?
3 remainder 1, yeah. Okay, for 11? 3... [unclear]
Okay, 12?
4. Are there any remainders?
No, okay. Then can you type the next number that is divisible by 3 here?
Okay. After 9, what was it that you found out?
Sorry, let me go. After 9?
12. Well done. Okay, can you also find the next number divisible by 3 after 12, Desmond?
Did you get after 12, 18?
18.
14. How did you get 14? [unclear]
Okay, sure, take your time. [unclear]
Would one be 15?
Okay. Yeah. How did you get 15?
Exactly. Okay. What is after 18 then?
21. Okay. Well done. Good job there. Awesome method. Okay, then can you find me the numbers divisible by 4 as well? [unclear]
From the smallest number possible?
Okay, there you go. [unclear]
Can you type?
What is next?
How did you get 10?
Yeah.
16?
Mm-hmm. [unclear] One more. 24. Okay, well done. Okay, now what about numbers divisible by 5?
Yes, well done. Okay, can you write 5?
Yeah. What about 8? Divisible by 8?
Okay, awesome effort there, Desmond. Okay, so none of them have remainders. When we divide by the specific number here on the top, right?
Okay. But now I want to get the remainder. Okay?
Okay. So let's consider this one. Divisible by 2, okay?
Okay. Okay, let me ask you, a remainder of 1, how do you change the numbers?
Okay, well done. What about 4? How would you change 4?
5, 6?
7, okay. But if I want a remainder of 2, then how do you change your numbers?
Sorry, remainder of 2. How do you change 2? [unclear] Okay, we can't get a remainder of 2 here. Sorry. I'll change the question. Remainder of 3. [unclear]
Okay, okay, okay, okay, wait. Let's go to divisible by 4, shall we?
Okay, okay. Now I want to get the remainder of 1. Can you change the numbers?
I mean, so okay, tell me your answer. To get the remainder of 1, how would it change?
7, okay. Oh, 7, okay. Can you divide 7 by 4?
Divide 7 by 4.
1 remainder 3. Okay, but I want remainder 1, Desmond. [unclear]
Then do you get any remainders?
5.
There you go. Well done. What did you do?
Guessed. Okay. So how did you guess it?
Uh-huh. Okay. Okay, okay, okay. What about 8? How can I get a remainder of 1 using 8?
9? Okay. How did it become 9? So you said 4 became 5.
Yeah, 9 divided by 4.
Yeah, okay. So what change did you make to the number? So 5 here, this one became 9. What is the change you made?
Okay, how does it change? 4 would change to?
For a remainder of 2?
There you go, well done, yes.
That's correct. Okay, did you— was it clear?
How it works? Yeah, okay, well done and awesome efforts. Yeah, excellent focus. Then let's go to the question. Okay, we go back. [unclear] Oh no. Okay, now you're on the correct path. Okay. Now do you remember numbers divisible by 5? [unclear]
I think you know.
Yes. Can you tell me? Can you write down here numbers divisible by 5? Like before?
Yes. [unclear]
Okay. Now I want to make— change your numbers that you get a remainder of 2. What are your new numbers?
7 for this one, yeah. Can you write inside? [unclear] Okay.
12.
Okay, now these are the numbers that we need, okay?
Yes. Now what do you need?
Okay. I think you can do it by yourself. Can you list it down?
Yeah.
Okay, well done. What is the other condition we need?
Okay, now, what did you find, Dominic?
Okay, well done. You can write your final answer.
Yes. Okay, can you explain me how you did it?
Mm-hmm. Okay, well done. How did we make the remainder for [UNCLEAR]? [Speaker:Desmond] By going up twice.
Yeah, yes, yeah, added 2 to the number. Okay, so well done. And, uh, yes, um, that was a lot of effort in this question. So well done on that, Desmond. Okay, so we have finished up, uh, this topic solving, uh, real life problems with remainders. Can you tell me a summary of what you did?
Sorry, I didn't get it.
OK, that was a very good tip, yes. Do you remember about remainders?
Okay. Okay, so then we have like 5 more minutes. Let's go to the next topic. Okay. So here you have rounding decimals to the nearest whole number. Okay. Can you try the learning goal?
Okay, how did you get 6?
Uh-huh, okay. So, what is the— do you remember the rule of rounding?
So what are the numbers you round up if you have? What are the...
5 and above. Yes, there you go. Okay. So when you're rounding to the nearest whole number, what is the place value you look at?
Okay, yes, okay, well done. Yes, so good job explaining it out.
Love that. Then we can start over here. Okay, what is it asking? [unclear]
9. [unclear]
Can you tell me about the first one? Have you got one?
OK. So here, are we rounding up or down, Desmond?
Oh, yeah. So what do you get? How— what do you do when you are rounding up? What is the—
Can you tell me what you did over here? How you rounded up?
Okay, exactly. So 9, if it goes up by 1, what do you get? [unclear]
Sorry? What did you say just then? So you told me here you have— you are supposed to round up. Yeah?
So this is the digit you have to change. So, okay, if it goes up, what do you get?
Final answer?
Which one, 10.0 or 1? [unclear]
Okay, okay. Actually, it is 10, Desmond. Okay, so because it's going up, it can't go down here. So here.
Yes, it's correct. So Desmond, the time is up for you. [Speaker:Tutor]...for today, so next week it's holidays. [UNCLEAR] [Speaker:Desmond]...next time? [Speaker:Tutor] Okay. Will you still be my tutor?
Okay. So can you tell me about rounding?
Is it always the last digit only?
What was the rule for rounding?
Okay, well done. Yes. Okay then, did awesome, awesome job in today's session as well. So keep it up and happy holidays.
Bye.","[TUTOR] Hello.
[BACKGROUND] [unclear]
[STUDENT] Hello.
[TUTOR] Hello.
[STUDENT] Hello.
[TUTOR] Hello.
[STUDENT] Hi.
[TUTOR] Hello.
[STUDENT] Hi, Desmond. How are you?
[TUTOR] Good. How was school today?
[STUDENT] Good.
[TUTOR] Desmond, can you hear me clearly?
[STUDENT] Yeah.
[TUTOR] Okay, great. So how was school today?
[STUDENT] [unclear]
[TUTOR] Right. Okay, great. Then let's get started with our topic. So today we will continue solving real-life problems with remainders. So can you try this learning goal question? [unclear]
[STUDENT] Can you hear me?
[TUTOR] Hello?
[STUDENT] Hello, I'm back.
[TUTOR] Okay, what happened?
[STUDENT] Yeah, I just had to talk to my teacher.
[TUTOR] Okay, so can you try the learning goal question?
[STUDENT] Yeah, there are 27 books. The teacher puts 5 books on each table. How many books are left over? [unclear]
[TUTOR] Why is it 2?
[STUDENT] Because when you do your 5 times tables up to the closest number of 27, you will get 25 and there's 2 left over.
[TUTOR] Okay, well done. So good job trying it out and also [unclear] explaining it out. Then let's start this question. So we couldn't finish it last time, but we have started it. Do you remember?
[STUDENT] Yeah.
[TUTOR] Okay, first can you read it?
[BACKGROUND] Tara is thinking of a 2-digit number. When it is divided by 2,...by 5, the remainder is 2. What number— oh, when it's divided by 8, the remainder is 1. What number could she be thinking of? [unclear]
[TUTOR] Give it a try.
[STUDENT] I think— I don't know if it'll be 7 or not, but the last one that's saying it makes it seem like it's 7.
[TUTOR] Mm-hmm. What do you mean by the last one?
[STUDENT] When it's divided by 8, the remainder is 1.
[TUTOR] Uh-huh. Okay, you mean if 7 was divided by 8, the remainder is 1?
[STUDENT] Yeah.
[TUTOR] Yeah, okay. Can you explain me more on that? How the remainder will be 1? [Speaker:Desmond]... [UNCLEAR] If I'm being honest, I just took a guess.
[TUTOR] Hmm, okay.
[TUTOR] So, I'll give you a tip. What kind of numbers are divisible by 5? Can you give me any example? [unclear]
[STUDENT] Not really. Okay, then can you give me a number which have 2 digits? [unclear] Any number which have 2 digits?
[STUDENT] 11.
[TUTOR] 11, okay. Well done. Can you write it? [unclear]
[TUTOR] Okay. Now, can you divide it by 5?
[STUDENT] 2 with 2 remainder 1.
[TUTOR] 2 remainder 1. Okay. If it did not have any remainders, what should the number be?
[TUTOR] To not have.
[STUDENT] To not have any remainders.
[BACKGROUND] Yeah.
[STUDENT] Oh.
[BACKGROUND] 10.
[TUTOR] 10. Well done. Yes. Okay. So you already gave me a number which is divisible by 5. Yeah?
[STUDENT] Yeah.
[TUTOR] Okay. So now you told me if 11 was divisible— if we divide 11 by 5, the remainder is? How much?
[STUDENT] 2. Wait, no, 1.
[TUTOR] 1. Okay. Can you make it 2, the remainder? [unclear]
[BACKGROUND] Possibly if you make it 9.
[TUTOR] 9. Okay. Can you see for yourself? So divide 9 by 5. What do you get?
[TUTOR] Wait. [unclear]
[STUDENT] Yeah?
[TUTOR] Hello?
[STUDENT] Would it be 12 instead of 9?
[TUTOR] Why do you want to change it?
[STUDENT] Because the 9 doesn't have a remainder, like, because it's below [Speaker:Desmond]...the number. And it needs to be above for it to be a remainder. And in 12, 12 is bigger than 10 by 2. [Speaker:Tutor] Okay, well done. Yes, so good job explaining it out, Desmond. So can you write 12 then?
[TUTOR] Okay, so now let's go through it. So does it have 2 digits? [unclear]
[STUDENT] Yes.
[TUTOR] Okay, so when we divide it by 5, do we get a remainder of 2? [unclear]
[STUDENT] Yes.
[TUTOR] Yes, yes, okay. What is the next condition we have to check?
[STUDENT] When it's divided by 5, the remainder is— when it's divided by 8, the remainder is 1.
[TUTOR] Yes. Can you also check it for 12?
[STUDENT] Yes. [unclear] [unclear]
[STUDENT] It can't be 12 because the remainder is 4.
[TUTOR] Okay, remainder is 4. Well done. Yes, so good job. Awesome effort on that. Okay, now let's do it this way. So I'll write 5 and 8. So underneath, can you write what are the remainders you got after dividing by 5? [unclear]
[STUDENT] Would it be 9? I think it might be 9. Because when I've done it before, the remainder was 4 for 12. And it only needs a remainder of 1, so if you take 3 away from the 12, it would be 9.
[TUTOR] Mm-hmm. Okay, okay. Can you check that? So divide 9 by 5, what do you get? [unclear] And you divide 9 by 5 and see what is the remainder. So for this one you got—
[STUDENT] Oh, the remainder is also 4.
[TUTOR] Also 4, yes. And also, does it have 2 digits?
[STUDENT] No.
[TUTOR] No. Okay, so you can't take 9 then. So do you remember how you made 12 using [UNCLEAR]? [Speaker:Background] Now I think it's 12 again.
[TUTOR] Okay, but
[TUTOR] We didn't. Did we get the remainder of 1 here for 8? [unclear] Do you remember what you got when you divided it by 8?
[STUDENT] Yeah, I got 1 remainder 4.
[TUTOR] 1 remainder 4. So then that's it. So what about our second condition, Desmond? Is it true for 12? [unclear]
[STUDENT] Yeah.
[TUTOR] Did we get a remainder of 1?
[STUDENT] Oh, no.
[TUTOR] No.
[TUTOR] Okay. So can you check for another number? Tell me, um, can you tell me without the remainder part, what was the number divisible by 5?
[STUDENT] Um, [unclear] wait, would it be 11?
[STUDENT] Because when you do your 5 times tables, there's one left over and it's a 2-digit number.
[TUTOR] Uh-huh, okay. But are we looking for one left over? [unclear]
[STUDENT] Yeah, 2 left over.
[TUTOR] Okay. Desmond, do you remember without the leftover what was the number divisible by 5? What was the closest for 12?
[STUDENT] Is it 11 still?
[TUTOR] I mean without the remainder.
[STUDENT] Oh, would it be 10?
[TUTOR] 10, exactly. So how did you use 10 to get to 12? For a 2 leftover number.
[STUDENT] Sorry, could you say that again?
[TUTOR] Yeah, sure. So 10 was the number divisible by 5, right?
[STUDENT] Yeah.
[TUTOR] Okay, so how did you make a 2 remainder number using the 10?
[STUDENT] By timesing.
[TUTOR] By?
[STUDENT] Timesing.
[TUTOR] Timesing by how much?
[STUDENT] 2.
[TUTOR] Okay, you mean 10 times 2?
[STUDENT] Yeah.
[TUTOR] What is 10 times 2?
[STUDENT] 20.
[TUTOR] Okay, but we have 12.
[STUDENT] Oh, so it will be 10 times 1.
[TUTOR] 10 times 1 is?
[STUDENT] 10, but it is [UNCLEAR]. [Speaker:Tutor] So did you understand my question, Desmond?
[STUDENT] Kind of, not really.
[TUTOR] Okay, no worries. So my question was, so 10 It's a number divisible by 5 without any remainders, right?
[STUDENT] Okay.
[TUTOR] Okay, so using that, we made a number which is, uh, where we get the remainder of 2, then we divide it by 5.
[BACKGROUND] What? [unclear]
[TUTOR] So when you divide 10 by 5, there is no remainder. But when we divide 12 by 5, there is a remainder of 2.
[STUDENT] [unclear]
[TUTOR] So what is the change you made to 10 to get a remainder of 2?
[STUDENT] So that's why I thought we would divide it and put together.
[TUTOR] Did you— was it clear, the question?
[STUDENT] Hmm, a bit.
[TUTOR] Okay. Okay, let me get to another question. Okay, let's see. Okay. So, can you tell me a number divisible by, let's say, 2? [unclear]
[TUTOR] 4. Another one?
[STUDENT] 8.
[TUTOR] Okay, another one?
[STUDENT] [unclear] 12.
[TUTOR] Okay, how did you find those numbers?
[STUDENT] By using the 4 times tables.
[TUTOR] Okay, 4 times table. So I wanted the number divisible by 2, Desmond.
[TUTOR] So what other time savers can we use? Your numbers are correct. You could use 4 or 8. [unclear]
[STUDENT] Yeah, sorry, what about [UNCLEAR]? [Speaker:Tutor] We can do 4s, of course. Can't we do 2s?
[TUTOR] Could you do 2s? What do you think? Can you tell me the 2s?
[STUDENT] 2, 4, 6, 8, 10, 12, 14, 16, 18, 20, 22, 24.
[TUTOR] Yes, okay. What do you think about them? Are they divisible by 2?
[STUDENT] Yeah.
[TUTOR] Yeah, so simply we can give our 2s to make a number divisible by 2.
[STUDENT] It's about us.
[TUTOR] Yeah. Okay, then can you tell me a number divisible by 3?
[STUDENT] 6.
[TUTOR] Uh-huh. What else?
[STUDENT] 16.
[TUTOR] 16? Is 16 divisible by 3? [unclear]
[STUDENT] Yeah.
[TUTOR] Can you tell me what you got when you divided 16?
[STUDENT] [unclear] Oh, divide?
[TUTOR] Yeah.
[STUDENT] Oh, I thought you meant times.
[TUTOR] So I want the numbers divisible by 3 without any remainders. What is the first number that comes to your mind? [unclear]
[STUDENT] 6.
[TUTOR] 6, okay. Yeah, what do you get when you divide 6 by 3?
[STUDENT] 2.
[TUTOR] 2, okay. Can you tell me another number divisible by 3?
[STUDENT] 24.
[TUTOR] 24, what else?
[STUDENT] 28. [unclear] Wait, no, not 28. 18.
[TUTOR] 18, correct. So, Desmond, simply which times table are divisible by 3?
[STUDENT] [unclear]
[TUTOR] So we found out that our 2 times table is divisible by 2. Yeah, without any remainders. So what do you think would— what kind of numbers would be divisible by 3?
[BACKGROUND] So I took away 20 from 53, and I got 13. [unclear]
[TUTOR] Desmond? [Speaker:Desmond]...then... [Speaker:Tutor] Hello? [Speaker:Desmond]...about this thing in the [UNCLEAR]... [Speaker:Tutor] Desmond, are you there? [Speaker:Desmond]...20 by 4, which is 5... [Speaker:Tutor] Hello? [Speaker:Desmond]...add a [UNCLEAR] again...
[TUTOR] Desmond, can you hear me? [Speaker:Desmond]... [UNCLEAR]... [Speaker:Tutor] Hello? Hello? Hello? Hello? Hello?
[TUTOR] Desmond, are you there? Can you hear me? Hello? Hello? Hello? Desmond, are you there? [unclear]
[TUTOR] I can't hear the voices. Can you please speak? [unclear] Hello? [unclear] Desmond is there? Hello?
[TUTOR] Desmond, I can help you out. Can you please— [unclear] Hello? Desmond? Hello? Desmond, can you hear me?
[TUTOR] Hello?
[STUDENT] Hello?
[TUTOR] Desmond, where were you? [unclear]
[STUDENT] Yeah, sorry, just a moment.
[TUTOR] I couldn't hear you. Can you please, like, if you can't hear, can you type on the screen so I know what's happening?
[STUDENT] Yeah.
[TUTOR] Yeah? Okay. Please don't stay without responding. [unclear]
[TUTOR] Desmond, can you hear me?
[STUDENT] Yeah.
[TUTOR] Okay, so if you don't understand anything, I'm here to help you. So no need to worry, you can ask me any question you have. So we can learn together, okay? Okay, so we were talking about the numbers divisible by 2 here. You remember?
[STUDENT] Yeah.
[TUTOR] Yeah, so what were these numbers again? [unclear]
[STUDENT] The 2 times tables.
[TUTOR] Exactly, the 2 times tables. Okay, so what can you think about the numbers divisible by 3 then?
[STUDENT] So, 8, 3, 6.
[TUTOR] Okay. What do you get when you divide 8 by 3? Can you tell me how we are dividing 8 by 3? The steps you follow? [unclear]
[STUDENT] I don't think that one will be one because it has a remainder.
[TUTOR] How did you find that out that it have a remainder?
[STUDENT] Because when I do the calculation and divide, I have remainder 2.
[TUTOR] Can you tell me how you did the calculation?
[STUDENT] I did the division in the times tables and the answer I got was 2 off.
[TUTOR] What was the times table you used? [unclear]
[TUTOR] Desmond, what was the times table you used?...times table.
[STUDENT] What was the calculation again?
[TUTOR] So to divide 8 by 3, what was the times table you—
[STUDENT] I did 3 times tables.
[TUTOR] 3 times tables. Okay. Can you tell me the numbers in the 3 times table?
[STUDENT] 3, 6, 9, 12, 15, 18, 21.
[TUTOR] Okay. I'll type them. Can you check for the remainders, what you get? For 3, what do you get? [unclear]
[STUDENT] I didn't get a remainder. I got 1.
[TUTOR] You get 1, yes. What about 6?
[STUDENT] 2.
[TUTOR] 2. Are there remainders?
[STUDENT] No.
[TUTOR] 9? Are there any remainders? [unclear]
[TUTOR] For 9, did you— what did you get?
[STUDENT] Oh, 3 remainder nothing.
[TUTOR] Uh-huh, okay. Can you tell me the next number that you get no remainder?
[STUDENT] First, that's 3, 4.
[TUTOR] 4?
[STUDENT] Yeah, I didn't get remainder, but I got 4.
[TUTOR] So, can you divide 4 by 3?
[STUDENT] No.
[BACKGROUND] You can, but you're going to get 1 remainder 1.
[TUTOR] Yeah, you get 1 remainder 1. So I want you to find out, after 9, what is the next number that is divisible by 3?
[BACKGROUND] 1.5 remainder [UNCLEAR]. [Speaker:Tutor] Without remainder.
[STUDENT] This one with how it's set out confused me, so I just grabbed my whiteboard and put it in a normal [UNCLEAR]. [Speaker:Tutor] What about 10?
[STUDENT] Didn't know how to do it. I got the answer 206.
[TUTOR] What number was that dividing by again?
[STUDENT] 3 did.
[TUTOR] They are dividing by— what do you think? [unclear]
[STUDENT] Oh, 3. I will get 4 remainder 1 for 10.
[TUTOR] Yeah, okay. For 11? Do you get 4 remainder 1 for 10?
[STUDENT] I typed the answer wrong. No, I got 3 remainder 1.
[TUTOR] 3 remainder 1, yeah. Okay, for 11? 3... [unclear]
[TUTOR] Okay, 12?
[STUDENT] 4.
[TUTOR] 4. Are there any remainders?
[STUDENT] No.
[TUTOR] No, okay. Then can you type the next number that is divisible by 3 here?
[STUDENT] Yeah. [unclear]
[TUTOR] Okay. After 9, what was it that you found out?
[STUDENT] Would you check your— would you check the time, please?
[TUTOR] Sorry, let me go. After 9?
[STUDENT] Not 4. [unclear] 12.
[TUTOR] 12. Well done. Okay, can you also find the next number divisible by 3 after 12, Desmond?
[STUDENT] Yeah.
[TUTOR] Did you get after 12, 18?
[STUDENT] I don't know, is it 9?
[TUTOR] 18.
[STUDENT] 18 is 14.
[TUTOR] 14. How did you get 14? [unclear]
[STUDENT] Wait, no, I'm still thinking. I think—
[TUTOR] Okay, sure, take your time. [unclear]
[TUTOR] Would one be 15?
[STUDENT] Mm-hmm.
[TUTOR] Okay. Yeah. How did you get 15?
[STUDENT] Yeah. 3 times doubles.
[TUTOR] Exactly. Okay. What is after 18 then?
[STUDENT] 21.
[TUTOR] 21. Okay. Well done. Good job there. Awesome method. Okay, then can you find me the numbers divisible by 4 as well? [unclear]
[STUDENT] 4, 8, 12.
[TUTOR] From the smallest number possible?
[STUDENT] Ah, 4.
[TUTOR] Okay, there you go. [unclear]
[TUTOR] Can you type?
[STUDENT] Yeah. 4.
[TUTOR] What is next?
[STUDENT] 8. 10.
[TUTOR] How did you get 10?
[STUDENT] For [UNCLEAR].
[STUDENT] Would it be 12?
[TUTOR] Yeah.
[STUDENT] I mean, if it was [UNCLEAR], I think— [Speaker:Tutor] What is next?
[STUDENT] Cupcakes in a box is very big.
[TUTOR] 16?
[STUDENT] Mm-hmm, yes.
[STUDENT] 20?
[TUTOR] Mm-hmm. [unclear] One more. 24. Okay, well done. Okay, now what about numbers divisible by 5?
[STUDENT] Yeah, 5, 10, 15, 20, 25, 30, 35, 40, 45, 50, goes on forever.
[TUTOR] Yes, well done. Okay, can you write 5?
[STUDENT] [unclear] [Speaker:Tutor]...15, 20, 25. [Speaker:Desmond] Okay.
[TUTOR] Yeah. What about 8? Divisible by 8?
[STUDENT] There's 8, 16, 24, 32, 40, 48. [unclear]
[TUTOR] Okay, awesome effort there, Desmond. Okay, so none of them have remainders. When we divide by the specific number here on the top, right?
[STUDENT] Mm-hmm.
[TUTOR] Okay. But now I want to get the remainder. Okay?
[STUDENT] Okay.
[TUTOR] Okay. So let's consider this one. Divisible by 2, okay?
[STUDENT] [unclear]
[TUTOR] Okay. Okay, let me ask you, a remainder of 1, how do you change the numbers?
[STUDENT] 3, because if you add 1 more, there's still 1 left open so you can get to the next number.
[TUTOR] Okay, well done. What about 4? How would you change 4?
[STUDENT] 5.
[TUTOR] 5, 6?
[STUDENT] 7.
[TUTOR] 7, okay. But if I want a remainder of 2, then how do you change your numbers?
[STUDENT] 6 and [UNCLEAR].
[TUTOR] Sorry, remainder of 2. How do you change 2? [unclear] Okay, we can't get a remainder of 2 here. Sorry. I'll change the question. Remainder of 3. [unclear]
[STUDENT] 1. How do you change 2? [unclear]
[TUTOR] Okay, okay, okay, okay, wait. Let's go to divisible by 4, shall we?
[STUDENT] Okay.
[TUTOR] Okay, okay. Now I want to get the remainder of 1. Can you change the numbers?
[STUDENT] 2, 7.
[STUDENT] 4 would change to?
[BACKGROUND] Oh no, yes, to get to— because you would have one left over to get to 8.
[TUTOR] I mean, so okay, tell me your answer. To get the remainder of 1, how would it change?
[BACKGROUND] 7.
[TUTOR] 7, okay. Oh, 7, okay. Can you divide 7 by 4?
[TUTOR] Divide 7 by 4.
[STUDENT] 4, 1 remainder 3.
[TUTOR] 1 remainder 3. Okay, but I want remainder 1, Desmond. [unclear]
[STUDENT] Would it just stay as 4?
[TUTOR] Then do you get any remainders?
[STUDENT] No.
[TUTOR] 5.
[STUDENT] 5.
[TUTOR] There you go. Well done. What did you do?
[STUDENT] Uh, guessed.
[TUTOR] Guessed. Okay. So how did you guess it?
[STUDENT] Uh, I thought about the numbers.
[TUTOR] Uh-huh. Okay. Okay, okay, okay. What about 8? How can I get a remainder of 1 using 8?
[STUDENT] Uh... 9.
[TUTOR] 9? Okay. How did it become 9? So you said 4 became 5.
[BACKGROUND] She gets to 12, and then if you do 9 divided by 12, you could hopefully get 1.
[TUTOR] Yeah, 9 divided by 4.
[STUDENT] [unclear]
[TUTOR] Yeah, okay. So what change did you make to the number? So 5 here, this one became 9. What is the change you made?
[STUDENT] By changing the— [Speaker:Background]...by going up by 1. [Speaker:Tutor] Going up by 1, there you go, well done, yes. How can you get a remainder of 2 then? [unclear] Twice? Twice or 2?
[STUDENT] Times 5 more.
[TUTOR] Okay, how does it change? 4 would change to?
[STUDENT] 5.
[TUTOR] For a remainder of 2?
[STUDENT] Oh, would it be 6?
[TUTOR] There you go, well done, yes.
[TUTOR] That's correct. Okay, did you— was it clear?
[STUDENT] Yeah.
[TUTOR] How it works? Yeah, okay, well done and awesome efforts. Yeah, excellent focus. Then let's go to the question. Okay, we go back. [unclear] Oh no. Okay, now you're on the correct path. Okay. Now do you remember numbers divisible by 5? [unclear]
[STUDENT] I want to say yes, but I don't know.
[TUTOR] I think you know.
[STUDENT] Okay.
[TUTOR] Yes. Can you tell me? Can you write down here numbers divisible by 5? Like before?
[STUDENT] 5, 10, okay.
[TUTOR] Yes. [unclear]
[TUTOR] Okay. Now I want to make— change your numbers that you get a remainder of 2. What are your new numbers?
[STUDENT] 7.
[TUTOR] 7 for this one, yeah. Can you write inside? [unclear] Okay.
[STUDENT] 7. 12.
[TUTOR] 12.
[STUDENT] 17. 19. What did I say? 19, 22, 27. [unclear]
[TUTOR] Okay, now these are the numbers that we need, okay?
[STUDENT] Okay.
[TUTOR] Yes. Now what do you need?
[STUDENT] When it's divided by 8, the remainder is 1.
[TUTOR] Okay. I think you can do it by yourself. Can you list it down?
[TUTOR] Yeah.
[STUDENT] Okay. [unclear] That will all go one, so that will become 9. This becomes 17, 25.
[STUDENT] [unclear]
[TUTOR] Okay, well done. What is the other condition we need?
[STUDENT] [unclear]
[BACKGROUND] 3-digit number.
[TUTOR] Okay, now, what did you find, Dominic?
[TUTOR] Okay, well done. You can write your final answer.
[STUDENT] That was a while. [unclear]
[TUTOR] Yes. Okay, can you explain me how you did it?
[STUDENT] So when you do this question, you need to go write your times tables and figure them out while divisible, figure them out in a divisible way. And when you've finished in the divisible way, you make it go up a bit. When you've got your numbers, see what numbers are the same. See what numbers have the same number on each side, and that will be your answer.
[TUTOR] Mm-hmm. Okay, well done. How did we make the remainder for [UNCLEAR]? [Speaker:Desmond] By going up twice.
[TUTOR] Yeah, yes, yeah, added 2 to the number. Okay, so well done. And, uh, yes, um, that was a lot of effort in this question. So well done on that, Desmond. Okay, so we have finished up, uh, this topic solving, uh, real life problems with remainders. Can you tell me a summary of what you did?
[STUDENT] That [unclear] sometimes be easier than anybody knew.
[TUTOR] Sorry, I didn't get it.
[STUDENT] That maths can sometimes be easier than you think.
[TUTOR] OK, that was a very good tip, yes. Do you remember about remainders?
[STUDENT] But yeah, that when you're using your times tables, when you're using your remainder, you can make the times tables go up and make it easier to figure out.
[TUTOR] Okay. Okay, so then we have like 5 more minutes. Let's go to the next topic. Okay. So here you have rounding decimals to the nearest whole number. Okay. Can you try the learning goal?
[STUDENT] [unclear] I put one there, decimal point, and then the leftover 2.
[STUDENT] 6.
[TUTOR] Okay, how did you get 6?
[STUDENT] Because when using your whole number, it has to be above 4. And it's twice above 4, so it will go to the nearest whole number, and the nearest whole number is 6.
[TUTOR] Uh-huh, okay. So, what is the— do you remember the rule of rounding?
[STUDENT] If it's 4 or above, you can round, but if it's 4 or below, you can't....for above.
[TUTOR] So what are the numbers you round up if you have? What are the...
[STUDENT] [unclear] 5 and above.
[TUTOR] 5 and above. Yes, there you go. Okay. So when you're rounding to the nearest whole number, what is the place value you look at?
[BACKGROUND] The second digit and...
[STUDENT] Well, the last digits after the point and— wait, no, the last digits after the decimal point. And then when you figured that out, you look at the first digit before the decimal point and then go up one. [unclear]
[TUTOR] Okay, yes, okay, well done. Yes, so good job explaining it out.
[TUTOR] Love that. Then we can start over here. Okay, what is it asking? [unclear]
[STUDENT] Look at the value of tenths on the number line to round each of these numbers to the nearest whole number. [unclear]
[TUTOR] 9. [unclear]
[TUTOR] Can you tell me about the first one? Have you got one?
[STUDENT] Even though— [unclear] Because I thought the 9 and the 9 together, if it goes up once, it makes 1. But then when I make my way over to C, I can see it's gone above 9.9, meaning it's 20.
[TUTOR] OK. So here, are we rounding up or down, Desmond?
[TUTOR] Oh, yeah. So what do you get? How— what do you do when you are rounding up? What is the—
[STUDENT] You bring the first digit number to the nearest whole number.
[TUTOR] Can you tell me what you did over here? How you rounded up?
[BACKGROUND] By going up once because if it's 5 or above,
[STUDENT] Yeah, round up if it's 4 or below, it goes down.
[TUTOR] Okay, exactly. So 9, if it goes up by 1, what do you get? [unclear]
[STUDENT] Sorry?
[TUTOR] Sorry? What did you say just then? So you told me here you have— you are supposed to round up. Yeah?
[STUDENT] Yeah.
[TUTOR] So this is the digit you have to change. So, okay, if it goes up, what do you get?
[STUDENT] Either 10.0 or 1.
[TUTOR] Final answer?
[STUDENT] Yeah.
[TUTOR] Which one, 10.0 or 1? [unclear]
[TUTOR] Okay, okay. Actually, it is 10, Desmond. Okay, so because it's going up, it can't go down here. So here.
[STUDENT] I did get it right. [unclear] I got it right. Look.
[TUTOR] Yes, it's correct. So Desmond, the time is up for you. [Speaker:Tutor]...for today, so next week it's holidays. [UNCLEAR] [Speaker:Desmond]...next time? [Speaker:Tutor] Okay. Will you still be my tutor?
[STUDENT] Yeah, most probably.
[TUTOR] Okay. So can you tell me about rounding?
[STUDENT] Always use the last digits to help you.
[TUTOR] Is it always the last digit only?
[STUDENT] No, it can sometimes be the first last digit.
[TUTOR] What was the rule for rounding?
[STUDENT] If it's 5 or above, it rounds up to the nearest whole number. If it's 4 or below, it goes down.
[TUTOR] Okay, well done. Yes. Okay then, did awesome, awesome job in today's session as well. So keep it up and happy holidays.
[STUDENT] Happy holidays to you too. [unclear] Bye.
[TUTOR] Bye."
gkqnukj,Solving real-life problems with bar models.,0.30806497,"Hello, hi.
I'm doing very good.
I'm ready for the lesson today, yes.
Solving real-life problems with bar models.
[unclear] No. I mean, no.
Yeah, bar models, yeah, I can see them.
Yeah. [unclear]
Yeah.
Yes, Callum, can you hear me?
Hello?
Yeah, I use my big brain of mine.
Yeah, so I can't say 5 by 5.
Yeah, that's so true.
Yeah, the bar model so helps me.
Yeah.
Okay.
Hello? [unclear]
Very good. That's a very good guess. You can go for it.
Did I get it correct?
Yeah.
Yeah, 7 and 7.
7, you put a times, after you put it, you say 8, I mean 4, you know, you feel me?
So I put 28. Yeah, I'm also [unclear] a lot, guys.
Mm-hmm, yes.
Better?
Okay, is it all good?
Is it all good, Callum? All good there?
I can hear you really well. Can you hear me?
Okay, good.
This is quite different. [unclear]
Can you repeat that, please?
It was this divide button.
Yeah.
Okay, this is a sweet bag from [UNCLEAR], alright? Because you did a wonderful work with all the sessions. And now we are ready to go further, okay?
Hello?
Yes, I can hear you really well.
Yes, you can start. You can underline the keywords if you need to.
Because if you look down to that bar model in here, just 5 [unclear]
50 times 200 is 10,000.
Yes.
Yeah. Hello?
Hello?
Hello?
Hello, hello, 1, 2, 3. [unclear]
Hello, hello, 1, 2, 3.
No. [unclear] [unclear]
Hello?
No, I can't. [unclear]
Yeah, you're not coming out of our headphones though. You're coming out of the internal speaker, but I think we're going to have to make do with that at the moment. I'm not sure why.
Yeah, you can hear me.
Right. Callum, can you hear me now?
Okay, so good. And thanks to your teacher. He helped us in solving it, right? And I'll thank you for solving it for you too. Okay, so we were doing a go further question that was a bit challenging here because this is an extended thinking, all right?
Okay.
Mm-hmm.
Um... [unclear]
Yes, you need to gain 2 programs. You need to sell 2 programs. So how many programs do you think is sold to gain £20? [unclear]
You don't know? No problem. So you know that you have to sell 2 programs to earn £1, yeah?
Yeah.
Um, it's 5 and 5. [unclear] 20.
It's 500 and it will give you £10, right?
Okay, so now we are going to see how much do you think is are sold to earn £20?
20 programmes are sold to earn £10.
200 divided by 50?
Yeah, 4.
Is it 40? I don't know.
Is that timesing?
Yes, that's [UNCLEAR].
40?
All right. [unclear]
Huh?
Okay.
It's 100 peas, right?
100 peas is 1 pound. Is this relationship correct here?
Yes. When they say that they have sowed 20 pounds of peas, it would also be equal to 2,000 peas, right?
Yes.
To get the answer?
Yes.
This part was quite easy. The last part was quite easy, but then here it was a bit tricky, right?
Yeah.
Okay.
Sometimes.
Yeah.
So let's try 1, 2, 3.
Okay.
So we will do a set of calculations. You can see them all over there?
Right. Asking which of these calculations have a remainder of 2. Shall we work on it?
Yeah, let's work out.
This one is
2.3.
Yeah, it's a 2.3.
Yes.
Yes.
2.2.
Yeah.
Yes, I'm doing [UNCLEAR].
Yeah, that's 5.2, so this is a circle.
That's 2.1.
4 times 2 is 2, 4 times 3 is 12, and then carry the 1 is 3, 13.
So write 3 and then carry the 1, then 4 times 2 is 8, carry the 1 is 9.
Yes, 2.
Okay. That's [UNCLEAR]. That's 2.2.
Yeah, I am.
Okay. [unclear]
Mr. Mitch got 2.40 by 6.
Yeah, I divide— I take away— I took away, like, the— took away—
Yeah.
Yeah. No, I did 40 take away 6.
Um... I don't know, it's a 4, no, Teacher?
Yeah.
We just divided it by 8.
Hello?
Can we play a game called stick... hangman? You know the game? You know that game, right?
Yeah. Can we play that game? That was the last one.
Okay.
Okay. [unclear]
Right, so then doing that, you have 7 minutes to complete a problem, right?
Very good. So you have an incomplete [unclear] that is made in the remaining minutes, right?
Yes, you've done really well in question C, D, and there's another very happy about it, and you praise God once again. It was tricky, but then you managed to get it right. And this is about— because it is about football, have you right?
Good.
You want to do the drawing?
Okay. Yes.
Yes.
Okay, maybe I can give you some clue about the letters, right?
Oh, I know. I already know what the word is now.
All right, so what do you think the word is?
No. It doesn't have an E.
Is it?
Do you have a letter A? A? No. [unclear] Do you have a letter L? L? No.
No L and A.
What? Okay.
Um, do we— do you have an N?
What should I do now?
Do we have a letter N? [unclear]
M? No.
F? No.
I'm perfect in it?
Okay. [unclear]
Yeah, I have.
No. I mean, yeah, you told me already. You told me a— [unclear]
Cooked. Now I'm cooked. I'm cooked. Few more times. Wait, what did you say about like I was being good about it?
Divide. Okay, so maybe you can tell me the spelling. [unclear]
D-I-V-I-G-E-S.
Yeah.
Yeah. Can I do that? Can I choose those?
divide by 4 is...
Alright.
Tara is thinking of a 2-digit number. When divided by 5, the remainder is 2. When divided by 8, the remainder is 1. What number could she be thinking of? Right, so what are the multiples of 5? [unclear]
So 27 maybe?
Yeah.
5 plus 2 is 7.
It's 12.
Okay.
15 plus 2 gives me?
Yeah, 17.
22.
27 after 5 for 25.
Yeah.
Yeah.
486 cookies and they are put into boxes of 4.
How many boxes are needed?
Yeah. [unclear]
It is 17. Okay, so what's the remainder?
17 divided by 8 is 2.1. I mean, 2 remainder 1.
Yeah.
Okay.
Yeah.
Yeah.
Um... [unclear] 2. So it has a remainder 2. Yes, so this is correct. When it is divided by 8, the remainder is 1. Shall we try dividing 57 by 8?
Yeah.
8 times— so is it, um— [unclear]
Is it 7? 7 remains 1.
Yeah.
Yeah.
I feel like it was kind of easy though.
Because it kind of
It is the same thing as I do. It is the same type of questions as I do in class.
Yeah.
I think it will be better if it has maths in it.
And maybe you can give me some clue as well? [unclear]
No.
No, it does not have I. Does it have O?
I think it has O, right?
What is it then?
Okay.
No.
Alright.
[unclear]
It was not a boring session.
All right.
I'm giving it a try, you know, just getting it okay. So according to my calculations, yeah, my big brain of mine, yeah, is it— [unclear]
I'll use my big brain.
Are you?
um, so according to my calculations, it's 7, 3, 2. Right. [unclear]
6 gives you 12.
it's 13, right? Okay, and you have the extra one here. What is 6 5? Um, so,
is 8 5? [unclear]
Yes, you should be leaving now because we're running out of time. So also you, let's make a good choice. Which one do you think is the best? [unclear]
Right.
Have a wonderful day! Bye!
Bye. Bye. [unclear]","Hello, hi.
A very good afternoon, Callum. How are you doing today?
Very good, alright. So, are you ready for the lesson today?
Okay, good. So, can you read the topic for me, please?
Alright, so we have some word problems to solve, and you have a new term that says bar models. Any idea about bar models, Callum? Do you have any?
Alright, so bar models means these, alright?
Do you see a bar here?
Right, and they are divided into 5 equal parts. Do you see that?
Okay, that's your understanding. There is one bar model here and it has been divided into 5 equal parts, right?
Okay, so now you can try the learning goal and this bar model here is going to help you, all right? [unclear]
Hello? Hello?
Yeah, I'm still on [UNCLEAR], bro.
All right. Well done, that's perfect. Well done. So Callum, how did you come to get this answer? What was your working? [unclear]
Okay.
Right, so you used your big brain and you did a multiplication, am I correct?
Yes, so did the bar model help you with this?
Alright, you have just have a understanding that we have 5 jars and one has 35 beads, right?
Okay then, I think we are ready to try some more interesting questions, shall we?
Okay, let's start from question A. You can take as much as time you want, alright? [unclear] [unclear]
I feel like it's 28.
Yes, 28 is the answer that needs to come here, right?
Okay, and let's see what two numbers you multiplied, shall we?
Uh-huh.
Very good.
Okay, well done.
is a very good book.
Can you say like, better?
It's fine, it's fine, it's fine. [unclear]
Hello?
Hello, can you hear me?
Yeah, I can hear you.
Right, I see that you are enjoying these questions and getting this really well. So how do you work this out? I'm curious. [unclear]
Very good. Take a vision. Very good. Walking. There you go. Well done. You've done really well, and this is a star for doing a wonderful job with all the motions. [unclear]
You divide. Yeah, so what was the keyword that helped you know that you need to divide? What was the keyword? [unclear]
Okay, so what was the keyword that showed you that you need to divide?
Right, she shares them equally. So when you have the term shares, we need to do a division, right?
Okay, that's the key word. And let's give a praise card for your excellent focus with all these sessions. Yeah, let's try one last question, all right? And before going to the next slide, since you did them really well, I am sharing a sweet bag with you. Are you happy to receive it? [unclear]
Yeah.
Okay.
Can you hear me?
Yeah, I start?
So, I just divided it, I just divided 4 by 2 and then, yeah, and then, and then the B word I divided it by 2 again, and then the C one I divided by 2 again. [unclear]
Right, so how did you get 8,000 here?
Very good. So 50 times 200 is 10,000. That was a very good math. Okay, let's understand the question better, shall we?
Okay. So, programmes cost 50p. So they're talking about the programme, probably, of [UNCLEAR]. Okay? It is costing 50p. Yeah?
your answer is 51. Okay? And let's assume that A8N, that's you, right?
You are selling programmes. Okay? And you make £50 altogether. Okay? So how many programs have you sold to gain £20?
Yes, Callum, can you hear me?
Can you hear me? [unclear] Callum, can you hear me? I can hear you really well.
Right, can you hear me now? Hello? Can you hear me now?
Can you hear me now?
So?
Callum, can you hear me now? Can you hear me now? [unclear] [unclear]
Hello?
Yeah, can you hear me?
[unclear] [unclear]
[unclear] [unclear]
Hello, yes, can you hear me? [unclear]
I can't hear you. Can you hear me?
All right.
So is it alright if I continue via chat? [unclear]
Hello?
Hello?
Yeah, I can hear you.
Okay, so now let's assume that you are selling programs and you've raised £20, okay?
Okay, so how many programs should you sell to gain £1?
2.
One program costs 50p. [unclear]
So to earn £10, how many programs should you sell?
Very good. You have to sell 20 programs because 50 times 50 times 10.
Is 500. So then it's 200.
Yeah.
Yeah. How much do you think is sold to earn £10? [unclear]
Is it 4?
Do you want to work on this calculation here?
It's a division, right?
How many? Okay, that would give you a 4, right? So how many programs do you think is sold to earn 2,000 pounds— 2,000 pence?
Very good. So do you think they have sold 40 programs to earn £20? [unclear]
You can write 40 programs and we can work it once again. All right?
Callum, have you typed down your answer? [unclear]
Callum, are you here with me?
Are you here with me? Have you written the number 40 program?
Okay, just can write the number 40. Okay, so what's the relationship between one pound and one pea?
How many pounds, how many peas is 1 pound? [unclear]
Hello?
Yes.
Yes.
Okay, so then you divided 2,000 by 50. So do you know why I divided it by 50?
Yes, to get the answer. And one program costs 50p, all right?
Okay, so 50 times 40 will give you 2,000, and you have the answer that there are 40 programs sold, all right? Okay, you can write the answer once again. So did you— how did you feel about this?
I understand, I understand, no problem. So this lesson was overall a good lesson for you, was it?
Okay, it was moderate, yeah?
Okay, that's good. Let's now move on to the next lesson, shall we?
Right, and once again we have real-life problems. At this time we have remainders. Where do you think we have remainders, Callum? Do we have remainders when we do division?
Sometimes, right? It depends. So I think you can try the learning goal, and since you told me that you like division, this is going to be really easy. [unclear]
Right. So now you understand that they have a remainder of 2, are you?
Yeah.
3 wholes and 1.
Right.
Okay, so let's start from here. 17 divided by 7, what's the remainder here? [unclear]
Is it a remainder of 3 here?
10 will give you 2 and a remainder of 3, right?
Yes, it will be the correct answer, and I was focusing on the remainder, so remainder 3. Yes?
2.2. So will we have a remainder of 2 here?
Okay, so you can circle it around. You can use the shapes too to circle it.
Right. What do you think the remainder here is going to be? Huh? What do you think the remainder in this question is going to be? [unclear]
All right, so you're getting along very well with this, and I see that you are enjoying this too, are you?
I'll get multiplying using short [UNCLEAR]. Right. How many remainder do you think this one has?
Yes, a remainder of 1, right? 3 times 2 is 6, and 1 is just— it's 1 away from 7, yeah?
Right, we just have 2 more questions to go. [unclear]
So, 4 times 4 is? [unclear] 6, and then you carry the 1 over, and then 4 times 3 is 12, add the extra 1 is 3, and then—
What is 4 times 2? [unclear]
Hello?
Uh-huh.
And the remainder is going to be? [unclear]
11 minus 8 is going to give you 3. Yes, I like the way how you worked it out and you were thinking aloud, which makes me very happy because I could understand how logical you are with your questions. Well done. Yes, we just have one more to go. Do you want to try this as well?
Very good. All right, so I need to appreciate you for giving me the complete answers For all these divisions, you started here with 2.3 because you were able to mentally divide all of them, which I am very happy about. Let me give you a praise card for your good working with this question. And are you happy? [unclear] Yes, seems like you are very confident with your division. Are you, Callum? [unclear] Are you very confident with your division?
Okay, that's
So nice to hear. Okay, question B is going to be a real-life problem. Shall we sort it out as well?
You can take your time to underline the [unclear]
And what you want to show them by [unclear] [unclear]
Right, Callum. So, what is that circle thing, boy? [unclear]
Okay, so how did you get 34 meters? [unclear]
Okay, 40 by 6. Did you divide it?
36 from 40, did you?
Okay, so what was the answer you got? Was it 34?
Okay, so did you take 40 take away 6? Okay.
So they are asking that they have 40 meters of bunting for the school fair. Alright? They have 40 full meters and they are cutting it into 6 lengths of 6 meters. Alright? So let's assume that we have a 40-meter-long bunting and they are dividing each into 6 meters. Alright? [unclear]
There will be a problem. The entire thing will be 40 meters. This will be a 6. [unclear]
They're asking about the leftover here, right? What do you think is the remaining meter?
Very good, it is a 4.
That's all. [unclear] It's 4 meters, right?
How did you work it out?
Okay. Now, would you agree with me if I say that the fraction once again focuses on the remainder?
Yes, we're talking about the leftover, which means the remainder, right? Okay, do you want to adjust your answer here? [unclear]
Yeah, Anisha, do you want to change it?
Okay, you can erase this and you can write the new answer here.
Close. Okay, they are cutting into length of 6 meters. [unclear] That is remaining, right? Okay. Yes, Callum?
I know. Yes, I know the game called hangman where you guess the word, right?
Alright, I am— Okay, we can play the game after we complete this question, alright?
Okay, that will be better, right? After we complete, we'll be happy about it, and then we can continue it. Shall we?
So, 3 times 2 is 6, so it's going to be 6.
Yes.
Yes.
Yes.
Okay, since it is a tablet, we should say [UNCLEAR]. It will take a very few minutes, alright? Less than 2 minutes. Can you start?
Okay.
This is how it is, right?
You choose the word. I will choose the word for you, of course. [unclear]
You're not allowed to show me the word.
No, you're not allowed to, I think.
All right, remember.
Um, it is, it is.
Um, so, um, so, um, how many A's going to 9 is 3.
Oh, oh, oh, it does not have a letter E actually.
Could you repeat that please? Okay, so what else do you think we have?
Okay, we are doing this now.
Would we have an N?
Do you have an M?
You have E? [unclear] I mean, you have F?
You have 3 more chances. Oh my day, God!
Okay, so we're doing it. We're doing this now, and it is closely related to maths, and you like this. You're perfect in it.
You're doing a very good job in it. You were doing this all this time? [unclear] Okay, I'll give you a clue once again, shall I?
Any other guesses, Callum?
Uh-huh. Is there— have you told me all the bubble letters?
You, you know.
That's the word 'disgusting.' Yes, it is connected to this. That's right, it is opposite of this.
Yes, you are close.
i, s-i, e-n, o-n, right? Does it now make sense that it is division?
All right. So let's have one more game at the end of this session, right? Did you like it?
Can I choose the words?
Right, you can definitely choose the word, but let's try one more question and go back to this, shall we?
Okay.
Okay, so we have Tara who seems to be excited. Let's see what she's thinking about, alright? Okay, so what is it? Do you want to start from here, Callum? [unclear]
2, 5, 10.
Not bad. Let's add 2 for them, right? Because it has a remainder of 2. Yeah?
So, wait. What is 5 plus 2?
Uh-huh. 10 plus 2 is?
How much letters do you have left?
15 plus...
17.
17, right?
What is 20 plus 2?
Mm-hmm.
Right. So now all these numbers here have a remainder of 5, yes?
Remainder of 2. Yes, now we— these are the multiples of 5, and when it is divided by 5, everything here has a remainder of 2. Do you agree with me?
Yes, out of these numbers, when it is divided by 8, the remainder is 1. Okay, so when you divide 12 by 8, what is the remainder? [unclear] Do we have a remainder when we divide 12 by 8?
Yeah.
This is not the ideal answer, right? Because the remainder is going to be, when it is divided by 8, is going to be 4, right?
What is the remainder when you divide 17 by 8?
2 remainder 1. So is 17 the ideal answer?
Okay, you can write it. And I'll give you another guessing as well, all right?
Okay, so is
57. Could 57 be the number that you're asking about?
Because it is a 2-digit number, right?
And what is 57 divided by 5?
Yeah, okay.
Very done. Yes, it is 7 and remains 1. So do you think this 57 is a suitable number?
Yes, so you gave the number 17 and you were— you— and you helped me in figuring out and rechecking that 57 is a suitable number too. We can write both the numbers here. And give a high five for the good work we did. Are you happy?
Yes, let's give a brave card for your good working. Yep, perfect practice. So how did you feel about this lesson?
It was easy for you? And why do you think this lesson was easy for you?
Oh, all right. You're very familiar because you did it at school in the class, and also you are very good in your division, yes?
Okay, so let's take one very quick minute to go with the game, all right? Okay, let's make it very quick because I don't think we have enough time. [unclear]
Does it have to be maths? Maths?
Okay.
Okay, interesting. Does it have I? [unclear]
I? Yeah?
Yes.
Um, because there's no vowels left.
Looks like I did the word wrong. I mean... [unclear]
Okay, I think I know the word already.
Can I write it down for you?
Is it the word that you guessed?
Oh, oh.
Wait, yeah, it is, it is, it is. It is, right? And you played it really well. This is indeed a long word, and well done because you were able to connect it to Max, and I'm elated with it. I think going forward we can play some, alright?
Okay, and thank you. You had kept me entertained, and this was not a boring session, right?
Okay.
And now we have next lesson, which is going to be choosing a mental or written method. Okay? So when you do calculation, right, your handbag [UNCLEAR], you either have— you sometimes do mental methods or you have the written method. Yeah? And I, for a reason, know that you are very good with your mental method, but when you have very big sums, you go with the written method. Am I correct, Callum? [unclear]
Correct.
Now you better choose whether you have to go with the mental method to do this addition or written method, all right?
Okay, do you want to give this a try?
What is 2 3?
Yes, you can give it a try.
Wow, well done! Kudos to the big brain, it works really well. Yes, it is 395. Well done! So you used the mental method. Let's try one more question. Let's see, which method are you going to use here? Do you want to use the mental method or do you want to write it down? Is it ready?
Oh yeah, go for it. Are you okay?
What is 7 6? It's,
I think— what is 6 6 here? No, 7 6 gives you a 13, right? And you have an extra one. Huh? So 6
6 7? Sorry,
I'm not
done! 723, 723. And cheers to the big brain that helps you in solving it, right? I'm the
Do you want to try this as well? Okay, 8 5 is going to give you— What [unclear]
I think I should be leaving.
Depends on the questions you try, right?
Alright, so I think I'll be ending the session now. You can complete the feedback form and the quiz, alright? Have a very good day and see you next week. Bye-bye! We're going to continue from this on the next day, alright?
All right. Then look at the quiz and the feedback form for me. Bye-bye.","[BACKGROUND] [unclear]
[TUTOR] Hello, hi.
[STUDENT] Hello, hi.
[TUTOR] A very good afternoon, Callum. How are you doing today?
[STUDENT] I'm doing very good.
[TUTOR] Very good, alright. So, are you ready for the lesson today?
[STUDENT] I'm ready for the lesson today, yes.
[TUTOR] Okay, good. So, can you read the topic for me, please?
[STUDENT] Solving real-life problems with bar models.
[TUTOR] Alright, so we have some word problems to solve, and you have a new term that says bar models. Any idea about bar models, Callum? Do you have any?
[STUDENT] [unclear] No. I mean, no.
[TUTOR] Alright, so bar models means these, alright?
[TUTOR] Do you see a bar here?
[STUDENT] Yeah, bar models, yeah, I can see them.
[TUTOR] Right, and they are divided into 5 equal parts. Do you see that?
[STUDENT] Yeah. [unclear]
[TUTOR] Okay, that's your understanding. There is one bar model here and it has been divided into 5 equal parts, right?
[STUDENT] Yeah.
[TUTOR] Okay, so now you can try the learning goal and this bar model here is going to help you, all right? [unclear]
[TUTOR] Hello? Hello?
[STUDENT] Yes, Callum, can you hear me?
[TUTOR] Yeah, I'm still on [UNCLEAR], bro.
[STUDENT] Hello?
[TUTOR] All right. Well done, that's perfect. Well done. So Callum, how did you come to get this answer? What was your working? [unclear]
[STUDENT] Yeah, I use my big brain of mine.
[TUTOR] Okay.
[STUDENT] Yeah, so I can't say 5 by 5.
[TUTOR] Right, so you used your big brain and you did a multiplication, am I correct?
[STUDENT] Yeah, that's so true.
[TUTOR] Yes, so did the bar model help you with this?
[STUDENT] Yeah, the bar model so helps me.
[TUTOR] Alright, you have just have a understanding that we have 5 jars and one has 35 beads, right?
[STUDENT] Yeah.
[TUTOR] Okay then, I think we are ready to try some more interesting questions, shall we?
[STUDENT] Okay.
[TUTOR] Okay, let's start from question A. You can take as much as time you want, alright? [unclear] [unclear]
[STUDENT] Hello? [unclear]
[TUTOR] I feel like it's 28.
[STUDENT] Very good. That's a very good guess. You can go for it.
[STUDENT] Did I get it correct?
[TUTOR] Yes, 28 is the answer that needs to come here, right?
[STUDENT] Yeah.
[TUTOR] Okay, and let's see what two numbers you multiplied, shall we?
[STUDENT] Yeah, 7 and 7.
[TUTOR] Uh-huh.
[STUDENT] 7, you put a times, after you put it, you say 8, I mean 4, you know, you feel me?
[TUTOR] Very good.
[STUDENT] So I put 28. Yeah, I'm also [unclear] a lot, guys.
[TUTOR] Okay, well done.
[TUTOR] is a very good book.
[STUDENT] Mm-hmm, yes.
[TUTOR] Can you say like, better?
[STUDENT] Better?
[TUTOR] It's fine, it's fine, it's fine. [unclear]
[STUDENT] Okay, is it all good?
[TUTOR] Hello?
[STUDENT] Is it all good, Callum? All good there?
[TUTOR] Hello, can you hear me?
[STUDENT] I can hear you really well. Can you hear me?
[TUTOR] Yeah, I can hear you.
[STUDENT] Okay, good.
[TUTOR] Right, I see that you are enjoying these questions and getting this really well. So how do you work this out? I'm curious. [unclear]
[STUDENT] This is quite different. [unclear]
[BACKGROUND] Shouldn't we have to do a multiplication here? [unclear]
[TUTOR] Very good. Take a vision. Very good. Walking. There you go. Well done. You've done really well, and this is a star for doing a wonderful job with all the motions. [unclear]
[TUTOR] You divide. Yeah, so what was the keyword that helped you know that you need to divide? What was the keyword? [unclear]
[STUDENT] Can you repeat that, please?
[TUTOR] Okay, so what was the keyword that showed you that you need to divide?
[STUDENT] It was this divide button.
[TUTOR] Right, she shares them equally. So when you have the term shares, we need to do a division, right?
[STUDENT] Yeah.
[TUTOR] Okay, that's the key word. And let's give a praise card for your excellent focus with all these sessions. Yeah, let's try one last question, all right? And before going to the next slide, since you did them really well, I am sharing a sweet bag with you. Are you happy to receive it? [unclear]
[TUTOR] Yeah.
[STUDENT] Okay, this is a sweet bag from [UNCLEAR], alright? Because you did a wonderful work with all the sessions. And now we are ready to go further, okay?
[TUTOR] Okay.
[STUDENT] Hello?
[TUTOR] Can you hear me?
[STUDENT] Yes, I can hear you really well.
[TUTOR] Yeah, I start?
[STUDENT] Yes, you can start. You can underline the keywords if you need to.
[TUTOR] So, I just divided it, I just divided 4 by 2 and then, yeah, and then, and then the B word I divided it by 2 again, and then the C one I divided by 2 again. [unclear]
[TUTOR] Right, so how did you get 8,000 here?
[STUDENT] Because if you look down to that bar model in here, just 5 [unclear]
[STUDENT] 50 times 200 is 10,000.
[TUTOR] Very good. So 50 times 200 is 10,000. That was a very good math. Okay, let's understand the question better, shall we?
[STUDENT] Yes.
[TUTOR] Okay. So, programmes cost 50p. So they're talking about the programme, probably, of [UNCLEAR]. Okay? It is costing 50p. Yeah?
[TUTOR] your answer is 51. Okay? And let's assume that A8N, that's you, right?
[STUDENT] Yeah. Hello?
[TUTOR] You are selling programmes. Okay? And you make £50 altogether. Okay? So how many programs have you sold to gain £20?
[STUDENT] Hello?
[TUTOR] Yes, Callum, can you hear me?
[STUDENT] Hello?
[TUTOR] Can you hear me? [unclear] Callum, can you hear me? I can hear you really well.
[STUDENT] Hello, hello, 1, 2, 3. [unclear]
[TUTOR] Right, can you hear me now? Hello? Can you hear me now?
[STUDENT] Hello, hello, 1, 2, 3.
[TUTOR] Can you hear me now?
[STUDENT] No. [unclear] [unclear]
[TUTOR] So?
[TUTOR] Callum, can you hear me now? Can you hear me now? [unclear] [unclear]
[TUTOR] Hello?
[STUDENT] Hello?
[TUTOR] Yeah, can you hear me?
[STUDENT] No, I can't. [unclear]
[TUTOR] [unclear] [unclear]
[TUTOR] [unclear] [unclear]
[TUTOR] Hello, yes, can you hear me? [unclear]
[TUTOR] I can't hear you. Can you hear me?
[STUDENT] Yeah, you're not coming out of our headphones though. You're coming out of the internal speaker, but I think we're going to have to make do with that at the moment. I'm not sure why.
[TUTOR] All right.
[TUTOR] So is it alright if I continue via chat? [unclear]
[TUTOR] Hello?
[STUDENT] Yeah, you can hear me.
[TUTOR] Hello?
[STUDENT] Right. Callum, can you hear me now?
[TUTOR] Yeah, I can hear you.
[STUDENT] Okay, so good. And thanks to your teacher. He helped us in solving it, right? And I'll thank you for solving it for you too. Okay, so we were doing a go further question that was a bit challenging here because this is an extended thinking, all right?
[STUDENT] Okay.
[TUTOR] Okay, so now let's assume that you are selling programs and you've raised £20, okay?
[STUDENT] Mm-hmm.
[TUTOR] Okay, so how many programs should you sell to gain £1?
[STUDENT] Um... [unclear]
[TUTOR] 2.
[STUDENT] Yes, you need to gain 2 programs. You need to sell 2 programs. So how many programs do you think is sold to gain £20? [unclear]
[TUTOR] One program costs 50p. [unclear]
[STUDENT] You don't know? No problem. So you know that you have to sell 2 programs to earn £1, yeah?
[STUDENT] Yeah.
[TUTOR] So to earn £10, how many programs should you sell?
[STUDENT] Um, it's 5 and 5. [unclear] 20.
[TUTOR] Very good. You have to sell 20 programs because 50 times 50 times 10.
[TUTOR] Is 500. So then it's 200.
[STUDENT] It's 500 and it will give you £10, right?
[TUTOR] Yeah.
[STUDENT] Okay, so now we are going to see how much do you think is are sold to earn £20?
[STUDENT] 20 programmes are sold to earn £10.
[TUTOR] Yeah. How much do you think is sold to earn £10? [unclear]
[STUDENT] 200 divided by 50?
[TUTOR] Is it 4?
[STUDENT] Yeah, 4.
[BACKGROUND] 82.
[STUDENT] Is it 40? I don't know.
[TUTOR] Do you want to work on this calculation here?
[STUDENT] Is that timesing?
[TUTOR] It's a division, right?
[STUDENT] Yes, that's [UNCLEAR].
[TUTOR] How many? Okay, that would give you a 4, right? So how many programs do you think is sold to earn 2,000 pounds— 2,000 pence?
[STUDENT] 40?
[TUTOR] Very good. So do you think they have sold 40 programs to earn £20? [unclear]
[TUTOR] You can write 40 programs and we can work it once again. All right?
[STUDENT] All right. [unclear]
[TUTOR] Callum, have you typed down your answer? [unclear]
[TUTOR] Callum, are you here with me?
[STUDENT] Huh?
[TUTOR] Are you here with me? Have you written the number 40 program?
[STUDENT] Okay.
[TUTOR] Okay, just can write the number 40. Okay, so what's the relationship between one pound and one pea?
[TUTOR] How many pounds, how many peas is 1 pound? [unclear]
[TUTOR] Hello?
[STUDENT] It's 100 peas, right?
[TUTOR] Yes.
[STUDENT] 100 peas is 1 pound. Is this relationship correct here?
[TUTOR] Yes.
[STUDENT] Yes. When they say that they have sowed 20 pounds of peas, it would also be equal to 2,000 peas, right?
[STUDENT] Yes.
[TUTOR] Okay, so then you divided 2,000 by 50. So do you know why I divided it by 50?
[STUDENT] To get the answer?
[TUTOR] Yes, to get the answer. And one program costs 50p, all right?
[STUDENT] Yes.
[TUTOR] Okay, so 50 times 40 will give you 2,000, and you have the answer that there are 40 programs sold, all right? Okay, you can write the answer once again. So did you— how did you feel about this?
[STUDENT] This part was quite easy. The last part was quite easy, but then here it was a bit tricky, right?
[TUTOR] I understand, I understand, no problem. So this lesson was overall a good lesson for you, was it?
[STUDENT] Yeah.
[TUTOR] Okay, it was moderate, yeah?
[TUTOR] Okay, that's good. Let's now move on to the next lesson, shall we?
[STUDENT] Okay.
[TUTOR] Right, and once again we have real-life problems. At this time we have remainders. Where do you think we have remainders, Callum? Do we have remainders when we do division?
[STUDENT] Sometimes.
[TUTOR] Sometimes, right? It depends. So I think you can try the learning goal, and since you told me that you like division, this is going to be really easy. [unclear]
[TUTOR] Right. So now you understand that they have a remainder of 2, are you?
[STUDENT] Yeah.
[TUTOR] Yeah.
[STUDENT] So let's try 1, 2, 3.
[TUTOR] 3 wholes and 1.
[STUDENT] Okay.
[TUTOR] Right.
[STUDENT] So we will do a set of calculations. You can see them all over there?
[BACKGROUND] Yes, ma'am.
[STUDENT] Right. Asking which of these calculations have a remainder of 2. Shall we work on it?
[STUDENT] Yeah, let's work out.
[TUTOR] Okay, so let's start from here. 17 divided by 7, what's the remainder here? [unclear]
[STUDENT] This one is
[STUDENT] 2.3.
[TUTOR] Is it a remainder of 3 here?
[STUDENT] Yeah, it's a 2.3.
[TUTOR] 10 will give you 2 and a remainder of 3, right?
[STUDENT] Yes.
[TUTOR] Yes, it will be the correct answer, and I was focusing on the remainder, so remainder 3. Yes?
[STUDENT] Yes.
[BACKGROUND] Okay, what about this answer? What would be the remainder?
[STUDENT] 2.2.
[TUTOR] 2.2. So will we have a remainder of 2 here?
[STUDENT] Yeah.
[TUTOR] Okay, so you can circle it around. You can use the shapes too to circle it.
[STUDENT] Yes, I'm doing [UNCLEAR].
[TUTOR] Right. What do you think the remainder here is going to be? Huh? What do you think the remainder in this question is going to be? [unclear]
[STUDENT] Yeah, that's 5.2, so this is a circle.
[TUTOR] All right, so you're getting along very well with this, and I see that you are enjoying this too, are you?
[TUTOR] I'll get multiplying using short [UNCLEAR]. Right. How many remainder do you think this one has?
[STUDENT] That's 2.1.
[TUTOR] Yes, a remainder of 1, right? 3 times 2 is 6, and 1 is just— it's 1 away from 7, yeah?
[TUTOR] Right, we just have 2 more questions to go. [unclear]
[TUTOR] So, 4 times 4 is? [unclear] 6, and then you carry the 1 over, and then 4 times 3 is 12, add the extra 1 is 3, and then—
[TUTOR] What is 4 times 2? [unclear]
[STUDENT] 4 times 2 is 2, 4 times 3 is 12, and then carry the 1 is 3, 13.
[TUTOR] Hello?
[STUDENT] So write 3 and then carry the 1, then 4 times 2 is 8, carry the 1 is 9.
[TUTOR] Uh-huh.
[STUDENT] Yes, 2.
[TUTOR] And the remainder is going to be? [unclear]
[TUTOR] 11 minus 8 is going to give you 3. Yes, I like the way how you worked it out and you were thinking aloud, which makes me very happy because I could understand how logical you are with your questions. Well done. Yes, we just have one more to go. Do you want to try this as well?
[STUDENT] Okay. That's [UNCLEAR]. That's 2.2.
[TUTOR] Very good. All right, so I need to appreciate you for giving me the complete answers For all these divisions, you started here with 2.3 because you were able to mentally divide all of them, which I am very happy about. Let me give you a praise card for your good working with this question. And are you happy? [unclear] Yes, seems like you are very confident with your division. Are you, Callum? [unclear] Are you very confident with your division?
[STUDENT] Yeah, I am.
[TUTOR] Okay, that's
[TUTOR] So nice to hear. Okay, question B is going to be a real-life problem. Shall we sort it out as well?
[STUDENT] Okay. [unclear]
[TUTOR] You can take your time to underline the [unclear]
[TUTOR] And what you want to show them by [unclear] [unclear]
[TUTOR] Right, Callum. So, what is that circle thing, boy? [unclear]
[TUTOR] Okay, so how did you get 34 meters? [unclear]
[STUDENT] Mr. Mitch got 2.40 by 6.
[TUTOR] Okay, 40 by 6. Did you divide it?
[STUDENT] Yeah, I divide— I take away— I took away, like, the— took away—
[TUTOR] 36 from 40, did you?
[STUDENT] Yeah.
[TUTOR] Okay, so what was the answer you got? Was it 34?
[STUDENT] Yeah. No, I did 40 take away 6.
[TUTOR] Okay, so did you take 40 take away 6? Okay.
[TUTOR] So they are asking that they have 40 meters of bunting for the school fair. Alright? They have 40 full meters and they are cutting it into 6 lengths of 6 meters. Alright? So let's assume that we have a 40-meter-long bunting and they are dividing each into 6 meters. Alright? [unclear]
[TUTOR] There will be a problem. The entire thing will be 40 meters. This will be a 6. [unclear]
[TUTOR] They're asking about the leftover here, right? What do you think is the remaining meter?
[STUDENT] Um... I don't know, it's a 4, no, Teacher?
[TUTOR] Very good, it is a 4.
[TUTOR] That's all. [unclear] It's 4 meters, right?
[STUDENT] Yeah.
[TUTOR] How did you work it out?
[STUDENT] We just divided it by 8.
[TUTOR] Okay. Now, would you agree with me if I say that the fraction once again focuses on the remainder?
[TUTOR] Yes, we're talking about the leftover, which means the remainder, right? Okay, do you want to adjust your answer here? [unclear]
[TUTOR] Yeah, Anisha, do you want to change it?
[STUDENT] Hello?
[TUTOR] Okay, you can erase this and you can write the new answer here.
[TUTOR] Close. Okay, they are cutting into length of 6 meters. [unclear] That is remaining, right? Okay. Yes, Callum?
[STUDENT] Can we play a game called stick... hangman? You know the game? You know that game, right?
[TUTOR] I know. Yes, I know the game called hangman where you guess the word, right?
[STUDENT] Yeah. Can we play that game? That was the last one.
[TUTOR] Alright, I am— Okay, we can play the game after we complete this question, alright?
[STUDENT] Okay.
[TUTOR] Okay, that will be better, right? After we complete, we'll be happy about it, and then we can continue it. Shall we?
[STUDENT] Okay. [unclear]
[TUTOR] So, 3 times 2 is 6, so it's going to be 6.
[STUDENT] Right, so then doing that, you have 7 minutes to complete a problem, right?
[TUTOR] Yes.
[STUDENT] Very good. So you have an incomplete [unclear] that is made in the remaining minutes, right?
[TUTOR] Yes.
[STUDENT] Yes, you've done really well in question C, D, and there's another very happy about it, and you praise God once again. It was tricky, but then you managed to get it right. And this is about— because it is about football, have you right?
[TUTOR] Yes.
[STUDENT] Good.
[TUTOR] Okay, since it is a tablet, we should say [UNCLEAR]. It will take a very few minutes, alright? Less than 2 minutes. Can you start?
[STUDENT] You want to do the drawing?
[TUTOR] Okay.
[STUDENT] Okay. Yes.
[TUTOR] This is how it is, right?
[STUDENT] Yes.
[TUTOR] You choose the word. I will choose the word for you, of course. [unclear]
[TUTOR] You're not allowed to show me the word.
[STUDENT] Okay, maybe I can give you some clue about the letters, right?
[TUTOR] No, you're not allowed to, I think.
[STUDENT] Oh, I know. I already know what the word is now.
[TUTOR] All right, remember.
[STUDENT] All right, so what do you think the word is?
[BACKGROUND] Decimals.
[STUDENT] No. It doesn't have an E.
[TUTOR] Um, it is, it is.
[STUDENT] Is it?
[TUTOR] Um, so, um, so, um, how many A's going to 9 is 3.
[STUDENT] Do you have a letter A? A? No. [unclear] Do you have a letter L? L? No.
[STUDENT] No L and A.
[TUTOR] Oh, oh, oh, it does not have a letter E actually.
[STUDENT] What? Okay.
[TUTOR] Could you repeat that please? Okay, so what else do you think we have?
[STUDENT] Um, do we— do you have an N?
[TUTOR] Okay, we are doing this now.
[STUDENT] What should I do now?
[TUTOR] Would we have an N?
[STUDENT] Do we have a letter N? [unclear]
[TUTOR] Do you have an M?
[STUDENT] M? No.
[TUTOR] You have E? [unclear] I mean, you have F?
[STUDENT] F? No.
[TUTOR] You have 3 more chances. Oh my day, God!
[TUTOR] Okay, so we're doing it. We're doing this now, and it is closely related to maths, and you like this. You're perfect in it.
[STUDENT] I'm perfect in it?
[TUTOR] You're doing a very good job in it. You were doing this all this time? [unclear] Okay, I'll give you a clue once again, shall I?
[STUDENT] Okay. [unclear]
[TUTOR] Any other guesses, Callum?
[STUDENT] Yeah, I have.
[TUTOR] Uh-huh. Is there— have you told me all the bubble letters?
[STUDENT] No. I mean, yeah, you told me already. You told me a— [unclear]
[TUTOR] You, you know.
[STUDENT] Cooked. Now I'm cooked. I'm cooked. Few more times. Wait, what did you say about like I was being good about it?
[TUTOR] That's the word 'disgusting.' Yes, it is connected to this. That's right, it is opposite of this.
[STUDENT] Divide. Okay, so maybe you can tell me the spelling. [unclear]
[TUTOR] Yes, you are close.
[STUDENT] D-I-V-I-G-E-S.
[TUTOR] i, s-i, e-n, o-n, right? Does it now make sense that it is division?
[STUDENT] Yeah.
[TUTOR] All right. So let's have one more game at the end of this session, right? Did you like it?
[STUDENT] Yeah. Can I do that? Can I choose those?
[TUTOR] Can I choose the words?
[STUDENT] divide by 4 is...
[TUTOR] Right, you can definitely choose the word, but let's try one more question and go back to this, shall we?
[TUTOR] Okay.
[STUDENT] Alright.
[TUTOR] Okay, so we have Tara who seems to be excited. Let's see what she's thinking about, alright? Okay, so what is it? Do you want to start from here, Callum? [unclear]
[STUDENT] Tara is thinking of a 2-digit number. When divided by 5, the remainder is 2. When divided by 8, the remainder is 1. What number could she be thinking of? Right, so what are the multiples of 5? [unclear]
[TUTOR] 2, 5, 10.
[STUDENT] So 27 maybe?
[TUTOR] Not bad. Let's add 2 for them, right? Because it has a remainder of 2. Yeah?
[STUDENT] Yeah.
[TUTOR] So, wait. What is 5 plus 2?
[STUDENT] 5 plus 2 is 7.
[TUTOR] Uh-huh. 10 plus 2 is?
[STUDENT] It's 12.
[TUTOR] How much letters do you have left?
[STUDENT] Okay.
[TUTOR] 15 plus...
[STUDENT] 15 plus 2 gives me?
[TUTOR] 17.
[TUTOR] 17, right?
[STUDENT] Yeah, 17.
[TUTOR] What is 20 plus 2?
[STUDENT] 22.
[TUTOR] Mm-hmm.
[STUDENT] 27 after 5 for 25.
[TUTOR] Right. So now all these numbers here have a remainder of 5, yes?
[STUDENT] Yeah.
[TUTOR] Remainder of 2. Yes, now we— these are the multiples of 5, and when it is divided by 5, everything here has a remainder of 2. Do you agree with me?
[STUDENT] Yeah.
[TUTOR] Yes, out of these numbers, when it is divided by 8, the remainder is 1. Okay, so when you divide 12 by 8, what is the remainder? [unclear] Do we have a remainder when we divide 12 by 8?
[STUDENT] 486 cookies and they are put into boxes of 4.
[TUTOR] Yeah.
[STUDENT] How many boxes are needed?
[TUTOR] This is not the ideal answer, right? Because the remainder is going to be, when it is divided by 8, is going to be 4, right?
[STUDENT] Yeah. [unclear]
[TUTOR] What is the remainder when you divide 17 by 8?
[STUDENT] It is 17. Okay, so what's the remainder?
[STUDENT] 17 divided by 8 is 2.1. I mean, 2 remainder 1.
[TUTOR] 2 remainder 1. So is 17 the ideal answer?
[STUDENT] Yeah.
[TUTOR] Okay, you can write it. And I'll give you another guessing as well, all right?
[STUDENT] Okay.
[TUTOR] Okay, so is
[TUTOR] 57. Could 57 be the number that you're asking about?
[STUDENT] Yeah.
[TUTOR] Because it is a 2-digit number, right?
[STUDENT] Yeah.
[TUTOR] And what is 57 divided by 5?
[STUDENT] Um... [unclear] 2. So it has a remainder 2. Yes, so this is correct. When it is divided by 8, the remainder is 1. Shall we try dividing 57 by 8?
[STUDENT] Yeah.
[TUTOR] Yeah, okay.
[STUDENT] 8 times— so is it, um— [unclear]
[STUDENT] Is it 7? 7 remains 1.
[TUTOR] Very done. Yes, it is 7 and remains 1. So do you think this 57 is a suitable number?
[STUDENT] Yeah.
[TUTOR] Yes, so you gave the number 17 and you were— you— and you helped me in figuring out and rechecking that 57 is a suitable number too. We can write both the numbers here. And give a high five for the good work we did. Are you happy?
[STUDENT] Yeah.
[TUTOR] Yes, let's give a brave card for your good working. Yep, perfect practice. So how did you feel about this lesson?
[STUDENT] I feel like it was kind of easy though.
[TUTOR] It was easy for you? And why do you think this lesson was easy for you?
[STUDENT] Because it kind of
[STUDENT] It is the same thing as I do. It is the same type of questions as I do in class.
[TUTOR] Oh, all right. You're very familiar because you did it at school in the class, and also you are very good in your division, yes?
[STUDENT] Yeah.
[TUTOR] Okay, so let's take one very quick minute to go with the game, all right? Okay, let's make it very quick because I don't think we have enough time. [unclear]
[TUTOR] Does it have to be maths? Maths?
[STUDENT] I think it will be better if it has maths in it.
[TUTOR] Okay.
[STUDENT] And maybe you can give me some clue as well? [unclear]
[TUTOR] Okay, interesting. Does it have I? [unclear]
[TUTOR] I? Yeah?
[STUDENT] No.
[TUTOR] Yes.
[STUDENT] No, it does not have I. Does it have O?
[TUTOR] Um, because there's no vowels left.
[STUDENT] I think it has O, right?
[TUTOR] Looks like I did the word wrong. I mean... [unclear]
[TUTOR] Okay, I think I know the word already.
[STUDENT] What is it then?
[TUTOR] Can I write it down for you?
[STUDENT] Okay.
[TUTOR] Is it the word that you guessed?
[STUDENT] No.
[TUTOR] Oh, oh.
[STUDENT] Alright.
[TUTOR] Wait, yeah, it is, it is, it is. It is, right? And you played it really well. This is indeed a long word, and well done because you were able to connect it to Max, and I'm elated with it. I think going forward we can play some, alright?
[STUDENT] [unclear]
[TUTOR] Okay, and thank you. You had kept me entertained, and this was not a boring session, right?
[STUDENT] It was not a boring session.
[TUTOR] Okay.
[TUTOR] And now we have next lesson, which is going to be choosing a mental or written method. Okay? So when you do calculation, right, your handbag [UNCLEAR], you either have— you sometimes do mental methods or you have the written method. Yeah? And I, for a reason, know that you are very good with your mental method, but when you have very big sums, you go with the written method. Am I correct, Callum? [unclear]
[TUTOR] Correct.
[BACKGROUND] Correct.
[TUTOR] Now you better choose whether you have to go with the mental method to do this addition or written method, all right?
[STUDENT] All right.
[TUTOR] Okay, do you want to give this a try?
[BACKGROUND] Second is minus.
[TUTOR] What is 2 3?
[TUTOR] Yes, you can give it a try.
[STUDENT] I'm giving it a try, you know, just getting it okay. So according to my calculations, yeah, my big brain of mine, yeah, is it— [unclear]
[TUTOR] Wow, well done! Kudos to the big brain, it works really well. Yes, it is 395. Well done! So you used the mental method. Let's try one more question. Let's see, which method are you going to use here? Do you want to use the mental method or do you want to write it down? Is it ready?
[STUDENT] I'll use my big brain.
[TUTOR] Oh yeah, go for it. Are you okay?
[STUDENT] Are you?
[TUTOR] What is 7 6? It's,
[STUDENT] um, so according to my calculations, it's 7, 3, 2. Right. [unclear]
[TUTOR] I think— what is 6 6 here? No, 7 6 gives you a 13, right? And you have an extra one. Huh? So 6
[STUDENT] 6 gives you 12.
[TUTOR] 6 7? Sorry,
[STUDENT] it's 13, right? Okay, and you have the extra one here. What is 6 5? Um, so,
[BACKGROUND] um, that's— Oh yes!
[TUTOR] I'm not
[BACKGROUND] here. Very well
[TUTOR] done! 723, 723. And cheers to the big brain that helps you in solving it, right? I'm the
[BACKGROUND] weak of the fear.
[TUTOR] Do you want to try this as well? Okay, 8 5 is going to give you— What [unclear]
[STUDENT] is 8 5? [unclear]
[TUTOR] I think I should be leaving.
[STUDENT] Yes, you should be leaving now because we're running out of time. So also you, let's make a good choice. Which one do you think is the best? [unclear]
[TUTOR] Depends on the questions you try, right?
[STUDENT] Right.
[TUTOR] Alright, so I think I'll be ending the session now. You can complete the feedback form and the quiz, alright? Have a very good day and see you next week. Bye-bye! We're going to continue from this on the next day, alright?
[BACKGROUND] Okay!
[STUDENT] Have a wonderful day! Bye!
[BACKGROUND] Bye! You have all to thank Tutor G, boy, a legend in the streets!
[TUTOR] All right. Then look at the quiz and the feedback form for me. Bye-bye.
[STUDENT] Bye. Bye. [unclear]"
kdqhqyd,Solving real-life problems with remainders.,0.30858058,"Hello.
Good.
Uh... [unclear]
No.
Uh, I might go to the park with my friends.
Yeah.
Yeah, I don't like to see.
Yeah.
Mm-hmm.
Mm-hmm. [unclear]
Yeah.
It was something about decimals, I think.
I think profession.
Yeah.
Yeah.
Programs cost 50p. Selling programs raises £20. How much programs are sold? [unclear]
[unclear] [unclear]
[unclear]
I think it's 100.
I think that's the final answer.
50 times 20.
I think [UNCLEAR].
[unclear]
[unclear]
Mm-hmm.
Yes.
See, we don't know how many programs we have here but the total of selling all of these programs equals £20. Equals to 20 pounds, Linnea. So what calculation do we need to solve this problem and to find the number of programs? Now do you understand the question? [unclear]
Yeah.
Yeah.
Because if you times 5 by— I mean, 10 by 5, then it will be 50.
5 times 10.
Got it.
Yeah. [unclear]
So how did you do it as 5? [unclear]
4 by 20. No. Did I divide 4— [unclear] Okay, I erased it earlier in the blank slide. I divided 50 by 5 in the previous example, if you do remember. I divided the total by the number of groups that I had. Here it's different. You don't know the number of groups that you have. You need to find that. But you know how much one part equals?
50.
Division.
[UNCLEAR] [unclear]
[unclear] [unclear]
It would be 2,000. Yes, well done. Okay, now you can continue. [unclear] [unclear]
I'm a minus 4.
Hello, can you hear me? Linnea, can you hear me?
Yeah.
Pounds.
Yeah.
Yeah.
I understand how to solve it.
Mm-hmm.
Division.
Yeah, to find [UNCLEAR].
division.
multiplication.
Mm-hmm.
[unclear]
No, but I got a question about Maths Tutor.
How many weeks do I have left?
Okay. What's the reason?
My mom just wants to know.
Mm-hmm.
It's like when you, uh, for example, when you like, um, multiply a number by like 10 or [unclear] You can put a [UNCLEAR]. I know what they are, but I can't really explain it.
Divide.
The remainder will be 2.
2.
Okay.
There are 27 books. The teacher puts 5 books on each table. How many books are left over?
[unclear]
27 by 5.
The remainder.
Sorry, I didn't see your answer. Is that your remainder, the number of books left?
Yeah.
Because if you divide 27 by 5, it will equal to 5 and there will be 2 left over.
Okay.
[unclear] [unclear]
[unclear] [unclear]
[unclear] [unclear]
[unclear] [unclear]
[unclear] [unclear]
[unclear] [unclear]
Yes. [unclear]
Yeah.
Division.
I divided it.
Yeah.
37 and 30.
No.
Uh-huh.
Yes. [unclear] [unclear]
Still thinking.
No.
Yeah.
Yeah.
Yeah.
[unclear]
17.
Yeah.
[unclear]
Yeah.
I learned how to, like, do the questions, like...
Like division.
And also the question where there was, like, where a person is thinking of a number, then it's a multiple of something.
And then, if you divide it by this number, the remainder will be this number.
And then if you divide it by this number, the remainder will be this number.
Yes.
I learned how to do the question.
Yeah.
A— [unclear]
Y— [unclear]
Okay.
Remainder.
Okay.
Bye. [unclear]","Hello.
I'm good. It's been a week since the last session together, Linnea. So how was your day?
It was good. Okay, so I always ask about your day and what you did at school, so let me ask something different today, okay? How was your weekend?
It was good. Nothing special happened?
No? So what are your plans for this weekend?
You're going to the park with your friends? Okay, are you excited to do that?
So is it like a zoo or something else? Linnea? [unclear] You don't know? Okay. Haven't you go on a zoo? Haven't you go to a zoo? [unclear] No? You don't like?
Oh, you don't like the zoo? Okay, so then maybe you are going to just a garden park, Linnea, and spend your time with your friends and play with them?
Okay, wow, that sounds really amazing to me, Linnea. So enjoy your weekend this week, and I'm hoping to hear some good news in the next class, okay?
And yeah, so then let's move on to the lesson, right?
Okay, so you've been amazing since day one, so let's continue to be amazing. Today as well, Linnea. And I've drew some flowers for you. Do you like it?
Okay, Linnea. So starting off, do you remember what we discussed on the last class, the last lesson that we've discussed?
Brilliant. Okay, what else? [unclear]
Mm-hmm. We did something using some bar models. Do you remember?
Yes, so this is the last lesson that we discussed together, Linnea. Solving Real-Life Problems with Bar Models. Do you remember this lesson?
Wonderful. So in this lesson, we've completed up to the you-do part. You've done all these questions, if I do remember. Haven't you? Did you? [unclear] Yes, just like double-check it. Yes, you have done it already. And since you've done all of these questions, we are moving on to the last question of this lesson. Linnea, are you ready? [unclear] Okay, read the question aloud for me and give it a go.
Yes, Linnea, you are writing something. Let's see. So what calculation needs to be solved here?
Mm-hmm. How many programs are sold? Is it 100? [unclear] Okay, take your time and let me know the answer. [unclear]
Is that your final answer, Linnea? Or do you need more time?
That's your final answer. Okay, Linnea. So what calculation do we need to solve this problem?
So why do you think we need to multiply 50 and 20?
You don't know? Do you see the bar model here? What does it represent to you? They have shown you £20 here and the 50p is inside the bar model. What is this? You know how a bar model works, right?
So if I divide this bar model into, let's say, 1, 2, 3, 4, 5 equal parts, of 10 piece. 10 here, 10 here, 10 here. What would be the total of this bar model?
50. It would be 50. So I will show it like this. This equals to 50. So the same thing here from this bar model, but Something is missing in the middle of the bar model. What does that mean, Linnea? [unclear]
You don't know. Okay, so shall I explain this to you, Linnea?
Okay, listen very carefully. This is a little bit challenging question, okay? So the question says, Programs cost 50p. One program costs 50p. Selling the given programs raises £20. Linnea, that means there are a number of programs here. We don't know how many programs there are in the bar model. That is why we have something missing in the middle. We don't know how many exact number of programs we have. That is why they have used a question mark here. See, they don't know how many programs they have sold. Up to there, is that clear to you? [unclear] So we need to find it, right? How many programs have been sold? To do that—
Yes, to do that, They are telling one program is 50p and by selling a number of programs they've got a total of £20. [unclear]
Okay, so what calculation do we need? So earlier you said 20 times 5. 50. Now what is it? Is it the same or something else? [unclear] Is it still the same?
So you're— is it 1,000 still?
Okay, Linnea. No, it's not 1,000. Let me take an example like this quickly. I have to erase this. Okay, so this is my bar model. The total of this equals to 50. Okay, you need to find— [unclear]
Oh no, I'm sorry. The total of this will be 50. [unclear] And there are, um, let's say 5. I'm sorry, this is taking a bit of your— our time together. I'm sorry. 1, 2, 3, 4, 5. Okay, there are 5 parts now. We have 1, 2, 3, 4, 5 parts. You need to find how much each part takes. C. So how did you know that each part equals to a 10? What did you do? [unclear]
But Linnea, you didn't know that one group equals to a 10. You needed to find that one, right? But you had 5 groups with you. And the total is 50. You knew only 50 and 5. By using 50 and 5, you found one group equals to a 10. So what calculation did you use?
No, that's not the correct answer. You divided the 50
20 by 5. So that makes one group a 10 Linnea.
This is easy because you have only 5 groups. But when it comes to a question like this, we don't know how many groups, how many programs we have here. Right? So here in this question, you knew there were 5 groups. And 5 times 10 gives you 50. That makes it 10 in each group, right? That's way more easier. But the correct calculation to find the value in each group would be 50 divided by 5. That equals to a 10. Linnea, is that clear to you now?
Same thing here, Linnea. You know the total of Selling all of these programs equals to 20, and each program is 50p. You need to find the number of programs now.
5.
There's 4 boxes, so you divide 4 by 20.
You know the value of each program. So you need to find the number of groups now, Linnea. To do that, what you have to do? What's the calculation?
Division. You need to divide this 20 parts £50 by 50p. Remember, this is £20, Linnea. [unclear]
Yeah, £20 divided by 50p will give you the number of programs, the number of groups that you have. Now, can you divide the £20 by a 50p? [unclear]
Yeah, so either you have to convert the pounds into the peas or the peas into the pounds. So whatever is easy for you, you can go ahead with it and tell me the answer. [unclear]
Yeah.
Does £20 equals to 1,000p, Linnea? I think £10 equals to 1,000p. Right? [unclear] £10 equals to 1,000p. So how much would be £20? [unclear] Sorry?
Oh, a tiny mistake. Check back your answer again. Is it 400p? And by the way, you are finding the number of programmes, so are we going to use pounds or pence? The number of programmes. This is Linnea, okay?
What happened to Linnea? Why did you erase it? [unclear]
The thing is, Linnea,
2,000. Sorry, 2,000 divided by— [unclear] Right, check whether it is 400 or something else. That's what I mean. [unclear]
Yes, it is 40. And why are you using P? Why did you use the P here, Linnea?
Okay, so are we going to use pounds or [unclear] or whatever?
You are going to use pounds?
Okay, but the question says to find the number of programs that have been sold. Sold? The programmes, which means the number of groups, Linnea. So do we have to put pounds or the pence? Is it necessary? [unclear]
No, since we are just finding the number of groups we have in the bar model, we do not use any currency, pounds or pence. So your final answer would be what? Can you write down here? It will be 40, Linnea. Is that clear to you now?
You put a lot of effort on this question. Brilliant, Linnea. Now tell me, what did you understand from this question?
So yes. Earlier it was a bit hard for you, but now you know how to find a number of programs or how to find a number of groups in a bar [UNCLEAR], right?
Sorry. Now if you know the total of the bar model and the value of each group of the bar model, what would you do? What calculation would you do to find the number of groups in the bar model?
You would do division. Then let me ask the question this way. You know the number of groups in the bar model and how much each group worth. What would you do to find the total of the bar model? [unclear] Is it clear? [unclear]
No, listen to me again. You know the number of groups of the bar model, and you know how much each group equals to, how much each group worth. You need to find the total of the bar model. This one, the missing one. What would you do to find it? What calculation would you do?
No. Let's take another example quickly, okay?
Yes, it is multiplication. See, if you know there are 5 groups in the bar model, then you have to use multiplication. Yes, we have to use multiplication if each group is 10. You will have to multiply 10 by 5, right?
That would give you the total of the bar model. Linnea, remember those small things, okay?
Okay, very well done. And that's it for this lesson. I hope you understood how to solve real-life problems with bar models. Do some more practice questions on this lesson, okay?
Okay. And since we have completed the lesson today, you will get a quiz at the end of the session. You know that. Make sure you complete that one as well, Linnea. Okay? Any questions for me on this lesson?
Okay, you can ask me.
Let me check quickly and let you know. I think you have 14 more classes with me, 14 or 13 more classes with me, which means 13 weeks apparently.
Oh, okay. I'm really sorry. Yes, you can tell her like we have 13 more days together, Linnea, okay?
Okay, thank you. Then let's move on to the next lesson. Once again, real-life problems with remainders. The lessons are getting complicated day by day, Linnea. And yes, what are remainders?
So, um, where do we get remainders? Do we get remainders when we multiply or divide?
We divide. There we get the remainder. So if I ask you to divide 3 by 2, what will be the remainder? [unclear]
What's the remainder?
It is 1, Linnea. Only 1 will be remaining, so that is the Amount left over after a division, we call it a remainder. So in this lesson, you might know how you might use division. Basically, you are using division and multiplication here as well. Okay?
And okay, before we just go to other questions, let's start off with the learning goal one. Linnea, give it a go. Read the question aloud.
Interesting question, Linnea. So what calculation would you use?
Division. So what are you going to divide?
7 by 5. And you need to say— you You need to tell me how many books are left over. Which means— left over means what, Linnea? What do you need to find?
The remainder. Wonderful. [unclear] [unclear]
So how did you know it's 2?
2 left over there will be. Yes, there will be 5 and 2 will be left on the table. Brilliant workout. So see, this one's going to be really easy for you then. Since you've done the learning goal question by yourself, moving on to the practice questions. We have 4 questions. Good luck, Linnea. If you need my help, please ask from me, okay?
Read the questions aloud.
Done, right, Linnea? [unclear]
Hello? Hello? Linnea, do you hear me?
Oh, I can hear you now. Yes, let's see one by one. And for the first one, brilliant, you've got all the 3 answers correctly. They do give remainders of 2. A star achieved. And in the next one, what did you do?
Okay, wonderful. Yes, you deserve another star for that one. And for the next one, did you do the same thing or something else?
Very good. That was a wonderful explanation. Obviously, yes, division. And the last one, what did you do?
So, from what did you divide it, Linnea?
Yes, from what did you divide it? What two numbers did you divide?
37 and 30. So is this the remainder or something else?
It's how much you can make. So is it the remainder that you got? Is the answer the remainder or something else?
Something else. This is we call as— wait, let me go here. It's the answer that you get. I think it's quotient that we tell. Let me check onto that one and let you know. Okay, it's [unclear] that we get. We call it, call it as quotient, if I do remember. So yes, it is another star for you, Linnea. Just give me a moment.
Okay. So all of these, 4 stars for you for your awesome effort. Any questions for me?
You've done all of these questions by yourself, which means your brain is on [UNCLEAR]. So keeping that in mind, can you do the last question as well? We have Mr. Dorito here. Help him to do this question and read the question aloud for me.
Sarah is thinking of a 2-digit number. When it's divided by 5, the remainder is 2. When it's divided by 8, the remainder is 1. What number could she be thinking of? [unclear] [unclear]
Now you need to be very careful when you do this one because you have to consider so many things, okay? And remember, it's a 2-digit number, okay?
If you need my help, do ask from me, okay?
[unclear]
[unclear] [unclear]
Yes.
Linnea, any idea of doing this one?
You are still thinking, okay. [unclear]
So for a hint, Linnea, just helping you as a hint, it says when it is divided by 5, the remainder is 2. And when it is divided by 8, the remainder is 1.
So try to list the multiples of 5 and 8. That's the hint. Okay, just— yeah, the first 5 multiples of 5 and the first 5 multiples of 8. Based on that, you can go ahead. [unclear] 7. What is 10 plus 2? 12. What is 15 plus 2? Very well done. 22, 27. So. Oops. What happened? Okay, now one of these numbers will be giving us the remainder of two when divided by five. Same thing. Yes. You need to add a one to the multiples [unclear]
Any guesses, Linnea?
Okay, do you need more time?
Okay, I can only give you like one minute because we are running out of time, Linnea. Or else shall I— shall we do this together?
Okay, so let's do this together then. So Tutor is thinking of a 2-digit number. It's a 2-digit number. And when it is divided by 5, the remainder is 2. That means, Linnea, if you divide the number, there is a remainder of 2, means if you divide the number by 5, if there's a remainder of 2, means that is not a multiple of 5. Same thing when it is divided by 8. If there is a remainder of 1, that means it is not a multiple of 8 once again. Is that clear to you up to there?
Okay, so the number is not a multiple of 5 and 8. So these are not going to be the answers. The answer is not in here. Can you write down these 5 multiples somewhere here, Linnea? Somewhere here? No, not the 5, 10, 15, 20. The 8, 16, 24, 32. That list. [unclear]
Okay, that would be enough, Linnea. Okay, right. Now when the number is divided by 5, the remainder is 2. That means let's keep adding a 2. 5 2, 10 2, 15 2, and make another list here. Can you write it down? What is 5 2?
7. What is 10 plus 2?
12. What is 15 plus 2? Very well done, 22. 27. So— oops, what happened? Okay, now one of these numbers will be giving us the remainder of 2 when divided by 5. Same thing, yes, you need to add a 1 to the multiples of 8. Now do you see a common number in the new list that you made? Yes, 17 is in the two lists. It is the common number that you see. Linnea, so what is Tara thinking of? What is the number that she is thinking of?
It is 17. Is it clear to you now how we do a question like this?
So the answer is 17. Linnea, I'll give you a star because you tried it. You gave your best effort to this question, so brilliant. And any questions for me about this one though?
Remember, if it says when it is divided by something and there is a remainder of something, You know that it is not going to be a multiple of the number given here. And if I need to find the answer, you can just add the remaining ones to the multiples of 5s or 8s or whatever given in the question. Is that clear to you?
Okay, now we have completed this lesson as well. Quickly tell me, what What did you learn from this lesson?
Mm-hmm. Yes?
Mm-hmm.
Very good.
Very good. So is that clear how we did the last question? I think it's a good question, a challenging question, right?
Yeah, Linnea is happy finally. She's laughing, right? Okay, it's because you found the answer for her. Linnea, be proud of yourself. Did you learn anything new from this lesson though?
What is it?
You learned how to do the questions more, means you had more practice, right?
And here I told you something. Do you remember? The answer that we get from a division, what do we call it?
Do you see this?
It's a quotient. We call it a quotient. The answer that you get from a division. We call it a quotient. Okay.
The leftover that we get from a division, what do we call it?
The remainder. Brilliant. Okay. That way you've completed this lesson as well. Let me give you a huge star to praise you. Keep it up. Awesome effort shown on the lesson. So do the post-session quizzes. You have 2 quizzes today. Okay. From the previous one and this one. Make sure you complete them, okay?
Okay, and that's it for today. Thank you so much, and have fun on the park this weekend. Bye-bye.","[TUTOR] Hello.
[BACKGROUND] [unclear]
[STUDENT] Hello.
[BACKGROUND] Hi, Linnea, how are you?
[TUTOR] I'm good. It's been a week since the last session together, Linnea. So how was your day?
[STUDENT] Good.
[TUTOR] It was good. Okay, so I always ask about your day and what you did at school, so let me ask something different today, okay? How was your weekend?
[STUDENT] Uh... [unclear]
[TUTOR] It was good. Nothing special happened?
[STUDENT] No.
[TUTOR] No? So what are your plans for this weekend?
[STUDENT] Uh, I might go to the park with my friends.
[TUTOR] You're going to the park with your friends? Okay, are you excited to do that?
[STUDENT] Yeah.
[TUTOR] So is it like a zoo or something else? Linnea? [unclear] You don't know? Okay. Haven't you go on a zoo? Haven't you go to a zoo? [unclear] No? You don't like?
[STUDENT] Yeah, I don't like to see.
[TUTOR] Oh, you don't like the zoo? Okay, so then maybe you are going to just a garden park, Linnea, and spend your time with your friends and play with them?
[STUDENT] Yeah.
[TUTOR] Okay, wow, that sounds really amazing to me, Linnea. So enjoy your weekend this week, and I'm hoping to hear some good news in the next class, okay?
[STUDENT] Mm-hmm.
[TUTOR] And yeah, so then let's move on to the lesson, right?
[STUDENT] Mm-hmm. [unclear]
[TUTOR] Okay, so you've been amazing since day one, so let's continue to be amazing. Today as well, Linnea. And I've drew some flowers for you. Do you like it?
[STUDENT] Yeah.
[TUTOR] Okay, Linnea. So starting off, do you remember what we discussed on the last class, the last lesson that we've discussed?
[STUDENT] It was something about decimals, I think.
[TUTOR] Brilliant. Okay, what else? [unclear]
[STUDENT] I think profession.
[TUTOR] Mm-hmm. We did something using some bar models. Do you remember?
[STUDENT] Yeah.
[TUTOR] Yes, so this is the last lesson that we discussed together, Linnea. Solving Real-Life Problems with Bar Models. Do you remember this lesson?
[STUDENT] Yeah.
[TUTOR] Wonderful. So in this lesson, we've completed up to the you-do part. You've done all these questions, if I do remember. Haven't you? Did you? [unclear] Yes, just like double-check it. Yes, you have done it already. And since you've done all of these questions, we are moving on to the last question of this lesson. Linnea, are you ready? [unclear] Okay, read the question aloud for me and give it a go.
[STUDENT] Programs cost 50p. Selling programs raises £20. How much programs are sold? [unclear]
[STUDENT] [unclear] [unclear]
[STUDENT] [unclear]
[TUTOR] Yes, Linnea, you are writing something. Let's see. So what calculation needs to be solved here?
[STUDENT] I think it's 100.
[TUTOR] Mm-hmm. How many programs are sold? Is it 100? [unclear] Okay, take your time and let me know the answer. [unclear]
[TUTOR] Is that your final answer, Linnea? Or do you need more time?
[STUDENT] I think that's the final answer.
[TUTOR] That's your final answer. Okay, Linnea. So what calculation do we need to solve this problem?
[STUDENT] 50 times 20.
[TUTOR] So why do you think we need to multiply 50 and 20?
[STUDENT] I think [UNCLEAR].
[TUTOR] You don't know? Do you see the bar model here? What does it represent to you? They have shown you £20 here and the 50p is inside the bar model. What is this? You know how a bar model works, right?
[STUDENT] [unclear]
[TUTOR] So if I divide this bar model into, let's say, 1, 2, 3, 4, 5 equal parts, of 10 piece. 10 here, 10 here, 10 here. What would be the total of this bar model?
[STUDENT] [unclear]
[TUTOR] 50. It would be 50. So I will show it like this. This equals to 50. So the same thing here from this bar model, but Something is missing in the middle of the bar model. What does that mean, Linnea? [unclear]
[TUTOR] You don't know. Okay, so shall I explain this to you, Linnea?
[STUDENT] Mm-hmm.
[TUTOR] Okay, listen very carefully. This is a little bit challenging question, okay? So the question says, Programs cost 50p. One program costs 50p. Selling the given programs raises £20. Linnea, that means there are a number of programs here. We don't know how many programs there are in the bar model. That is why we have something missing in the middle. We don't know how many exact number of programs we have. That is why they have used a question mark here. See, they don't know how many programs they have sold. Up to there, is that clear to you? [unclear] So we need to find it, right? How many programs have been sold? To do that—
[STUDENT] Yes.
[TUTOR] Yes, to do that, They are telling one program is 50p and by selling a number of programs they've got a total of £20. [unclear]
[STUDENT] See, we don't know how many programs we have here but the total of selling all of these programs equals £20. Equals to 20 pounds, Linnea. So what calculation do we need to solve this problem and to find the number of programs? Now do you understand the question? [unclear]
[TUTOR] Okay, so what calculation do we need? So earlier you said 20 times 5. 50. Now what is it? Is it the same or something else? [unclear] Is it still the same?
[STUDENT] Yeah.
[TUTOR] So you're— is it 1,000 still?
[STUDENT] Yeah.
[TUTOR] Okay, Linnea. No, it's not 1,000. Let me take an example like this quickly. I have to erase this. Okay, so this is my bar model. The total of this equals to 50. Okay, you need to find— [unclear]
[TUTOR] Oh no, I'm sorry. The total of this will be 50. [unclear] And there are, um, let's say 5. I'm sorry, this is taking a bit of your— our time together. I'm sorry. 1, 2, 3, 4, 5. Okay, there are 5 parts now. We have 1, 2, 3, 4, 5 parts. You need to find how much each part takes. C. So how did you know that each part equals to a 10? What did you do? [unclear]
[STUDENT] Because if you times 5 by— I mean, 10 by 5, then it will be 50.
[TUTOR] But Linnea, you didn't know that one group equals to a 10. You needed to find that one, right? But you had 5 groups with you. And the total is 50. You knew only 50 and 5. By using 50 and 5, you found one group equals to a 10. So what calculation did you use?
[STUDENT] 5 times 10.
[TUTOR] No, that's not the correct answer. You divided the 50
[TUTOR] 20 by 5. So that makes one group a 10 Linnea.
[STUDENT] Got it.
[TUTOR] This is easy because you have only 5 groups. But when it comes to a question like this, we don't know how many groups, how many programs we have here. Right? So here in this question, you knew there were 5 groups. And 5 times 10 gives you 50. That makes it 10 in each group, right? That's way more easier. But the correct calculation to find the value in each group would be 50 divided by 5. That equals to a 10. Linnea, is that clear to you now?
[STUDENT] Yeah. [unclear]
[TUTOR] Same thing here, Linnea. You know the total of Selling all of these programs equals to 20, and each program is 50p. You need to find the number of programs now.
[TUTOR] 5.
[STUDENT] So how did you do it as 5? [unclear]
[TUTOR] There's 4 boxes, so you divide 4 by 20.
[STUDENT] 4 by 20. No. Did I divide 4— [unclear] Okay, I erased it earlier in the blank slide. I divided 50 by 5 in the previous example, if you do remember. I divided the total by the number of groups that I had. Here it's different. You don't know the number of groups that you have. You need to find that. But you know how much one part equals?
[STUDENT] 50.
[TUTOR] You know the value of each program. So you need to find the number of groups now, Linnea. To do that, what you have to do? What's the calculation?
[STUDENT] Division.
[TUTOR] Division. You need to divide this 20 parts £50 by 50p. Remember, this is £20, Linnea. [unclear]
[TUTOR] Yeah, £20 divided by 50p will give you the number of programs, the number of groups that you have. Now, can you divide the £20 by a 50p? [unclear]
[TUTOR] Yeah, so either you have to convert the pounds into the peas or the peas into the pounds. So whatever is easy for you, you can go ahead with it and tell me the answer. [unclear]
[STUDENT] [UNCLEAR] [unclear]
[STUDENT] [unclear] [unclear]
[TUTOR] Yeah.
[TUTOR] Does £20 equals to 1,000p, Linnea? I think £10 equals to 1,000p. Right? [unclear] £10 equals to 1,000p. So how much would be £20? [unclear] Sorry?
[STUDENT] It would be 2,000. Yes, well done. Okay, now you can continue. [unclear] [unclear]
[TUTOR] Oh, a tiny mistake. Check back your answer again. Is it 400p? And by the way, you are finding the number of programmes, so are we going to use pounds or pence? The number of programmes. This is Linnea, okay?
[TUTOR] What happened to Linnea? Why did you erase it? [unclear]
[STUDENT] I'm a minus 4.
[TUTOR] The thing is, Linnea,
[TUTOR] 2,000. Sorry, 2,000 divided by— [unclear] Right, check whether it is 400 or something else. That's what I mean. [unclear]
[TUTOR] Yes, it is 40. And why are you using P? Why did you use the P here, Linnea?
[STUDENT] Hello, can you hear me? Linnea, can you hear me?
[STUDENT] Yeah.
[TUTOR] Okay, so are we going to use pounds or [unclear] or whatever?
[STUDENT] Pounds.
[TUTOR] You are going to use pounds?
[STUDENT] Yeah.
[TUTOR] Okay, but the question says to find the number of programs that have been sold. Sold? The programmes, which means the number of groups, Linnea. So do we have to put pounds or the pence? Is it necessary? [unclear]
[TUTOR] No, since we are just finding the number of groups we have in the bar model, we do not use any currency, pounds or pence. So your final answer would be what? Can you write down here? It will be 40, Linnea. Is that clear to you now?
[STUDENT] Yeah.
[TUTOR] You put a lot of effort on this question. Brilliant, Linnea. Now tell me, what did you understand from this question?
[STUDENT] I understand how to solve it.
[BACKGROUND] [UNCLEAR]
[TUTOR] So yes. Earlier it was a bit hard for you, but now you know how to find a number of programs or how to find a number of groups in a bar [UNCLEAR], right?
[STUDENT] Mm-hmm.
[TUTOR] Sorry. Now if you know the total of the bar model and the value of each group of the bar model, what would you do? What calculation would you do to find the number of groups in the bar model?
[STUDENT] Division.
[TUTOR] You would do division. Then let me ask the question this way. You know the number of groups in the bar model and how much each group worth. What would you do to find the total of the bar model? [unclear] Is it clear? [unclear]
[STUDENT] Yeah, to find [UNCLEAR].
[TUTOR] No, listen to me again. You know the number of groups of the bar model, and you know how much each group equals to, how much each group worth. You need to find the total of the bar model. This one, the missing one. What would you do to find it? What calculation would you do?
[STUDENT] division.
[TUTOR] No. Let's take another example quickly, okay?
[STUDENT] multiplication.
[TUTOR] Yes, it is multiplication. See, if you know there are 5 groups in the bar model, then you have to use multiplication. Yes, we have to use multiplication if each group is 10. You will have to multiply 10 by 5, right?
[STUDENT] Mm-hmm.
[TUTOR] That would give you the total of the bar model. Linnea, remember those small things, okay?
[STUDENT] [unclear]
[TUTOR] Okay, very well done. And that's it for this lesson. I hope you understood how to solve real-life problems with bar models. Do some more practice questions on this lesson, okay?
[TUTOR] Okay. And since we have completed the lesson today, you will get a quiz at the end of the session. You know that. Make sure you complete that one as well, Linnea. Okay? Any questions for me on this lesson?
[STUDENT] No, but I got a question about Maths Tutor.
[TUTOR] Okay, you can ask me.
[STUDENT] How many weeks do I have left?
[TUTOR] Let me check quickly and let you know. I think you have 14 more classes with me, 14 or 13 more classes with me, which means 13 weeks apparently.
[STUDENT] Okay. What's the reason?
[STUDENT] My mom just wants to know.
[TUTOR] Oh, okay. I'm really sorry. Yes, you can tell her like we have 13 more days together, Linnea, okay?
[STUDENT] Mm-hmm.
[TUTOR] Okay, thank you. Then let's move on to the next lesson. Once again, real-life problems with remainders. The lessons are getting complicated day by day, Linnea. And yes, what are remainders?
[STUDENT] It's like when you, uh, for example, when you like, um, multiply a number by like 10 or [unclear] You can put a [UNCLEAR]. I know what they are, but I can't really explain it.
[TUTOR] So, um, where do we get remainders? Do we get remainders when we multiply or divide?
[STUDENT] Divide.
[TUTOR] We divide. There we get the remainder. So if I ask you to divide 3 by 2, what will be the remainder? [unclear]
[STUDENT] The remainder will be 2.
[TUTOR] What's the remainder?
[STUDENT] 2.
[BACKGROUND] 1.
[TUTOR] It is 1, Linnea. Only 1 will be remaining, so that is the Amount left over after a division, we call it a remainder. So in this lesson, you might know how you might use division. Basically, you are using division and multiplication here as well. Okay?
[STUDENT] Okay.
[TUTOR] And okay, before we just go to other questions, let's start off with the learning goal one. Linnea, give it a go. Read the question aloud.
[STUDENT] There are 27 books. The teacher puts 5 books on each table. How many books are left over?
[TUTOR] Interesting question, Linnea. So what calculation would you use?
[STUDENT] [unclear]
[TUTOR] Division. So what are you going to divide?
[STUDENT] 27 by 5.
[TUTOR] 7 by 5. And you need to say— you You need to tell me how many books are left over. Which means— left over means what, Linnea? What do you need to find?
[STUDENT] The remainder.
[TUTOR] The remainder. Wonderful. [unclear] [unclear]
[STUDENT] Sorry, I didn't see your answer. Is that your remainder, the number of books left?
[STUDENT] Yeah.
[TUTOR] So how did you know it's 2?
[STUDENT] Because if you divide 27 by 5, it will equal to 5 and there will be 2 left over.
[TUTOR] 2 left over there will be. Yes, there will be 5 and 2 will be left on the table. Brilliant workout. So see, this one's going to be really easy for you then. Since you've done the learning goal question by yourself, moving on to the practice questions. We have 4 questions. Good luck, Linnea. If you need my help, please ask from me, okay?
[STUDENT] Okay.
[TUTOR] Read the questions aloud.
[BACKGROUND] Which of these divisions calculates— have a remainder of 2? [unclear]
[STUDENT] [unclear] [unclear]
[STUDENT] [unclear] [unclear]
[STUDENT] [unclear] [unclear]
[STUDENT] [unclear] [unclear]
[STUDENT] [unclear] [unclear]
[STUDENT] [unclear] [unclear]
[STUDENT] Yes. [unclear]
[TUTOR] Done, right, Linnea? [unclear]
[TUTOR] Hello? Hello? Linnea, do you hear me?
[STUDENT] Yeah.
[TUTOR] Oh, I can hear you now. Yes, let's see one by one. And for the first one, brilliant, you've got all the 3 answers correctly. They do give remainders of 2. A star achieved. And in the next one, what did you do?
[STUDENT] Division.
[TUTOR] Okay, wonderful. Yes, you deserve another star for that one. And for the next one, did you do the same thing or something else?
[BACKGROUND] I did division and then [unclear] there's gonna be 2 left over, so you need to get another car. [unclear]
[TUTOR] Very good. That was a wonderful explanation. Obviously, yes, division. And the last one, what did you do?
[STUDENT] I divided it.
[TUTOR] So, from what did you divide it, Linnea?
[STUDENT] Yeah.
[TUTOR] Yes, from what did you divide it? What two numbers did you divide?
[STUDENT] 37 and 30.
[TUTOR] 37 and 30. So is this the remainder or something else?
[BACKGROUND] It's how much you can make.
[TUTOR] It's how much you can make. So is it the remainder that you got? Is the answer the remainder or something else?
[BACKGROUND] Something else.
[TUTOR] Something else. This is we call as— wait, let me go here. It's the answer that you get. I think it's quotient that we tell. Let me check onto that one and let you know. Okay, it's [unclear] that we get. We call it, call it as quotient, if I do remember. So yes, it is another star for you, Linnea. Just give me a moment.
[TUTOR] Okay. So all of these, 4 stars for you for your awesome effort. Any questions for me?
[STUDENT] No.
[TUTOR] You've done all of these questions by yourself, which means your brain is on [UNCLEAR]. So keeping that in mind, can you do the last question as well? We have Mr. Dorito here. Help him to do this question and read the question aloud for me.
[TUTOR] Sarah is thinking of a 2-digit number. When it's divided by 5, the remainder is 2. When it's divided by 8, the remainder is 1. What number could she be thinking of? [unclear] [unclear]
[TUTOR] Now you need to be very careful when you do this one because you have to consider so many things, okay? And remember, it's a 2-digit number, okay?
[STUDENT] Uh-huh.
[TUTOR] If you need my help, do ask from me, okay?
[TUTOR] [unclear]
[TUTOR] [unclear] [unclear]
[TUTOR] Yes.
[STUDENT] Yes. [unclear] [unclear]
[TUTOR] Linnea, any idea of doing this one?
[STUDENT] Still thinking.
[TUTOR] You are still thinking, okay. [unclear]
[TUTOR] So for a hint, Linnea, just helping you as a hint, it says when it is divided by 5, the remainder is 2. And when it is divided by 8, the remainder is 1.
[TUTOR] So try to list the multiples of 5 and 8. That's the hint. Okay, just— yeah, the first 5 multiples of 5 and the first 5 multiples of 8. Based on that, you can go ahead. [unclear] 7. What is 10 plus 2? 12. What is 15 plus 2? Very well done. 22, 27. So. Oops. What happened? Okay, now one of these numbers will be giving us the remainder of two when divided by five. Same thing. Yes. You need to add a one to the multiples [unclear]
[TUTOR] Any guesses, Linnea?
[STUDENT] No.
[TUTOR] Okay, do you need more time?
[STUDENT] Yeah.
[TUTOR] Okay, I can only give you like one minute because we are running out of time, Linnea. Or else shall I— shall we do this together?
[STUDENT] Yeah.
[TUTOR] Okay, so let's do this together then. So Tutor is thinking of a 2-digit number. It's a 2-digit number. And when it is divided by 5, the remainder is 2. That means, Linnea, if you divide the number, there is a remainder of 2, means if you divide the number by 5, if there's a remainder of 2, means that is not a multiple of 5. Same thing when it is divided by 8. If there is a remainder of 1, that means it is not a multiple of 8 once again. Is that clear to you up to there?
[STUDENT] Yeah.
[TUTOR] Okay, so the number is not a multiple of 5 and 8. So these are not going to be the answers. The answer is not in here. Can you write down these 5 multiples somewhere here, Linnea? Somewhere here? No, not the 5, 10, 15, 20. The 8, 16, 24, 32. That list. [unclear]
[TUTOR] Okay, that would be enough, Linnea. Okay, right. Now when the number is divided by 5, the remainder is 2. That means let's keep adding a 2. 5 2, 10 2, 15 2, and make another list here. Can you write it down? What is 5 2?
[TUTOR] 7. What is 10 plus 2?
[STUDENT] [unclear]
[TUTOR] 12. What is 15 plus 2? Very well done, 22. 27. So— oops, what happened? Okay, now one of these numbers will be giving us the remainder of 2 when divided by 5. Same thing, yes, you need to add a 1 to the multiples of 8. Now do you see a common number in the new list that you made? Yes, 17 is in the two lists. It is the common number that you see. Linnea, so what is Tara thinking of? What is the number that she is thinking of?
[STUDENT] 17.
[TUTOR] It is 17. Is it clear to you now how we do a question like this?
[STUDENT] Yeah.
[TUTOR] So the answer is 17. Linnea, I'll give you a star because you tried it. You gave your best effort to this question, so brilliant. And any questions for me about this one though?
[STUDENT] [unclear]
[TUTOR] Remember, if it says when it is divided by something and there is a remainder of something, You know that it is not going to be a multiple of the number given here. And if I need to find the answer, you can just add the remaining ones to the multiples of 5s or 8s or whatever given in the question. Is that clear to you?
[STUDENT] Yeah.
[TUTOR] Okay, now we have completed this lesson as well. Quickly tell me, what What did you learn from this lesson?
[STUDENT] I learned how to, like, do the questions, like...
[TUTOR] Mm-hmm. Yes?
[STUDENT] Like division.
[TUTOR] Mm-hmm.
[STUDENT] And also the question where there was, like, where a person is thinking of a number, then it's a multiple of something.
[STUDENT] And then, if you divide it by this number, the remainder will be this number.
[TUTOR] Very good.
[STUDENT] And then if you divide it by this number, the remainder will be this number.
[TUTOR] Very good. So is that clear how we did the last question? I think it's a good question, a challenging question, right?
[TUTOR] Yeah, Linnea is happy finally. She's laughing, right? Okay, it's because you found the answer for her. Linnea, be proud of yourself. Did you learn anything new from this lesson though?
[STUDENT] Yes.
[TUTOR] What is it?
[STUDENT] I learned how to do the question.
[TUTOR] You learned how to do the questions more, means you had more practice, right?
[STUDENT] Yeah.
[TUTOR] And here I told you something. Do you remember? The answer that we get from a division, what do we call it?
[STUDENT] A— [unclear]
[TUTOR] Do you see this?
[STUDENT] Y— [unclear]
[TUTOR] It's a quotient. We call it a quotient. The answer that you get from a division. We call it a quotient. Okay.
[STUDENT] Okay.
[TUTOR] The leftover that we get from a division, what do we call it?
[STUDENT] Remainder.
[TUTOR] The remainder. Brilliant. Okay. That way you've completed this lesson as well. Let me give you a huge star to praise you. Keep it up. Awesome effort shown on the lesson. So do the post-session quizzes. You have 2 quizzes today. Okay. From the previous one and this one. Make sure you complete them, okay?
[STUDENT] Okay.
[TUTOR] Okay, and that's it for today. Thank you so much, and have fun on the park this weekend. Bye-bye.
[STUDENT] Bye. [unclear]"
cdxhulu,Solving problems involving fractions.,0.30910265,"Yeah, I can hear you.
Good.
Yes, we can hear you. [Speaker] Okay, that's great. I can hear you too. [unclear]
Declan, can we just sit in a little side room and do a bit, and then you can hear her?
Hello?
Yeah, I can hear you.
Yeah.
Good. Fantastic, I'm glad, Declan. So do you remember this lesson that we have on the screen today?
Yeah.
Yeah, solving problems involving fractions.
So I remember doing this slide and then doing like— like the other tutor helping me, like when I was stuck, she was helping me, like, so I wouldn't be stuck.
Yeah.
Because I know that one-fifth is a half, so I thought half of 400 would be 200.
Yeah.
Well, if I had 4 and I wanted half, I'd go 2. I'll put it into 2 and then put the 2 zeros back on.
Yeah.
Yeah?
Yeah.
Yeah.
Yeah.
Hello, can you hear me?
Yeah?
I don't really get it because in my class normally [UNCLEAR]. Oh wait, I've just done it wrong.
Yeah.
[unclear] 400 take away 80.
320.
Yeah.
[unclear] divided by 8.
Yeah.
Yeah. What is the final answer?
[unclear]
Yeah.
[unclear]
I'm going to do 40 divided by 5.
No.
[unclear]
I saw it last week, but I forgot.
Yeah.
[unclear]
Yeah.
what
24.
Yeah.
So first we got to [unclear] like the denominator divided by the whole number.
[unclear] We've got to find like one, like what, so what we like to find them by.
So we've got to like, so once we do 5 divided by 40, which is 8, then we've got to like see how many like are there, like how many there is in the numerator, and then [unclear]
On this part, you've just got to like— so if it's 1/5, you do 5 divided by 40, which is 8. And then if it's this part, you've got to do like— you've got to do 5 divided by 40, which is 8. And then multiply it by the [UNCLEAR], which is 24.
Yeah.
So what I did is I done 42 divided by 6, so I got 7, and then I multiplied it by 5.
Yeah.
No, I'm just calculating.
Because at first I did the [unclear] method, and then so I done it, and then I got 120, and then I multiplied it by 3. [unclear]
Oh, I think I've got it now. [unclear]
No, I don't have any questions.
on his [unclear] page. One half of them are on the green team, one quarter of them are red team, the rest are the blue team. How many blue team football cards does he have?
[unclear]
We're going to divide 12
[unclear] [unclear]
How many teams— how many blue team [unclear] does he have?
[unclear]
I was thinking of something, but it might not be right. I was thinking of adding the 2 and the 6 as denominators to make 6, and then doing 12 divided by 6.
[unclear] It might not be right, but I was thinking of—
The two denominators, 4 and 2, I add them together and then divide them by 12.
Yeah.
Okay.
Yeah.
[unclear]
Yes?
Well, it's got a quarter. [unclear] [unclear]
Looking at this number, from the denominator I can tell there's 4 pieces of something, and then the numerator tells me how much I've got of it.
Yeah?
Well... [unclear] I know, I— if I can multiply like 6, I can take away 6. I know that 2 times 6 was 12.
Yeah.
[unclear] 4 divided by 12.
[unclear]
[unclear]
[unclear]
[unclear]
3.
[unclear]
Hello.
Which one?
Oh, so what I would say was— [unclear]
Well, if I find— if one— if a half, like, so I know a half, like, so one half is 6, so I knew that was 6. And then for the red team, I knew one quarter of 12 was 3. 3, because, um, so what I did was I done 12 divided by 4, which was 3. And then for the blue team, you have to do, um, 12 take away 9, which equals 3.
Yeah.
Bye. [unclear]","Hello?
Hello, Declan, can you hear me?
Alright, that's great to hear. How are you doing, Declan?
Hello?
I cannot hear you.
Hi. Hello? Hello, can you hear me? [unclear] [unclear]
Hello, Declan, can you hear me? Declan, can you hear me? I can hear you.
Hi, sorry, we're just trying to fix Declan's computer. [Speaker] Declan, can you hear me?
Just sensing that last—
Okay. [unclear]
Hello?
Can you hear me, Declan?
Yes, I can hear you. Alright, shall we continue with the lesson then, Declan?
Okay, so how are you doing, Declan?
Okay, so you started [unclear] during your last session. Can you read the topic, please?
Yes, so what do you remember about this lesson, Declan?
Okay, all right, Declan, so I'm glad to hear that. Now let's So let's start off with this question that you might have tried during your last session. Can you try it again, the learning goal question, Declan?
Okay. Can you tell me how you got 200 grams, Declan, as the answer?
Now, great job in understanding that half of 400 is 200 grams, Declan. But when we say half, we mean this fraction, Declan. One out of two. This is what we call half. Do you understand, Declan?
So this fraction they have given is one-fifth. So how do we find what is one-fifth of 400? Can you tell me how you figured out that half of 400 grams is 200, Declan?
So you divided the 400 by 2. Is that it, Declan?
Excellent work. Yes, well done in figuring that out independently. Now, half means you are dividing 400 grams by 2. So if you have one-fifth, Declan, this fraction, what do we do with this fraction and 400 to figure out what one-fifth of 400 is? [unclear]
Declan?
So for half, you divide it by 2. So the denominator of half is 2, isn't it, Declan?
You're dividing 400 by the denominator of the fraction, which is 2. So to find one-fifth of 400, you have to divide 400, the number that you're given, Declan.
By 5. 400 divided by 5 will give you 1/5 of 400. Is that clear, Declan?
So what is 400 divided by 5? [unclear]
Declan?
Hello, Declan, can you hear me?
Yes. So what is 400 divided by 5? [unclear] [unclear]
Can you use the bus stop, Declan? And can you tell me how to divide 400 by 5? Let me write. You know how to use the bus stop, right?
Yeah.
Yeah, so first 5 goes into 4 once, so you'll put a 1 on top of the 4.
So why do you say that 5 goes into 4 once, Declan? Can 5 go into 4, Declan? [unclear] [unclear]
Declan?
Let me show you how to do this division. 5 cannot go into 4 because 4 is smaller than 5, Declan. So we put a 0 above 4. Do you understand, Declan? Declan?
Do you want to try the division again?
Yeah. [unclear]
What's your answer? Okay. Is that your final answer, Declan?
Excellent work. Yes, 1/5 of 400 is 80. So Lucy has used 80 grams of the sugar to make jam. And the question is asking how much sugar she has left. How do we find how much sugar she has left, Declan?
Exactly, yes. Great work in understanding that, Declan. You have to take away 80. Can you take away and tell me the answer?
Yes, 320 grams is the final answer. Excellent work, Declan. And now, can you tell me how you're going to answer this question? [unclear] [unclear]
How would you answer this question, Declan? [unclear]
Do you remember how we found 1/5 of 400, Declan?
We divided 400 by the denominator, which is 5. So over here, Declan, how are we going to find 1/8 of 7?
Exactly, yes. Excellent work, Declan. So there is 1 in the denominator— 1 in the numerator, but 8 in the denominator. So you have to divide 72 by 8. Can you do the division and can you tell me the answer?
All right, Declan. [unclear] [unclear]
Did you get the final answer, Declan?
Yes, it is 9. Excellent work in figuring that out independently, Declan. So what you have to do here, Declan, is you have to divide the number you're given by the denominator, and then you have to multiply it with the numerator. But because the numerator is 1, The answer won't change when you multiply something by 1. Is that clear, Declan?
All right, excellent work. So can you try this question, Part A?
So we are going to just practice how to find fractions of amounts. So let's start off with Part A, where they're asking you to find what's the 3/5 of 40 is— how are you going to do that, Declan?
Yes, what are you going to divide?
Yes, exactly. So when you divide 40 by 5, Declan, is that the final answer?
No. So after we divide 40 by 5, what do we have to do? Now over here in these two questions, Declan, the fraction had 1 in the numerator. But in, in this fraction, Declan, do we— what is the numerator? [unclear] How many numbers we have here?
3. So when there is a number other than 1 in the numerator, Declan, after you do the division, there is another step you have to do. Do you know what that step is, Declan?
No problem. Let me show it to you today also, Declan. I'll tell it to you in like a story. So you first divide the number you're given, which in this case is 40, by the denominator, which is 5. Right, Declan?
When you do that, you are actually finding the answer for this one part. You're finding what one-fifth of 40 is. Is that clear, Declan?
Yeah, just by doing the division, you're just getting the answer for one part, but you have 3 in the numerator. So they are asking you to find what 3 parts is equal to. So if one part is equal to 40 divided by 5, which I will do the calculation. What is 40 divided by 5, Declan?
8, exactly. So one of these parts is 8. So 1/5, 1/5, 1/5, all of these are equal to 8. So 1/5 of 40 is 8, and they are asking you to find what 3 parts is equal to. So that you have— that means you have to consider 3 parts out of this. You understand, Declan?
So that is 8 8 8, or we can say it as 8 multiplied by 3. You have to do a multiplication as the second step of your calculation. Is that clear, Declan? Yeah. So
is 8 times 3? Let me draw a nicer 3. Yes, what is 8 times 3?
24. So 1/5 of 40 is equal to 8, Declan. And to find 3 parts of it, we have to multiply 8 by 3, which is 24. Excellent work. So I can see that you have a very good understanding about the times tables, Declan. Fantastic. So now it's just a matter of applying that to the question and figuring out the answer. Is that clear, Declan?
Can you explain the steps that we have to do here in your own words?
Yes, Declan?
What did you say, Declan?
I can't hear you, Declan.
Yes, so we always have to do the division first to figure out what one part is equal to, and then multiply it by the numerator to figure out the final answer. Excellent work, Declan, in explaining that. So now can you try part B, Declan?
Yeah. [unclear]
Is 7 your final answer, Declan?
Are you sure about that? Did you double-check that? [unclear]
Oh wait, I don't want to [unclear] now. Okay. [unclear]
How did you get 35 as your answer, Declan?
Excellent work, well done. So how— so well done in figuring out this answer independently, Declan. And now can you try Part C?
You can write down your answer, Declan. And also, can you tell me what you're doing to answer Part C? [unclear]
Declan, can you hear me? [unclear]
Okay. Are you having some trouble answering Part C?
Okay. All right. [unclear]
630. Okay. So you first divided 360 by 3, and afterwards what did you do, Declan? I times 120 by 3.
Why did you decide to times 120 by 3?
Yes, excellent job in correcting that independently, Declan. You have to multiply it by 2.
So what is 120 times 2, Declan? [unclear] [unclear]
Declan, yeah, what is 2— you're pretty close, Declan. It is not 242. Can you try the multiplication once again, Declan? It's— you're pretty close to the answer, but it is not 242. [unclear]
Excellent work. Well done, Declan, in figuring out this answer independently. It is 240. Great work. All right. So with that, we can move on to the next slide. Do you have any questions, Declan?
All right. Okay. So now we have an application style question, Declan. Can you read the question, please?
Yes, so to answer this question, Declan, what method do you think we can use? [unclear]
Okay, all right. So what are we going to do with the bus stop mode?
So what are we going to divide, Declan?
Yes. What are you going to divide 12 by?
So Declan, now Ben has 12 football cards to go on this page. So that means we underline the keywords, Declan. The total number of football cards. Half of them are of the green teams. And a quarter of them, one-fourth of the red teams, and the rest are the blue team. What do we need to find in this question, Declan?
Yes, exactly. So to figure out how many blue teams photocards he has, What type of— what calculation do we have to do with the information given, Declan?
Yes?
What did you say, Declan? I couldn't hear you.
OK. All right. So that is very interesting, Declan. So instead of making it difficult for you, Declan, by adding fractions— because you know fractions are a bit more complicated to add than [UNCLEAR]. Whole numbers, right?
So what you can do is you can figure out how many green cards are there and how many red team cards are there. And then you can add them to figure out the total of the green team and red team cards. What do you say?
Okay, so can you figure out... [unclear] Now you know that half of these 12 football cards belong to the green team, right?
So this is the calculation we have to do to figure that out. Half of 12. What is that equal to, Declan?
Exactly. You can write that down and you can go to the next step.
So a couple of them are on the red team. So... [unclear]
So you can write your answers over here, Declan. If you figure out what half of 12 is, you can write it here. What quarter of 12 is, you can write that over here in the spaces given. [unclear] Okay. So how many cards does the red team have, Declan? Can you figure that out as well?
This? What is it, Declan?
What is quarter? Okay, yes, that is a quarter, Declan. It's pretty rough, but I can see that you're talking about a quarter. So how do we figure out what quarter of 12 is? [unclear]
So to find out what quarter of 12 is, Declan, you can cut— you know the calculation to do, right?
Declan?
So to find out what half of 12 is, what calculation did you do?
Yes, you divided 12 by 2 to get 6, right, Declan?
So to figure out what one-fourth of 12 is,
12 is, what calculation can we do? [unclear]
12 divided by 2 gave you half of 12, Declan. So to find quarter of 12, what division do we have to do here?
Yes, it's 12 divided by 4.
Declan. You have to divide 12 by 4. You can get what quarter of 12 is. [unclear] Alright, okay. So now you have the number of cards for the green team and number of cards for the red team. How do we get the total of the red team and green team cards, Declan?
Yes, we have to add them. So the total cards belonging to the green and the red team is 9. So then, if the total number of cards is 12, how do we get the number of cards belonging to the blue team, Declan?
Sorry?
What I would do would be 9 plus 3 would equal 12.
Okay. So how many cards belong to the blue team, Declan?
So how many cards belong to the blue team?
Declan?
So you figured out the total number of cards belonging to the red and green team. So now if the total number of cards is 12, Declan, how many cards belong to the blue team? [unclear]
So the total number of cards is 12, and the number of cards belonging to the green and the red team is 9. So if you want to find the number of cards belonging to the blue team, Declan, you need to find how much more cards is there. 12 take away 9, that will give you the number of cards belonging to the blue team. Is that clear, Declan?
Right, so you just need to subtract 9 from the total number of cards, which is 12. So what is 12 take away 9?
3. So how many cards belong to the blue team?
Yes, excellent job in working on this together with me, Declan. So we will continue this. So we were able to do one question over here, Declan. So can you explain to me in your own words how you would answer this question?
Hello, Declan?
Yes. Can you explain to me in your own words how you would answer this question?
The one we just did.
Yes.
All right, great job in explaining that, Declan. I will see you during our next session to continue with this. All right, Declan?
Okay, I hope you have a great week ahead. I will see you next time. Bye.","[TUTOR] Hello?
[BACKGROUND] [unclear]
[BACKGROUND] Hello, Declan, can you hear me?
[TUTOR] Hello, Declan, can you hear me?
[BACKGROUND] Hello, can you hear me? Yes, can you hear me, Declan?
[STUDENT] Yeah, I can hear you.
[TUTOR] Alright, that's great to hear. How are you doing, Declan?
[STUDENT] Good.
[TUTOR] Hello?
[BACKGROUND] Hello.
[TUTOR] I cannot hear you.
[TUTOR] Hi. Hello? Hello, can you hear me? [unclear] [unclear]
[TUTOR] Hello, Declan, can you hear me? Declan, can you hear me? I can hear you.
[TUTOR] Hi, sorry, we're just trying to fix Declan's computer. [Speaker] Declan, can you hear me?
[STUDENT] Yes, we can hear you. [Speaker] Okay, that's great. I can hear you too. [unclear]
[BACKGROUND] It's just the headphones won't work, so you're kind of loud. Everyone in the class can hear you, so we're just trying to sort this issue out. [Speaker] Okay, thank you for letting me know. [unclear]
[TUTOR] Just sensing that last—
[STUDENT] Declan, can we just sit in a little side room and do a bit, and then you can hear her?
[TUTOR] Okay. [unclear]
[TUTOR] Hello?
[STUDENT] Hello?
[TUTOR] Can you hear me, Declan?
[STUDENT] Yeah, I can hear you.
[TUTOR] Yes, I can hear you. Alright, shall we continue with the lesson then, Declan?
[STUDENT] Yeah.
[TUTOR] Okay, so how are you doing, Declan?
[STUDENT] Good. Fantastic, I'm glad, Declan. So do you remember this lesson that we have on the screen today?
[STUDENT] Yeah.
[TUTOR] Okay, so you started [unclear] during your last session. Can you read the topic, please?
[STUDENT] Yeah, solving problems involving fractions.
[TUTOR] Yes, so what do you remember about this lesson, Declan?
[STUDENT] So I remember doing this slide and then doing like— like the other tutor helping me, like when I was stuck, she was helping me, like, so I wouldn't be stuck.
[TUTOR] Okay, all right, Declan, so I'm glad to hear that. Now let's So let's start off with this question that you might have tried during your last session. Can you try it again, the learning goal question, Declan?
[STUDENT] Yeah.
[TUTOR] Okay. Can you tell me how you got 200 grams, Declan, as the answer?
[STUDENT] Because I know that one-fifth is a half, so I thought half of 400 would be 200.
[TUTOR] Now, great job in understanding that half of 400 is 200 grams, Declan. But when we say half, we mean this fraction, Declan. One out of two. This is what we call half. Do you understand, Declan?
[STUDENT] Yeah.
[TUTOR] So this fraction they have given is one-fifth. So how do we find what is one-fifth of 400? Can you tell me how you figured out that half of 400 grams is 200, Declan?
[STUDENT] Well, if I had 4 and I wanted half, I'd go 2. I'll put it into 2 and then put the 2 zeros back on.
[TUTOR] So you divided the 400 by 2. Is that it, Declan?
[STUDENT] Yeah.
[TUTOR] Excellent work. Yes, well done in figuring that out independently. Now, half means you are dividing 400 grams by 2. So if you have one-fifth, Declan, this fraction, what do we do with this fraction and 400 to figure out what one-fifth of 400 is? [unclear]
[TUTOR] Declan?
[STUDENT] Yeah?
[TUTOR] So for half, you divide it by 2. So the denominator of half is 2, isn't it, Declan?
[STUDENT] Yeah.
[TUTOR] You're dividing 400 by the denominator of the fraction, which is 2. So to find one-fifth of 400, you have to divide 400, the number that you're given, Declan.
[STUDENT] Yeah.
[TUTOR] By 5. 400 divided by 5 will give you 1/5 of 400. Is that clear, Declan?
[STUDENT] Yeah.
[TUTOR] So what is 400 divided by 5? [unclear]
[TUTOR] Declan?
[TUTOR] Hello, Declan, can you hear me?
[STUDENT] Hello, can you hear me?
[TUTOR] Yes. So what is 400 divided by 5? [unclear] [unclear]
[TUTOR] Can you use the bus stop, Declan? And can you tell me how to divide 400 by 5? Let me write. You know how to use the bus stop, right?
[TUTOR] Yeah.
[BACKGROUND] Okay, so in the bus stop we have 400 and outside we have 5. So 400 divided by 5, can you tell me how you're going to get the answer?
[TUTOR] Yeah, so first 5 goes into 4 once, so you'll put a 1 on top of the 4.
[TUTOR] So why do you say that 5 goes into 4 once, Declan? Can 5 go into 4, Declan? [unclear] [unclear]
[TUTOR] Declan?
[STUDENT] Yeah?
[TUTOR] Let me show you how to do this division. 5 cannot go into 4 because 4 is smaller than 5, Declan. So we put a 0 above 4. Do you understand, Declan? Declan?
[STUDENT] I don't really get it because in my class normally [UNCLEAR]. Oh wait, I've just done it wrong.
[TUTOR] Do you want to try the division again?
[TUTOR] Yeah. [unclear]
[TUTOR] What's your answer? Okay. Is that your final answer, Declan?
[STUDENT] Yeah.
[TUTOR] Excellent work. Yes, 1/5 of 400 is 80. So Lucy has used 80 grams of the sugar to make jam. And the question is asking how much sugar she has left. How do we find how much sugar she has left, Declan?
[STUDENT] [unclear] 400 take away 80.
[TUTOR] Exactly, yes. Great work in understanding that, Declan. You have to take away 80. Can you take away and tell me the answer?
[STUDENT] 320.
[TUTOR] Yes, 320 grams is the final answer. Excellent work, Declan. And now, can you tell me how you're going to answer this question? [unclear] [unclear]
[TUTOR] How would you answer this question, Declan? [unclear]
[TUTOR] Do you remember how we found 1/5 of 400, Declan?
[STUDENT] Yeah.
[TUTOR] We divided 400 by the denominator, which is 5. So over here, Declan, how are we going to find 1/8 of 7?
[STUDENT] [unclear] divided by 8.
[TUTOR] Exactly, yes. Excellent work, Declan. So there is 1 in the denominator— 1 in the numerator, but 8 in the denominator. So you have to divide 72 by 8. Can you do the division and can you tell me the answer?
[STUDENT] Yeah.
[TUTOR] All right, Declan. [unclear] [unclear]
[TUTOR] Did you get the final answer, Declan?
[STUDENT] Yeah. What is the final answer?
[STUDENT] [unclear]
[TUTOR] Yes, it is 9. Excellent work in figuring that out independently, Declan. So what you have to do here, Declan, is you have to divide the number you're given by the denominator, and then you have to multiply it with the numerator. But because the numerator is 1, The answer won't change when you multiply something by 1. Is that clear, Declan?
[STUDENT] Yeah.
[TUTOR] All right, excellent work. So can you try this question, Part A?
[BACKGROUND] Yeah.
[TUTOR] So we are going to just practice how to find fractions of amounts. So let's start off with Part A, where they're asking you to find what's the 3/5 of 40 is— how are you going to do that, Declan?
[STUDENT] [unclear]
[TUTOR] Yes, what are you going to divide?
[STUDENT] I'm going to do 40 divided by 5.
[TUTOR] Yes, exactly. So when you divide 40 by 5, Declan, is that the final answer?
[STUDENT] No.
[TUTOR] No. So after we divide 40 by 5, what do we have to do? Now over here in these two questions, Declan, the fraction had 1 in the numerator. But in, in this fraction, Declan, do we— what is the numerator? [unclear] How many numbers we have here?
[STUDENT] [unclear]
[TUTOR] 3. So when there is a number other than 1 in the numerator, Declan, after you do the division, there is another step you have to do. Do you know what that step is, Declan?
[STUDENT] I saw it last week, but I forgot.
[TUTOR] No problem. Let me show it to you today also, Declan. I'll tell it to you in like a story. So you first divide the number you're given, which in this case is 40, by the denominator, which is 5. Right, Declan?
[STUDENT] Yeah.
[TUTOR] When you do that, you are actually finding the answer for this one part. You're finding what one-fifth of 40 is. Is that clear, Declan?
[TUTOR] Yeah, just by doing the division, you're just getting the answer for one part, but you have 3 in the numerator. So they are asking you to find what 3 parts is equal to. So if one part is equal to 40 divided by 5, which I will do the calculation. What is 40 divided by 5, Declan?
[STUDENT] [unclear]
[TUTOR] 8, exactly. So one of these parts is 8. So 1/5, 1/5, 1/5, all of these are equal to 8. So 1/5 of 40 is 8, and they are asking you to find what 3 parts is equal to. So that you have— that means you have to consider 3 parts out of this. You understand, Declan?
[STUDENT] Yeah.
[TUTOR] So that is 8 8 8, or we can say it as 8 multiplied by 3. You have to do a multiplication as the second step of your calculation. Is that clear, Declan? Yeah. So
[STUDENT] what
[TUTOR] is 8 times 3? Let me draw a nicer 3. Yes, what is 8 times 3?
[STUDENT] 24.
[TUTOR] 24. So 1/5 of 40 is equal to 8, Declan. And to find 3 parts of it, we have to multiply 8 by 3, which is 24. Excellent work. So I can see that you have a very good understanding about the times tables, Declan. Fantastic. So now it's just a matter of applying that to the question and figuring out the answer. Is that clear, Declan?
[STUDENT] Yeah.
[TUTOR] Can you explain the steps that we have to do here in your own words?
[STUDENT] So first we got to [unclear] like the denominator divided by the whole number.
[TUTOR] Yes, Declan?
[STUDENT] [unclear] We've got to find like one, like what, so what we like to find them by.
[TUTOR] What did you say, Declan?
[TUTOR] I can't hear you, Declan.
[STUDENT] So we've got to like, so once we do 5 divided by 40, which is 8, then we've got to like see how many like are there, like how many there is in the numerator, and then [unclear]
[STUDENT] On this part, you've just got to like— so if it's 1/5, you do 5 divided by 40, which is 8. And then if it's this part, you've got to do like— you've got to do 5 divided by 40, which is 8. And then multiply it by the [UNCLEAR], which is 24.
[TUTOR] Yes, so we always have to do the division first to figure out what one part is equal to, and then multiply it by the numerator to figure out the final answer. Excellent work, Declan, in explaining that. So now can you try part B, Declan?
[TUTOR] Yeah. [unclear]
[TUTOR] Is 7 your final answer, Declan?
[STUDENT] Yeah.
[TUTOR] Are you sure about that? Did you double-check that? [unclear]
[TUTOR] Oh wait, I don't want to [unclear] now. Okay. [unclear]
[TUTOR] How did you get 35 as your answer, Declan?
[STUDENT] So what I did is I done 42 divided by 6, so I got 7, and then I multiplied it by 5.
[TUTOR] Excellent work, well done. So how— so well done in figuring out this answer independently, Declan. And now can you try Part C?
[STUDENT] Yeah.
[TUTOR] You can write down your answer, Declan. And also, can you tell me what you're doing to answer Part C? [unclear]
[TUTOR] Declan, can you hear me? [unclear]
[TUTOR] Okay. Are you having some trouble answering Part C?
[STUDENT] No, I'm just calculating.
[TUTOR] Okay. All right. [unclear]
[TUTOR] 630. Okay. So you first divided 360 by 3, and afterwards what did you do, Declan? I times 120 by 3.
[TUTOR] Why did you decide to times 120 by 3?
[STUDENT] Because at first I did the [unclear] method, and then so I done it, and then I got 120, and then I multiplied it by 3. [unclear]
[TUTOR] Yes, excellent job in correcting that independently, Declan. You have to multiply it by 2.
[TUTOR] So what is 120 times 2, Declan? [unclear] [unclear]
[TUTOR] Declan, yeah, what is 2— you're pretty close, Declan. It is not 242. Can you try the multiplication once again, Declan? It's— you're pretty close to the answer, but it is not 242. [unclear]
[STUDENT] Oh, I think I've got it now. [unclear]
[TUTOR] Excellent work. Well done, Declan, in figuring out this answer independently. It is 240. Great work. All right. So with that, we can move on to the next slide. Do you have any questions, Declan?
[STUDENT] No, I don't have any questions.
[TUTOR] All right. Okay. So now we have an application style question, Declan. Can you read the question, please?
[BACKGROUND] [unclear] has 12 football cards.
[STUDENT] on his [unclear] page. One half of them are on the green team, one quarter of them are red team, the rest are the blue team. How many blue team football cards does he have?
[TUTOR] Yes, so to answer this question, Declan, what method do you think we can use? [unclear]
[TUTOR] Okay, all right. So what are we going to do with the bus stop mode?
[STUDENT] [unclear]
[TUTOR] So what are we going to divide, Declan?
[STUDENT] We're going to divide 12
[TUTOR] Yes. What are you going to divide 12 by?
[STUDENT] [unclear] [unclear]
[TUTOR] So Declan, now Ben has 12 football cards to go on this page. So that means we underline the keywords, Declan. The total number of football cards. Half of them are of the green teams. And a quarter of them, one-fourth of the red teams, and the rest are the blue team. What do we need to find in this question, Declan?
[STUDENT] How many teams— how many blue team [unclear] does he have?
[TUTOR] Yes, exactly. So to figure out how many blue teams photocards he has, What type of— what calculation do we have to do with the information given, Declan?
[STUDENT] [unclear]
[TUTOR] Yes?
[STUDENT] I was thinking of something, but it might not be right. I was thinking of adding the 2 and the 6 as denominators to make 6, and then doing 12 divided by 6.
[TUTOR] What did you say, Declan? I couldn't hear you.
[STUDENT] [unclear] It might not be right, but I was thinking of—
[STUDENT] The two denominators, 4 and 2, I add them together and then divide them by 12.
[TUTOR] OK. All right. So that is very interesting, Declan. So instead of making it difficult for you, Declan, by adding fractions— because you know fractions are a bit more complicated to add than [UNCLEAR]. Whole numbers, right?
[STUDENT] Yeah.
[TUTOR] So what you can do is you can figure out how many green cards are there and how many red team cards are there. And then you can add them to figure out the total of the green team and red team cards. What do you say?
[STUDENT] Okay.
[TUTOR] Okay, so can you figure out... [unclear] Now you know that half of these 12 football cards belong to the green team, right?
[STUDENT] Yeah.
[TUTOR] So this is the calculation we have to do to figure that out. Half of 12. What is that equal to, Declan?
[STUDENT] [unclear]
[TUTOR] Exactly. You can write that down and you can go to the next step.
[TUTOR] So a couple of them are on the red team. So... [unclear]
[STUDENT] Yes?
[TUTOR] So you can write your answers over here, Declan. If you figure out what half of 12 is, you can write it here. What quarter of 12 is, you can write that over here in the spaces given. [unclear] Okay. So how many cards does the red team have, Declan? Can you figure that out as well?
[STUDENT] Well, it's got a quarter. [unclear] [unclear]
[TUTOR] This? What is it, Declan?
[TUTOR] What is quarter? Okay, yes, that is a quarter, Declan. It's pretty rough, but I can see that you're talking about a quarter. So how do we figure out what quarter of 12 is? [unclear]
[STUDENT] Looking at this number, from the denominator I can tell there's 4 pieces of something, and then the numerator tells me how much I've got of it.
[TUTOR] So to find out what quarter of 12 is, Declan, you can cut— you know the calculation to do, right?
[TUTOR] Declan?
[STUDENT] Yeah?
[TUTOR] So to find out what half of 12 is, what calculation did you do?
[STUDENT] Well... [unclear] I know, I— if I can multiply like 6, I can take away 6. I know that 2 times 6 was 12.
[TUTOR] Yes, you divided 12 by 2 to get 6, right, Declan?
[STUDENT] Yeah.
[TUTOR] So to figure out what one-fourth of 12 is,
[TUTOR] 12 is, what calculation can we do? [unclear]
[TUTOR] 12 divided by 2 gave you half of 12, Declan. So to find quarter of 12, what division do we have to do here?
[STUDENT] [unclear] 4 divided by 12.
[TUTOR] Yes, it's 12 divided by 4.
[TUTOR] Declan. You have to divide 12 by 4. You can get what quarter of 12 is. [unclear] Alright, okay. So now you have the number of cards for the green team and number of cards for the red team. How do we get the total of the red team and green team cards, Declan?
[STUDENT] [unclear]
[TUTOR] Yes, we have to add them. So the total cards belonging to the green and the red team is 9. So then, if the total number of cards is 12, how do we get the number of cards belonging to the blue team, Declan?
[TUTOR] Sorry?
[BACKGROUND] How do we figure out the number of cards belonging to the blue team now?
[TUTOR] What I would do would be 9 plus 3 would equal 12.
[TUTOR] Okay. So how many cards belong to the blue team, Declan?
[STUDENT] [unclear]
[TUTOR] So how many cards belong to the blue team?
[TUTOR] Declan?
[STUDENT] [unclear]
[TUTOR] So you figured out the total number of cards belonging to the red and green team. So now if the total number of cards is 12, Declan, how many cards belong to the blue team? [unclear]
[TUTOR] So the total number of cards is 12, and the number of cards belonging to the green and the red team is 9. So if you want to find the number of cards belonging to the blue team, Declan, you need to find how much more cards is there. 12 take away 9, that will give you the number of cards belonging to the blue team. Is that clear, Declan?
[STUDENT] [unclear]
[TUTOR] Right, so you just need to subtract 9 from the total number of cards, which is 12. So what is 12 take away 9?
[STUDENT] 3.
[TUTOR] 3. So how many cards belong to the blue team?
[STUDENT] [unclear]
[TUTOR] Yes, excellent job in working on this together with me, Declan. So we will continue this. So we were able to do one question over here, Declan. So can you explain to me in your own words how you would answer this question?
[TUTOR] Hello, Declan?
[STUDENT] Hello.
[TUTOR] Yes. Can you explain to me in your own words how you would answer this question?
[STUDENT] Which one?
[TUTOR] The one we just did.
[STUDENT] Oh, so what I would say was— [unclear]
[STUDENT] Well, if I find— if one— if a half, like, so I know a half, like, so one half is 6, so I knew that was 6. And then for the red team, I knew one quarter of 12 was 3. 3, because, um, so what I did was I done 12 divided by 4, which was 3. And then for the blue team, you have to do, um, 12 take away 9, which equals 3.
[TUTOR] Yes.
[TUTOR] All right, great job in explaining that, Declan. I will see you during our next session to continue with this. All right, Declan?
[STUDENT] Yeah.
[TUTOR] Okay, I hope you have a great week ahead. I will see you next time. Bye.
[STUDENT] Bye. [unclear]"
cuwcosx,Solving area and perimeter problems.,0.30927527,"Hello?
Hello?
Yeah.
Good, nice to hear. How has your day been so far?
Good, great. What did you do, Elias?
Good.
I played football. [unclear] football with your friends?
Yeah.
Probably to play more football.
Yeah.
Uh, yeah.
No. [unclear]
Yeah.
The area is the outside and the perimeter is the inside? No, perimeter is the outside and the area is the inside. [unclear]
[unclear]
Yeah.
So the perimeter is 4, 5, 6, 7— [unclear]
So I figured out what what the perimeter is of like all the shapes that was not like scaled, and then I did, and then I added them all together.
Oh, I'm sorry, give me a second. Do you hear me clearly now, Elias?
Yeah.
Yeah.
Yeah.
3.
Oh no, 5. [unclear]
Oh, um, 3. We need 2 centimetres. [unclear]
3.
Because the 2 and the 1 is 3, and then 3 and 3 is 6.
Yeah.
So because 4 and the 2 makes 6.
This one right here, the answer that you have written previously. If you erase it, then write on top. Then it will be clear, yeah?
Yeah.
So we position number 8 in [UNCLEAR]. [Speaker:Tutor] So 20 centimeters, well done. And the area, how will you find the area, Elias?
I don't know.
No.
No, we just said to [UNCLEAR]. [Speaker:Tutor] No? Okay, no problem. So shall we just try to check how it can be done?
Yeah.
Yep.
Yeah.
Yeah.
Yeah.
Yeah.
Is it 20 centimeters?
Now
you find the length and the width and then when you it, [unclear] you get the area.
Yeah.
The area is the amount of space inside a 2D shape, and the perimeter is the distance around the 2D shape.
Um, so that the area is the inside of the shape and the perimeter is around it.
Yeah.
Is it 36 centimetres?
It's because 12 times 5 by 3 is 36. [unclear]
It would show us
It'd be 30.
So because 12 and 12 is 24, and 3 and 3 is 6, 24 and 6 is 30.
Yep.
So I did 7 and 7, which is 14, 5 and 5, which is [Speaker:Elias]...is 10 and the 10 and 14 is 24. [Speaker:Tutor] Okay, well said. Very well said, Elias. Good job. So now, now what do you think? You can try out these few questions.
Yeah.
Yeah, A, B, and D. [unclear]
And then the area on this one is— And you? [unclear]
Yeah.
So for this one, for A, I did 9 times by 3 to get the area, which is 27, and then I added 4— [unclear] 3 and 3 which is 8, and then, um, wait, I did 9 and 9, which is 18, and then I did add 3, which is 21, then add the other 3, which is 24, to get the perimeter.
I added them all.
I did 8 and 3, which is 11, and then I knew this bottom one is the same as the 3, so that's 6 as well, which gets 14. And then I did 10 and— well, I did 10 and 10 because I knew that's the same length, which is 20, which gets 34. And then add the 2 centimeters to get 36.
Yeah.
Oh, yes.
I forgot about this bit.
If I try to—
I did— 8 minus 3.
Oh yeah.
6 centimeters.
Yeah.
Do I do 10 times by 2?
So would it be 20...? It'd be... [unclear]
I've just seen I've missed two bits. [unclear] So that bit is 7 centimetres, and that bit is—
I did 9 times by 3.
27.
Do I do 7 times 3?
4 times by 3.
39.
Okay, so in your words, can you tell me what you learned here?
Yeah.
And the [unclear] I think that's it. That's it, yeah?
Yeah.
Yes.
This is going to [unclear] forever. So, I... [unclear]
Yeah.
The area
If I find one little square— [unclear]
If I find one, like, square— Is that square? Is that like a little bit—
2.
Um, I just guessed.
Yeah.
Because 40 times 2 is 80.
Because there's [UNCLEAR]. 4 squares that make 80 centimeters.
Uh, 20.
So that little square's worth 20 centimeters. Yeah, so one side of it is 20 centimetres. Yeah, a side of it. So if it's a [UNCLEAR], it's going to be the same for all 4 sides. [Speaker:Elias] Yeah.
So then that side would be 20 centimetres. [unclear]
And then?
Do I add it?
So that would be 80.
Yeah. [unclear] But then the thing is like [unclear]
Would it be then 40? I don't know.
Yeah.
Yeah.
Would I do 16 times 20?
So 16 times 20 is... [unclear] Is it 320?
So the perimeter is 320 centimeters.
Uh, then do I do 20 times by [UNCLEAR]? Would it be— would it be 140?
Would it be 140?
So I did that square as 20, that square as 20, that square is 20, that square is 20, that square, that square, that square is 20.
Yeah, which equals 140.
Area of a square is like [unclear] easier than like this.
By timesing it.
The number.
Uh, 10 times 1— 10 times 10— 10 at 10 and 10 at 10. [unclear]
Oh yeah. [Speaker:Tutor]...inside. [Speaker:Elias] Would it be 10 times 10?
20 times 2 is 40— [unclear] 400.
7.
2,800.
I did 16 times 20.
Because there is like 16 sides.
Because they're all like the same, like, square. So like, if you find one, if you find the first 20, you'll find like them all. [unclear]
Yeah.
Uh, 20— no, 4— I just got— [unclear]
Because 20 times 20 is— because it's got like one like side at the bottom and side at the top. You do 20 times 20, which is 400, then 400 times how many squares there is.
Because there's 7 squares.
Finding the area, but I eventually got it.
Good.
Yeah.
Yeah.
We have like a little bit, but not like a full lesson.
Yes. So Jack has 2 parcels. One parcel weighs 250 grams The other parcel weighs 1.2 kilograms. Calculate the weight of the parcels. [unclear]
Would I just put 250— no, 1.2 kilograms into grams?
Well, I think 1 kilogram is 1,000 and 0.2 is 200. So then 1,000 grams is 1 kilogram.
And then the 0.2 is 200 kilograms— 200 grams.
It would be 1,200 grams.
1,450.
Yeah.
Yep.
Yeah.
Ben's sunflower measures 72 centimeters in height. Mia's sunflower is 3 times as tall. How tall is Mia's sunflower? [unclear]
Do we do 72 times 3?
Is 200... [unclear] 721, 200... 216?
100. Yes,
100 grams of cheese costs 240. How much is half a kilogram of cheese cost? Well, half a kilogram is 50 grams— [unclear]
I did. So I did... so half a kilogram I think is 50, so half 200 and 2. [unclear]
Is it—
1,000.
500.
So, like, the area is the, like, you have to figure out, like, if you figure out the [unclear] If you figure out a bit of it, you can figure out some of it.
It was good.
Bye.","Hello?
Hello?
Hi, can you hear me, Elias?
Great, how are you doing today?
Good.
Good.
We've done some maths and some English. [Speaker:Background]... [UNCLEAR]
Okay, how was your lesson?
Good. Good. So how did your week go, Elias?
Good. Nice to hear. So anything interesting, anything fun that you'd like to share with me?
Nice to hear. So what are your weekend plans, Elias?
You're going to play more football?
Great. Nice to hear, Elias. So, yes, you have much of a plan, yeah?
Okay, great. So, before we start the lesson, do you have anything interesting that you want to share with me?
Now then, are you ready to start our lesson?
Yes, so solving area and perimeter problems. This lesson was started last week. What do you know about this lesson, Elias?
Inside, exactly, well said. Yes, and anything else?
That's it?
Okay, great, nice to hear, Elias. So just to know, just to like know what, how, how much do you know about this lesson, would you mind solving this learning goal question for me, please?
So the area of that is— [unclear]
And the area is— oh no, it's not 16 actually, it is— because I forgot about this bit here. So that is— [unclear]
So the perimeter is 910. And the area is— I think it is— [unclear] [Speaker:Tutor]...19, is it? [Speaker:Elias] No, it's like... Oh yeah, I forgot about the 2 I've hid. So 6 and 4 is 10, add 3, 13, add 5, 18, 19, 20... [unclear]
21! Okay, can you tell me how you got 21?
Okay, really good try, Elias. [unclear] [Speaker:Elias]...1.5733. [Speaker:Tutor] You broke up a little bit.
Yes. So this is the [unclear] given here. This side is 2 centimeters, yes?
Okay. So the whole thing is 6 centimeters.
So this is already 2, and what will the rest be, Elias? We know the whole thing is this, and this is already 2, so the rest should be?
3. So 3 and 2 gives you 6, is that it?
So 2 and 5 gives you 6. So this whole thing should be a 6, yeah? We already have 2. How much more do we need?
No, 2, 3.
OK, I've rounded up to 3. How did you get a 3?
This one is different. This one is the length, yeah? I mean the height, isn't it? This one that you have written here is this part. Okay, I'll show you like this. The one that's written is this length, isn't it? The height, I mean.
The red line, do you see? So we cannot consider the one because it belongs to the height.
Exactly, well said. Therefore, we already have 2 here. And this 4, so that total gives us a 6 here.
Yeah. [Speaker] Yeah, so do you have any ideas of changing your perimeter now? [Speaker] Yes, so a raised— [unclear] 10, 14, 16, 18, 20. [Speaker] So 6 and 4 is 10, and then add the 4 14, 15, 16, 17, 18, 19, 20.
Okay, so you can erase whatever you have written here and then write the final answer, yeah? So that it will be clear. [unclear] Which bit shall I erase?
So...
You don't know?
Have you done this lesson before at school, Elias?
Okay, let's move to this part. So let's do some small learning here, yeah?
Let's go here before that, so okay. So before we look at how to find to find the area and perimeter of some [unclear] shape. Let's look at how we can work out area and perimeter of a rectangle. So the area is the amount of space inside the boundary. Do we know that?
Yeah. And the perimeter is the outer part. Yeah?
Okay. So now we have a square here, don't we?
4 rows of 5 square centimeters, or 5 columns of 4 square centimeters. So basically we have 1, 2, 3, 4, 5 columns, and 1, 2, 3, 4 rows. [unclear] Area. So here we have a 4, and here we have a 5, don't we?
If you multiply these 2 together, we'll get the area of this.
[unclear] I mean the rectangle or the shape. Yeah?
20 centimeters. Well done. Good job, Elias. Yes. The area of a rectangle can be found by multiplying the length by the width. So we have the length, we have the width, 4 times 5, that gives us the 20. So shall we write down the answer? [unclear] 20 centimeters. Well done. The perimeter is the distance around the outside. So basically, how much this entire square is from the outside. So how will you find that, Elias? [Speaker:Elias]...by adding it. [Speaker:TUTOR] Okay, shall we try to do that? 5 5 is 10, forward 4, 8, 10 and 8 is 18. 18
centimetres is the perimeter, yeah? Yeah.
can you tell me what do you know about area and perimeter, Elias? If
Okay, well said. So shall we move to the next part, Elias?
Okay, here we go. So can you read this, please?
Yeah, so what did you understand by that, Elias?
Yes, exactly. So inside is the perimeter— inside is the area, and around the whole thing is the perimeter. Yeah?
Okay, so area of rectangle equals length into width. So What is the area of this rectangular window?
Yeah. How did you find that it's 36 centimetres?
Yes, well done. And what about the perimeter?
30. How did you get a 30?
So you added all those together, yeah?
Okay, well said, well said, Elias. So now shall we try to find the area of this shape here? How will you find it? [Speaker:Elias]...7 times by 5. [Speaker:Tutor] 7 times by 5. Well done, 35. So that is the area. Good job. And the perimeter, Elias? [unclear] How did you get 24?
Okay, can you try A, B, C, and D?
Add 6, 24. [unclear] The area is— well, let me do the perimeter first. 8, 9, 10, 11, 14. 34. [unclear]
And the area is— [unclear]
So... that... is... the... picture of the number... 7... 4... 3... 19...
And the area is— [unclear] I think it is—
If the area is 9 times 5 times 8... [unclear]
Okay, so are you done, Elias?
Okay, a really, really good try, Elias, a fantastic try. So can you tell me how you got these answers, please?
And then for the, the, um, I added them, I put them as like, I added them all together and got 36. And then—
Which one did you add together, Elias? What are the numbers you added?
Can you tell me the numbers, please?
Okay, is that it?
Don't you have anything else to add?
What is it?
Exactly. Is that going to be a 7? Or would it be 5?
Why? How is the 5?
8 minus 3. Okay, so to get this bit from this entire 8, you should take away this 2, isn't it?
Yeah, so then what will it be? [unclear]
6 centimeters. Well done. So what does it give you in total? [Speaker:Tutor]...42. Well done. Good job, Elias. Here you go. So 42. And what about the area? How did you get the area? [Speaker:Elias] I did that 8 times by that 3. [unclear]
8 times 3. Is that it? What about this bit?
But don't we need to find the area of [UNCLEAR]? [Speaker:Elias] That's 10 centimetres.
The area? So that means times 3 and you got 24, yeah?
And then what about this bit then? Do we skip that? We need to find the area of that as well. How will you find the area of this bit, the green bit?
Yes, well done.
44 centimeters, good. Well done, good job, Elias. Great marking. And what about— how do you get the area as 27 centimetres squared for this one?
So it would be 15, 16, 20, 26. [unclear] And then The area would be [UNCLEAR]. [Speaker:Tutor] So I did 7 and 3, which is 10, and then I did 4 of 6, which is another 10, so that's 20. And then I did 9 of 3, which is 12. So then I add it up together, which is 32. [unclear]
Well done, good job. What about the area, Elias?
Yeah, what is 9 times by 3?
Well done. And 9 times 3 is going to be just this part. Just this part. What about this one? Don't we do that?
7 is the whole part. We need only— I'll show you.
We need only this area.
Yes, well done. 4 times by 3, which is 12... [unclear] altogether.
39. Well done. So 39 centimeters cubed. Great job. A fantabulous working out, Elias. So how is perimeter and area now?
A little bit.
If you've got like different shapes, like with two like [UNCLEAR], you have to do both. Like you have to like do both of the, what's it called? Both sides, just one.
Both sides. So all the shapes, you need to consider all the shapes. Yeah?
Okay, well done. Very well said, Elias. And anything else?
Okay, so having got all your new learnings and the effort that you put in these questions, Elias, so we actually now have one final question left to complete the lesson. Shall we try that out?
Okay, here you go. [unclear]
Hockey has started to make a path using identically sized square slabs. Calculate the perimeter and area of the path so far.
Excellent. So shall we try out this question?
Okay, so they have given you 80 centimeters here. So with that, can you try to figure out what the area of the perimeter will be of this shape?
No, the perimeter would be— [unclear]
Okay.
Yeah.
So how do you think you can find, uh, the width of one square? [unclear] All 4, then for one it would be 2. Wait, um,
Would it be 2? Okay, how did you get 2? Why did you think it's 2?
40, okay. Where, why did we get a 40 here?
Okay, so it's like this. So 80 centimeters is for 4 squares, yeah? So to find it for one square, you need to divide the 80 by a 4. [unclear] What will you get if you divide the 80 by a 4?
Yes, though it's not 2 centimeters, it's 20 centimeters. So with that, you can try finding the perimeter and the area. [unclear]
Yeah. So with that, you can try finding it.
And then?
And then? What do I do after this bit?
Yeah, so what do you think you need to do after it? Do you have any idea?
Okay, you can try it. Yeah, you can try whatever comes to your mind. If it's not right, we'll see what [unclear] can be done. You can try it for now.
And then?
Okay, no problem, Elias. Let's try looking at it together. So one side of this is 20 centimeters. So shall we see how many sides in total does it have? [unclear]
1, 2, 3, 4, 5, 6, 7, 8, 9, 10, 11, 12, 13, 14, 15, and 16. So altogether we need to calculate 16 sides. Don't we?
So 16 sides and one side is 20, then how can you find all 16 sides?
Yes, well done! There you go, great focus. So 16 times 20, you'll get the perimeter.
Yes, good job, Elias! Brilliant work!
Yes. Now can you try to find out the area of the shape?
How do you find area? Sorry?
Okay, how did you get a 140?
Okay, so, so you— how do you usually find an area of a square, Elias?
Yeah, so can you tell me how you will find area of a square?
Timesing what? What will you times?
Yes, okay, I'll give you a square here. Can you tell me how will you find the area of the square? I'll give you two numbers as well. So this is a 10 centimeter and this is a 2 centi— okay, so that's 10 centimeter. So this is a square. How will you find the area of the square, Elias?
Isn't that the perimeter? Area is...
Yes, exactly. That's how you find the area of a [UNCLEAR], yeah? So for the same thing, you take one square of this and find the area of it. How will you find it? [Speaker:Elias] Would it be 20 times 20?
Yes, there you go. 20 times 20. What is 20 times 20?
400. Well done. So the area of one square is 400. So how many squares do we have?
7. So now how will you find the area of all 7 squares? [Speaker:Elias]...400 times 7. [Speaker:Tutor] Good job. So I think you can do that.
2,800. Great job, Elias. A brilliant working out. So that is how we find the area of different shapes.
So now can you tell me, how did you find the perimeter of this shape? What did you do for it?
Okay, why did we do 16 times 20?
Okay, and 20, how did you get the 20?
Okay, very well said. So you have 16 sides, so you do 16 times 20. So how did you get 20? So All together for all 4, it's 80. So you divide the 80 by 4 to get 20. Yeah?
Okay, very well said, Elias. And what about the area? How did you find the area?
Mm-hmm. 400 times what did we do?
Can you say it again, please?
400 times what did we do?
Times it by 20.
20? Why did we times the 400 by 20?
Oh, no, we did 400 times 7.
Okay, why did we times the 400 by 7 then?
Well done, very well said. Good job, Elias. Thank you so much for giving me a good explanation on how you got the area and the perimeter. So yeah, that is it for the lesson. So what was challenging for you here in this lesson, Elias?
Okay, so do you think finding the area is good enough?
Yeah. Great, nice to hear, Elias. So what do you think about your progress in the overall lesson?
Good. So do you think you can solve questions by yourself now?
Okay, great, nice to hear, Elias. So hats off to all the new learnings that you had in this lesson about [UNCLEAR]. Area and perimeter. And I think we are good with this lesson and we can start the next lesson, shall we?
Okay. [unclear] Okay, here we go. We have a lesson called Solving Problems Involving Conversions Between Metric Measures. Okay, so have you heard about this lesson before? [unclear]
No. No. Haven't you done this at school?
Oh, okay. No problem. So do you think you can— we can try this out?
All together, yes. How do you think you can calculate it?
Yeah.
Exactly, that is going to be your first step. How will you do it?
Yeah.
Yes, exactly. So altogether?
Well done, very well said. So the other parcel weighs 1,200 grams. [unclear] And then we have to add 1,200 to 250. [unclear]
Great job! There you go, Elias. And your final answer is going to be?
Yes, well done! 1,450 grams. Good job! Brilliant working out, Elias. Great going! So this is how we're going to do problems involving conversion. So basically, conversions is you convert kilograms to grams, grams to kilograms. You convert it based on the question. Yeah?
And between metric measures. Yeah, so kilograms, grams, and all those are called the metric measures. [unclear]
Okay, so since you did an extraordinary job right here, we can directly move on to our questions, shall we, Elias?
Here we go. So shall we start from question A?
Yeah, so what calculation is needed there?
Yeah, 72 times 3, okay.
215, well done, yes it is. So give your answer in meters. So how will you give that answer in meters? Okay, [unclear]
so how many centimeters are in a meter? Uh...
well said. So if it is 216 meters— uh, centimeters, in meters when you convert it, you divide it by 100, so you'll get 2.16 meters. Yeah? Yes.
Good job, Elias. Fabulous job. So would you like to try question B as well?
Kilogram is 50. And then, [unclear] I think it's 29. And then that [unclear] is how thick is that phone itself. [unclear]
£1.20. Okay, can you tell me, have you got this, Elias?
Half a kilogram. Okay, so this is 100 grams and they say half a kilogram. How much is 1 kilogram, Elias?
How many grams is 1 kilogram?
Yeah, so half of 1,000?
Oh.
Okay, so we actually do not have a lot of time to continue. Maybe we can start from this question in our next session, shall we?
Okay, can you tell me what you learned in today's session, Elias?
Okay, great. So what do you think about your progress in today's session, Elias?
Good, great. Nice to hear you put a fantastic effort into this session, Elias. So keep up all your good work. Yeah, I'll see you next week, Elias. Have a great weekend. [unclear] Bye-bye.","[BACKGROUND] [unclear]
[TUTOR] Hello?
[STUDENT] Hello?
[TUTOR] Hello?
[STUDENT] Hello?
[TUTOR] Hi, can you hear me, Elias?
[STUDENT] Yeah.
[TUTOR] Great, how are you doing today?
[TUTOR] Good.
[STUDENT] Good, nice to hear. How has your day been so far?
[TUTOR] Good.
[STUDENT] Good, great. What did you do, Elias?
[TUTOR] We've done some maths and some English. [Speaker:Background]... [UNCLEAR]
[TUTOR] Okay, how was your lesson?
[TUTOR] Good. Good. So how did your week go, Elias?
[STUDENT] Good.
[TUTOR] Good. Nice to hear. So anything interesting, anything fun that you'd like to share with me?
[STUDENT] I played football. [unclear] football with your friends?
[STUDENT] Yeah.
[TUTOR] Nice to hear. So what are your weekend plans, Elias?
[STUDENT] Probably to play more football.
[TUTOR] You're going to play more football?
[STUDENT] Yeah.
[TUTOR] Great. Nice to hear, Elias. So, yes, you have much of a plan, yeah?
[STUDENT] Uh, yeah.
[TUTOR] Okay, great. So, before we start the lesson, do you have anything interesting that you want to share with me?
[STUDENT] No. [unclear]
[TUTOR] Now then, are you ready to start our lesson?
[STUDENT] Yeah.
[TUTOR] Yes, so solving area and perimeter problems. This lesson was started last week. What do you know about this lesson, Elias?
[STUDENT] The area is the outside and the perimeter is the inside? No, perimeter is the outside and the area is the inside. [unclear]
[TUTOR] Inside, exactly, well said. Yes, and anything else?
[STUDENT] [unclear]
[TUTOR] That's it?
[STUDENT] Yeah.
[TUTOR] Okay, great, nice to hear, Elias. So just to know, just to like know what, how, how much do you know about this lesson, would you mind solving this learning goal question for me, please?
[TUTOR] So the area of that is— [unclear]
[STUDENT] So the perimeter is 4, 5, 6, 7— [unclear]
[TUTOR] And the area is— oh no, it's not 16 actually, it is— because I forgot about this bit here. So that is— [unclear]
[TUTOR] So the perimeter is 910. And the area is— I think it is— [unclear] [Speaker:Tutor]...19, is it? [Speaker:Elias] No, it's like... Oh yeah, I forgot about the 2 I've hid. So 6 and 4 is 10, add 3, 13, add 5, 18, 19, 20... [unclear]
[TUTOR] 21! Okay, can you tell me how you got 21?
[STUDENT] So I figured out what what the perimeter is of like all the shapes that was not like scaled, and then I did, and then I added them all together.
[TUTOR] Okay, really good try, Elias. [unclear] [Speaker:Elias]...1.5733. [Speaker:Tutor] You broke up a little bit.
[STUDENT] Oh, I'm sorry, give me a second. Do you hear me clearly now, Elias?
[STUDENT] Yeah.
[TUTOR] Yes. So this is the [unclear] given here. This side is 2 centimeters, yes?
[STUDENT] Yeah.
[TUTOR] Okay. So the whole thing is 6 centimeters.
[STUDENT] Yeah.
[TUTOR] So this is already 2, and what will the rest be, Elias? We know the whole thing is this, and this is already 2, so the rest should be?
[STUDENT] 3.
[TUTOR] 3. So 3 and 2 gives you 6, is that it?
[STUDENT] Oh no, 5. [unclear]
[TUTOR] So 2 and 5 gives you 6. So this whole thing should be a 6, yeah? We already have 2. How much more do we need?
[STUDENT] Oh, um, 3. We need 2 centimetres. [unclear]
[TUTOR] No, 2, 3.
[STUDENT] 3.
[TUTOR] OK, I've rounded up to 3. How did you get a 3?
[STUDENT] Because the 2 and the 1 is 3, and then 3 and 3 is 6.
[TUTOR] This one is different. This one is the length, yeah? I mean the height, isn't it? This one that you have written here is this part. Okay, I'll show you like this. The one that's written is this length, isn't it? The height, I mean.
[STUDENT] Yeah.
[TUTOR] The red line, do you see? So we cannot consider the one because it belongs to the height.
[BACKGROUND] So would it— [unclear] So what we need to check is going to be this 4 centimeters. How did you get 4 now, Elias?
[STUDENT] So because 4 and the 2 makes 6.
[TUTOR] Exactly, well said. Therefore, we already have 2 here. And this 4, so that total gives us a 6 here.
[TUTOR] Yeah. [Speaker] Yeah, so do you have any ideas of changing your perimeter now? [Speaker] Yes, so a raised— [unclear] 10, 14, 16, 18, 20. [Speaker] So 6 and 4 is 10, and then add the 4 14, 15, 16, 17, 18, 19, 20.
[TUTOR] Okay, so you can erase whatever you have written here and then write the final answer, yeah? So that it will be clear. [unclear] Which bit shall I erase?
[STUDENT] This one right here, the answer that you have written previously. If you erase it, then write on top. Then it will be clear, yeah?
[STUDENT] Yeah.
[TUTOR] So...
[STUDENT] So we position number 8 in [UNCLEAR]. [Speaker:Tutor] So 20 centimeters, well done. And the area, how will you find the area, Elias?
[STUDENT] I don't know.
[TUTOR] You don't know?
[STUDENT] No.
[TUTOR] Have you done this lesson before at school, Elias?
[STUDENT] No, we just said to [UNCLEAR]. [Speaker:Tutor] No? Okay, no problem. So shall we just try to check how it can be done?
[STUDENT] Yeah.
[TUTOR] Okay, let's move to this part. So let's do some small learning here, yeah?
[STUDENT] Yep.
[TUTOR] Let's go here before that, so okay. So before we look at how to find to find the area and perimeter of some [unclear] shape. Let's look at how we can work out area and perimeter of a rectangle. So the area is the amount of space inside the boundary. Do we know that?
[STUDENT] Yeah.
[TUTOR] Yeah. And the perimeter is the outer part. Yeah?
[STUDENT] Yeah.
[TUTOR] Okay. So now we have a square here, don't we?
[STUDENT] Yeah.
[TUTOR] 4 rows of 5 square centimeters, or 5 columns of 4 square centimeters. So basically we have 1, 2, 3, 4, 5 columns, and 1, 2, 3, 4 rows. [unclear] Area. So here we have a 4, and here we have a 5, don't we?
[STUDENT] Yeah.
[TUTOR] If you multiply these 2 together, we'll get the area of this.
[TUTOR] [unclear] I mean the rectangle or the shape. Yeah?
[STUDENT] Is it 20 centimeters?
[TUTOR] 20 centimeters. Well done. Good job, Elias. Yes. The area of a rectangle can be found by multiplying the length by the width. So we have the length, we have the width, 4 times 5, that gives us the 20. So shall we write down the answer? [unclear] 20 centimeters. Well done. The perimeter is the distance around the outside. So basically, how much this entire square is from the outside. So how will you find that, Elias? [Speaker:Elias]...by adding it. [Speaker:TUTOR] Okay, shall we try to do that? 5 5 is 10, forward 4, 8, 10 and 8 is 18. 18
[TUTOR] centimetres is the perimeter, yeah? Yeah.
[STUDENT] Now
[TUTOR] can you tell me what do you know about area and perimeter, Elias? If
[STUDENT] you find the length and the width and then when you it, [unclear] you get the area.
[TUTOR] Okay, well said. So shall we move to the next part, Elias?
[STUDENT] Yeah.
[TUTOR] Okay, here we go. So can you read this, please?
[STUDENT] The area is the amount of space inside a 2D shape, and the perimeter is the distance around the 2D shape.
[BACKGROUND] Yeah.
[TUTOR] Yeah, so what did you understand by that, Elias?
[STUDENT] Um, so that the area is the inside of the shape and the perimeter is around it.
[TUTOR] Yes, exactly. So inside is the perimeter— inside is the area, and around the whole thing is the perimeter. Yeah?
[STUDENT] Yeah.
[TUTOR] Okay, so area of rectangle equals length into width. So What is the area of this rectangular window?
[STUDENT] Is it 36 centimetres?
[TUTOR] Yeah. How did you find that it's 36 centimetres?
[STUDENT] It's because 12 times 5 by 3 is 36. [unclear]
[TUTOR] Yes, well done. And what about the perimeter?
[STUDENT] It would show us
[STUDENT] It'd be 30.
[TUTOR] 30. How did you get a 30?
[STUDENT] So because 12 and 12 is 24, and 3 and 3 is 6, 24 and 6 is 30.
[TUTOR] So you added all those together, yeah?
[STUDENT] Yep.
[TUTOR] Okay, well said, well said, Elias. So now shall we try to find the area of this shape here? How will you find it? [Speaker:Elias]...7 times by 5. [Speaker:Tutor] 7 times by 5. Well done, 35. So that is the area. Good job. And the perimeter, Elias? [unclear] How did you get 24?
[STUDENT] So I did 7 and 7, which is 14, 5 and 5, which is [Speaker:Elias]...is 10 and the 10 and 14 is 24. [Speaker:Tutor] Okay, well said. Very well said, Elias. Good job. So now, now what do you think? You can try out these few questions.
[STUDENT] Yeah.
[TUTOR] Okay, can you try A, B, C, and D?
[STUDENT] Yeah, A, B, and D. [unclear]
[BACKGROUND] The perimeter is 18...
[TUTOR] Add 6, 24. [unclear] The area is— well, let me do the perimeter first. 8, 9, 10, 11, 14. 34. [unclear]
[TUTOR] And the area is— [unclear]
[STUDENT] And then the area on this one is— And you? [unclear]
[TUTOR] So... that... is... the... picture of the number... 7... 4... 3... 19...
[TUTOR] And the area is— [unclear] I think it is—
[TUTOR] If the area is 9 times 5 times 8... [unclear]
[TUTOR] Okay, so are you done, Elias?
[STUDENT] Yeah.
[TUTOR] Okay, a really, really good try, Elias, a fantastic try. So can you tell me how you got these answers, please?
[STUDENT] So for this one, for A, I did 9 times by 3 to get the area, which is 27, and then I added 4— [unclear] 3 and 3 which is 8, and then, um, wait, I did 9 and 9, which is 18, and then I did add 3, which is 21, then add the other 3, which is 24, to get the perimeter.
[TUTOR] And then for the, the, um, I added them, I put them as like, I added them all together and got 36. And then—
[TUTOR] Which one did you add together, Elias? What are the numbers you added?
[STUDENT] I added them all.
[TUTOR] Can you tell me the numbers, please?
[STUDENT] I did 8 and 3, which is 11, and then I knew this bottom one is the same as the 3, so that's 6 as well, which gets 14. And then I did 10 and— well, I did 10 and 10 because I knew that's the same length, which is 20, which gets 34. And then add the 2 centimeters to get 36.
[TUTOR] Okay, is that it?
[STUDENT] Yeah.
[TUTOR] Don't you have anything else to add?
[STUDENT] Oh, yes.
[TUTOR] What is it?
[STUDENT] I forgot about this bit.
[TUTOR] Exactly. Is that going to be a 7? Or would it be 5?
[STUDENT] If I try to—
[TUTOR] Why? How is the 5?
[STUDENT] I did— 8 minus 3.
[TUTOR] 8 minus 3. Okay, so to get this bit from this entire 8, you should take away this 2, isn't it?
[STUDENT] Oh yeah.
[TUTOR] Yeah, so then what will it be? [unclear]
[STUDENT] 6 centimeters.
[TUTOR] 6 centimeters. Well done. So what does it give you in total? [Speaker:Tutor]...42. Well done. Good job, Elias. Here you go. So 42. And what about the area? How did you get the area? [Speaker:Elias] I did that 8 times by that 3. [unclear]
[TUTOR] 8 times 3. Is that it? What about this bit?
[TUTOR] But don't we need to find the area of [UNCLEAR]? [Speaker:Elias] That's 10 centimetres.
[TUTOR] The area? So that means times 3 and you got 24, yeah?
[STUDENT] Yeah.
[TUTOR] And then what about this bit then? Do we skip that? We need to find the area of that as well. How will you find the area of this bit, the green bit?
[STUDENT] Do I do 10 times by 2?
[TUTOR] Yes, well done.
[STUDENT] So would it be 20...? It'd be... [unclear]
[TUTOR] 44 centimeters, good. Well done, good job, Elias. Great marking. And what about— how do you get the area as 27 centimetres squared for this one?
[STUDENT] I've just seen I've missed two bits. [unclear] So that bit is 7 centimetres, and that bit is—
[TUTOR] So it would be 15, 16, 20, 26. [unclear] And then The area would be [UNCLEAR]. [Speaker:Tutor] So I did 7 and 3, which is 10, and then I did 4 of 6, which is another 10, so that's 20. And then I did 9 of 3, which is 12. So then I add it up together, which is 32. [unclear]
[TUTOR] Well done, good job. What about the area, Elias?
[STUDENT] I did 9 times by 3.
[TUTOR] Yeah, what is 9 times by 3?
[STUDENT] 27.
[TUTOR] Well done. And 9 times 3 is going to be just this part. Just this part. What about this one? Don't we do that?
[STUDENT] Do I do 7 times 3?
[TUTOR] 7 is the whole part. We need only— I'll show you.
[TUTOR] We need only this area.
[STUDENT] 4 times by 3.
[TUTOR] Yes, well done. 4 times by 3, which is 12... [unclear] altogether.
[STUDENT] 39.
[TUTOR] 39. Well done. So 39 centimeters cubed. Great job. A fantabulous working out, Elias. So how is perimeter and area now?
[TUTOR] A little bit.
[STUDENT] Okay, so in your words, can you tell me what you learned here?
[TUTOR] If you've got like different shapes, like with two like [UNCLEAR], you have to do both. Like you have to like do both of the, what's it called? Both sides, just one.
[TUTOR] Both sides. So all the shapes, you need to consider all the shapes. Yeah?
[STUDENT] Yeah.
[TUTOR] Okay, well done. Very well said, Elias. And anything else?
[STUDENT] And the [unclear] I think that's it. That's it, yeah?
[STUDENT] Yeah.
[TUTOR] Okay, so having got all your new learnings and the effort that you put in these questions, Elias, so we actually now have one final question left to complete the lesson. Shall we try that out?
[STUDENT] Yes.
[TUTOR] Okay, here you go. [unclear]
[TUTOR] Hockey has started to make a path using identically sized square slabs. Calculate the perimeter and area of the path so far.
[STUDENT] This is going to [unclear] forever. So, I... [unclear]
[TUTOR] Excellent. So shall we try out this question?
[STUDENT] Yeah.
[TUTOR] Okay, so they have given you 80 centimeters here. So with that, can you try to figure out what the area of the perimeter will be of this shape?
[STUDENT] The area
[TUTOR] No, the perimeter would be— [unclear]
[STUDENT] If I find one little square— [unclear]
[TUTOR] Okay.
[STUDENT] If I find one, like, square— Is that square? Is that like a little bit—
[TUTOR] Yeah.
[STUDENT] 2.
[BACKGROUND] You want to duplicate a 2, Elias?
[STUDENT] Um, I just guessed.
[BACKGROUND] Just guessed. Okay, so they have given this entire thing as 80 centimeters. So 80 centimeters is 4, 1, 2, 3, and 4. 4 squares, isn't it?
[STUDENT] Yeah.
[TUTOR] So how do you think you can find, uh, the width of one square? [unclear] All 4, then for one it would be 2. Wait, um,
[TUTOR] Would it be 2? Okay, how did you get 2? Why did you think it's 2?
[STUDENT] Because 40 times 2 is 80.
[TUTOR] 40, okay. Where, why did we get a 40 here?
[STUDENT] Because there's [UNCLEAR]. 4 squares that make 80 centimeters.
[TUTOR] Okay, so it's like this. So 80 centimeters is for 4 squares, yeah? So to find it for one square, you need to divide the 80 by a 4. [unclear] What will you get if you divide the 80 by a 4?
[STUDENT] Uh, 20.
[TUTOR] Yes, though it's not 2 centimeters, it's 20 centimeters. So with that, you can try finding the perimeter and the area. [unclear]
[STUDENT] So that little square's worth 20 centimeters. Yeah, so one side of it is 20 centimetres. Yeah, a side of it. So if it's a [UNCLEAR], it's going to be the same for all 4 sides. [Speaker:Elias] Yeah.
[TUTOR] Yeah. So with that, you can try finding it.
[STUDENT] So then that side would be 20 centimetres. [unclear]
[TUTOR] And then?
[STUDENT] And then?
[TUTOR] And then? What do I do after this bit?
[TUTOR] Yeah, so what do you think you need to do after it? Do you have any idea?
[STUDENT] Do I add it?
[TUTOR] Okay, you can try it. Yeah, you can try whatever comes to your mind. If it's not right, we'll see what [unclear] can be done. You can try it for now.
[STUDENT] So that would be 80.
[TUTOR] And then?
[STUDENT] Yeah. [unclear] But then the thing is like [unclear]
[STUDENT] Would it be then 40? I don't know.
[TUTOR] Okay, no problem, Elias. Let's try looking at it together. So one side of this is 20 centimeters. So shall we see how many sides in total does it have? [unclear]
[STUDENT] Yeah.
[TUTOR] 1, 2, 3, 4, 5, 6, 7, 8, 9, 10, 11, 12, 13, 14, 15, and 16. So altogether we need to calculate 16 sides. Don't we?
[STUDENT] Yeah.
[TUTOR] So 16 sides and one side is 20, then how can you find all 16 sides?
[STUDENT] Would I do 16 times 20?
[TUTOR] Yes, well done! There you go, great focus. So 16 times 20, you'll get the perimeter.
[STUDENT] So 16 times 20 is... [unclear] Is it 320?
[TUTOR] Yes, good job, Elias! Brilliant work!
[STUDENT] So the perimeter is 320 centimeters.
[TUTOR] Yes. Now can you try to find out the area of the shape?
[STUDENT] Uh, then do I do 20 times by [UNCLEAR]? Would it be— would it be 140?
[TUTOR] How do you find area? Sorry?
[STUDENT] Would it be 140?
[TUTOR] Okay, how did you get a 140?
[STUDENT] So I did that square as 20, that square as 20, that square is 20, that square is 20, that square, that square, that square is 20.
[STUDENT] Yeah, which equals 140.
[TUTOR] Okay, so, so you— how do you usually find an area of a square, Elias?
[STUDENT] Area of a square is like [unclear] easier than like this.
[TUTOR] Yeah, so can you tell me how you will find area of a square?
[STUDENT] By timesing it.
[TUTOR] Timesing what? What will you times?
[STUDENT] The number.
[TUTOR] Yes, okay, I'll give you a square here. Can you tell me how will you find the area of the square? I'll give you two numbers as well. So this is a 10 centimeter and this is a 2 centi— okay, so that's 10 centimeter. So this is a square. How will you find the area of the square, Elias?
[STUDENT] Uh, 10 times 1— 10 times 10— 10 at 10 and 10 at 10. [unclear]
[TUTOR] Isn't that the perimeter? Area is...
[STUDENT] Oh yeah. [Speaker:Tutor]...inside. [Speaker:Elias] Would it be 10 times 10?
[TUTOR] Yes, exactly. That's how you find the area of a [UNCLEAR], yeah? So for the same thing, you take one square of this and find the area of it. How will you find it? [Speaker:Elias] Would it be 20 times 20?
[TUTOR] Yes, there you go. 20 times 20. What is 20 times 20?
[STUDENT] 20 times 2 is 40— [unclear] 400.
[TUTOR] 400. Well done. So the area of one square is 400. So how many squares do we have?
[STUDENT] 7.
[TUTOR] 7. So now how will you find the area of all 7 squares? [Speaker:Elias]...400 times 7. [Speaker:Tutor] Good job. So I think you can do that.
[STUDENT] 2,800.
[TUTOR] 2,800. Great job, Elias. A brilliant working out. So that is how we find the area of different shapes.
[TUTOR] So now can you tell me, how did you find the perimeter of this shape? What did you do for it?
[STUDENT] I did 16 times 20.
[TUTOR] Okay, why did we do 16 times 20?
[STUDENT] Because there is like 16 sides.
[TUTOR] Okay, and 20, how did you get the 20?
[STUDENT] Because they're all like the same, like, square. So like, if you find one, if you find the first 20, you'll find like them all. [unclear]
[TUTOR] Okay, very well said. So you have 16 sides, so you do 16 times 20. So how did you get 20? So All together for all 4, it's 80. So you divide the 80 by 4 to get 20. Yeah?
[STUDENT] Yeah.
[TUTOR] Okay, very well said, Elias. And what about the area? How did you find the area?
[STUDENT] Uh, 20— no, 4— I just got— [unclear]
[STUDENT] Because 20 times 20 is— because it's got like one like side at the bottom and side at the top. You do 20 times 20, which is 400, then 400 times how many squares there is.
[TUTOR] Mm-hmm. 400 times what did we do?
[TUTOR] Can you say it again, please?
[TUTOR] 400 times what did we do?
[TUTOR] Times it by 20.
[TUTOR] 20? Why did we times the 400 by 20?
[TUTOR] Oh, no, we did 400 times 7.
[TUTOR] Okay, why did we times the 400 by 7 then?
[STUDENT] Because there's 7 squares.
[TUTOR] Well done, very well said. Good job, Elias. Thank you so much for giving me a good explanation on how you got the area and the perimeter. So yeah, that is it for the lesson. So what was challenging for you here in this lesson, Elias?
[STUDENT] Finding the area, but I eventually got it.
[TUTOR] Okay, so do you think finding the area is good enough?
[TUTOR] Yeah. Great, nice to hear, Elias. So what do you think about your progress in the overall lesson?
[STUDENT] Good.
[TUTOR] Good. So do you think you can solve questions by yourself now?
[STUDENT] Yeah.
[TUTOR] Okay, great, nice to hear, Elias. So hats off to all the new learnings that you had in this lesson about [UNCLEAR]. Area and perimeter. And I think we are good with this lesson and we can start the next lesson, shall we?
[STUDENT] Yeah.
[TUTOR] Okay. [unclear] Okay, here we go. We have a lesson called Solving Problems Involving Conversions Between Metric Measures. Okay, so have you heard about this lesson before? [unclear]
[TUTOR] No. No. Haven't you done this at school?
[STUDENT] We have like a little bit, but not like a full lesson.
[TUTOR] Oh, okay. No problem. So do you think you can— we can try this out?
[STUDENT] Yes. So Jack has 2 parcels. One parcel weighs 250 grams The other parcel weighs 1.2 kilograms. Calculate the weight of the parcels. [unclear]
[TUTOR] All together, yes. How do you think you can calculate it?
[STUDENT] Would I just put 250— no, 1.2 kilograms into grams?
[TUTOR] Yeah.
[TUTOR] Exactly, that is going to be your first step. How will you do it?
[STUDENT] Well, I think 1 kilogram is 1,000 and 0.2 is 200. So then 1,000 grams is 1 kilogram.
[TUTOR] Yeah.
[STUDENT] And then the 0.2 is 200 kilograms— 200 grams.
[TUTOR] Yes, exactly. So altogether?
[STUDENT] It would be 1,200 grams.
[TUTOR] Well done, very well said. So the other parcel weighs 1,200 grams. [unclear] And then we have to add 1,200 to 250. [unclear]
[TUTOR] Great job! There you go, Elias. And your final answer is going to be?
[STUDENT] 1,450.
[TUTOR] Yes, well done! 1,450 grams. Good job! Brilliant working out, Elias. Great going! So this is how we're going to do problems involving conversion. So basically, conversions is you convert kilograms to grams, grams to kilograms. You convert it based on the question. Yeah?
[STUDENT] Yeah.
[TUTOR] And between metric measures. Yeah, so kilograms, grams, and all those are called the metric measures. [unclear]
[STUDENT] Yep.
[TUTOR] Okay, so since you did an extraordinary job right here, we can directly move on to our questions, shall we, Elias?
[STUDENT] Yeah.
[TUTOR] Here we go. So shall we start from question A?
[STUDENT] Ben's sunflower measures 72 centimeters in height. Mia's sunflower is 3 times as tall. How tall is Mia's sunflower? [unclear]
[TUTOR] Yeah, so what calculation is needed there?
[STUDENT] Do we do 72 times 3?
[TUTOR] Yeah, 72 times 3, okay.
[STUDENT] Is 200... [unclear] 721, 200... 216?
[TUTOR] 215, well done, yes it is. So give your answer in meters. So how will you give that answer in meters? Okay, [unclear]
[TUTOR] so how many centimeters are in a meter? Uh...
[STUDENT] 100. Yes,
[TUTOR] well said. So if it is 216 meters— uh, centimeters, in meters when you convert it, you divide it by 100, so you'll get 2.16 meters. Yeah? Yes.
[TUTOR] Good job, Elias. Fabulous job. So would you like to try question B as well?
[STUDENT] 100 grams of cheese costs 240. How much is half a kilogram of cheese cost? Well, half a kilogram is 50 grams— [unclear]
[TUTOR] Kilogram is 50. And then, [unclear] I think it's 29. And then that [unclear] is how thick is that phone itself. [unclear]
[TUTOR] £1.20. Okay, can you tell me, have you got this, Elias?
[STUDENT] I did. So I did... so half a kilogram I think is 50, so half 200 and 2. [unclear]
[TUTOR] Half a kilogram. Okay, so this is 100 grams and they say half a kilogram. How much is 1 kilogram, Elias?
[STUDENT] Is it—
[TUTOR] How many grams is 1 kilogram?
[STUDENT] 1,000.
[TUTOR] Yeah, so half of 1,000?
[STUDENT] 500.
[TUTOR] Oh.
[TUTOR] Okay, so we actually do not have a lot of time to continue. Maybe we can start from this question in our next session, shall we?
[BACKGROUND] Yeah.
[TUTOR] Okay, can you tell me what you learned in today's session, Elias?
[STUDENT] So, like, the area is the, like, you have to figure out, like, if you figure out the [unclear] If you figure out a bit of it, you can figure out some of it.
[TUTOR] Okay, great. So what do you think about your progress in today's session, Elias?
[STUDENT] It was good.
[TUTOR] Good, great. Nice to hear you put a fantastic effort into this session, Elias. So keep up all your good work. Yeah, I'll see you next week, Elias. Have a great weekend. [unclear] Bye-bye.
[STUDENT] Bye."
dukcdps,Adding and subtracting amounts of money to give change. ,0.3111362,"[UNCLEAR]
What? Refresh your page?
This is refresh.
Yeah, that's refresh.
Yeah. I was telling you to refresh.
[unclear] [unclear]
[unclear] [unclear]
[UNCLEAR] [unclear]
[unclear] [unclear]
Can we wear Momo?
Hello.
Yeah, because you did an amazing job.
Hello, can you hear me now?
Oh yeah, alright. Well, hi, what is your name?
Alright, [STUDENT_NAME], my name is Sumaya and I'm going to be your tutor.
Okay, alright, well, how are you, [STUDENT_NAME]?
I'm good.
Yeah.
Okay.
Okay.
So what do you think, [STUDENT_NAME]?
I think this word is [UNCLEAR].
I'm thinking of the 5 from 65.
I took away 5 from 65. 3 pounds. [unclear]
But that's when I'm so [UNCLEAR].
Good. [unclear]
Okay. [unclear]
Okay. [unclear]
Okay. [unclear]
Okay. [unclear]
Okay. [unclear]
Okay. [unclear]
Okay. [unclear]
Okay. [unclear]
Okay. [unclear]
Okay. [unclear]
Okay. [unclear]
Okay. [unclear]
Okay. [unclear]
Okay. [unclear]
Okay. [unclear]
Okay. [unclear]
£2.67.
Okay.
Yeah.
It means like when you're changing, it changes. Like you're like replacing it with another [UNCLEAR].
[unclear]
Okay.
think it's £4. £8.
it's £4. Are
Okay,
Okay,
They can just take away 2 because 8 2 10. So they can take 2 away. Very nice.
[unclear]
Yeah.
Uh-huh.
It's like replacing something and I'm putting something to replace it.
Yeah.
We discussed that if you take away 2 from 10, it will equal [UNCLEAR].
Yeah, which is 2 pounds. [unclear]
Yeah.
Yeah.
Yeah.
I don't know.
No.
Yeah. [unclear]
Okay.
[unclear]
Hello?
Yeah.
Yeah.
Yes.
Um, £2.
Yeah.
Okay.
£2 that you can change.
£2 that you can change.
Change.
So you would need 75 more.
You need 75 more to buy the pencil. [unclear]
75p. 75p. Very good, very good. But what are you going to pay the cashier? [unclear] A £5 note. Very nice. If you pay with a £5 note, how can you find out the change that they would give you? Would you do plus? Would you do minus? What do you do? What would you do?
I would— I learned about subtracting.
I would do minus.
Yeah.
No.
35... 70...
76... [unclear]
There's 76. How many? I would do— so I think it's 76. So 76 [unclear] and then you skip all the way to 5 pounds.
Okay.
Uh... [unclear]
No.
[unclear]
[unclear]
Yeah.
Um, I think, um, many pens. [unclear]
I think that it is [unclear] two— I mean one pea.
Yeah.
Okay.
We would need 35 more.
I'm not supposed to be [UNCLEAR]. I think it's","Hello?
I don't want to hear you anymore, bye! Go enjoy what you're doing.
so that I can hear you.
[UNCLEAR]
Hello? [unclear]
Where do we do?
I must do this.
What the?
Thank you. [unclear]
Hello? Hello, can you hear me? [unclear]
Hello, are you there? [unclear]
[UNCLEAR] [unclear]
[unclear] [unclear]
[UNCLEAR]
[unclear]
[UNCLEAR] [unclear]
[unclear] [unclear]
Hello, hello, 1, 2, 3. [unclear]
Why are we not typing?
So the Teacher has said—
Hello.
Good. [unclear]
Stunning. Stunning. Extra nice. [unclear] [unclear]
Come on. [unclear]
Hello, hello.
The mom, the mom. [unclear]
Wait, go to text. Go to text. Go to text, [STUDENT_NAME]. Go to text. We're going to [UNCLEAR]. Oh, she did something. [unclear]
Okay. Now let's add these two numbers, 0 and 4, and tell me what is the answer. If you add 0 and 4 together, you should [UNCLEAR]. [unclear]
Hello, can you hear me now?
Hello, hello, can you hear me now? [unclear] [unclear]
Can we continue our chat, please? [unclear]
That's why I want to do. I need it now, I need now, but I don't have to.
So we are passing to the next slide. So this is the next slide. We have a [UNCLEAR]. [unclear]
[UNCLEAR] [unclear]
[unclear] [unclear]
By all these 4 thoughts,
Mrs. Suleiman. It's a bit hard to see there. There we go.
Yeah.
[STUDENT_NAME].
[unclear] Okay.
How is your day going so far? [unclear]
Hello? Hello, are you there?
Okay, how is your day going so far?
Okay, thank you. All right. Well then, now that you're here, are you ready to get started with your lesson?
Aha. Okay, here we go. We're going to learn about adding and subtracting amounts of money to give change.
Okay. So we have this learning goal question over here. Can you read it out loud for me, please? [unclear] Subtracting the amount of money to give change. Change. [unclear] cost him £2.65. She paid with a £5 note. How much change does she get?
Mm-hmm. Okay. So what have you answered here?
Pardon?
Mm-hmm.
Mm-hmm. Okay, all right. Very good effort over there. Very nice try. How about this trial? Any questions? Can you read that and give it a try for me, please? [unclear]
Okay. [unclear]
Okay. [unclear]
Okay. [unclear]
Okay. [unclear]
Okay. [unclear]
Okay. [unclear]
Okay. [unclear]
Okay. [unclear]
Okay. [unclear]
Okay. [unclear]
Okay. [unclear]
Okay. [unclear]
Okay. [unclear]
Okay. [unclear]
Okay. [unclear]
Okay. [unclear]
[unclear]
All right. So what is the amount of money that they have there?
There you go. Very nice. Okay, amazing job done for the prior learning question. Very good job. And very good effort for the learning goal question. We're going to move forward so we can learn more about the topic.
Okay, here we go. Number lines can help us solving problems involving change. Do you see the word change has been highlighted in blue?
Do you see that?
Okay. So now that they've highlighted it, that means we need to think about it a little bit. What do you think the word change means?
Mm-hmm. Okay. Replacing, yes. You can say that. Very good. In English, yes, change means replacing. But when we think about the word change in terms of money, It's a little bit different. Okay. So when we say we get change, then let's say you go to a store, okay, and you have to pay them money. Yeah.
So let's say you go to a store and you have to pay money. Okay, let's say you have to pay them, let's say, You have to pay them £10? No, let's say you have to pay them £8. [unclear] Okay. But you do not have £8. You only have £10. You have one note which is £10.
How much do you think they will give you back? You [unclear]
have to pay... I
Exactly,
you with me, [STUDENT_NAME]? Yeah.
you are supposed to pay £8. Yes.
but you give them A £10 note. How much do you think the cashier will give you back? [unclear]
So you're going to get the £2 back, aren't you?
Very good job. That £2 is called your change.
Okay. So when we have to talk about the word change relating to money, it's how much they have to give you back.
Okay. So now, number lines can help us solve problems involving change. Do you now understand what change means? [unclear]
Can you repeat yourself, [STUDENT_NAME], please?
We just discussed what change means, didn't we, [STUDENT_NAME]? Were we listening? Were we listening when we were discussing about the word change?
What did we discuss?
Okay. So when we have to pay 8 and we paid them 10, What will you call the 2 that they give you back? [unclear]
No? What will you call that 2 pounds that they have to pay you back, [STUDENT_NAME]? [unclear]
Yes. So what is the word for the 2 pounds that they give you back?
What is the word for the £2 that they give you back, [STUDENT_NAME]? Are you there? Hello?
Hello? Can you hear me clearly? [unclear]
Hello, [STUDENT_NAME], are you there?
Can you respond, please? Can I know why you're not responding?
Can I know why you're not responding?
Do you not understand what change means?
Okay, well, that's what I'm trying to explain. Are we willing to listen? Are we willing to learn?
Now let's say you go to a store.
Okay, how much are you supposed to pay them?
Pardon? I can't hear you very well, [STUDENT_NAME]. Can you please move the mic a little closer to your mouth?
Hello? [STUDENT_NAME], I'm not able to hear you very well. Can you move the mic a little closer to your mouth? [unclear]
Hello?
Hello, [STUDENT_NAME], can you hear me?
Can I know why you're not responding, please? [unclear]
I can't hear you very well, [STUDENT_NAME]. Can you repeat yourself, please? [unclear]
Okay. Does that mean you're hearing me through the computer speaker?
Right. Okay. Now when you said the yes, that was very clear. So can you maybe try to speak this loud?
Okay. Alright. So let's get back onto this slide.
Okay.
So how much are we supposed to pay them?
Very good. But instead of paying £8, you give them a £10 note. [unclear] Yeah? How much do you think the cashier will give you back?
Very good. That £2 is called change. Are we clear? [unclear] Are we clear with it, [STUDENT_NAME]?
The money that the cashier gives you back is called change.
Okay, so when we get back onto this slide, and when I ask you what change is, what are you going to tell me? Tell me, what do you think change means? What did you learn? [unclear]
Pardon?
I'm sorry, can you repeat yourself, please?
It's the change money that the cashier has to give you back. That is what change is.
Yeah.
Change is like when the cashier gives you extra money to pay you back if you have actually too much money. [unclear] If you have too much money, they can give some money back.
Yes, very nice. The money that they give back is called?
Excellent. Very good. Great explanation over there, [STUDENT_NAME]. Very good. So now we are going to figure out how much change we would get in different situations. Okay? So can you read question A for me, please? [unclear] change would you get from a £5 note if you bought one pencil?
Mm-hmm.
Pardon?
Mm-hmm. Okay, yes. So how much is the pencil if you have to buy it?
Pardon? Can you repeat yourself, please?
You would do minus. Very good. Very nicely done. So how you can do minus in another way is you can start with the 75p and you count how much you would need to get to £1.
Okay. How much do you need to get from 75p to £1? £1.
Okay. How much do you need to get from 75p to £1? [unclear]
How much would you need, [STUDENT_NAME]?
To get from 75p to £1.
No, [STUDENT_NAME], you need to get £1, not 76. You need to get £1.
Yes.
We are not skipping to 5 pounds now, [STUDENT_NAME]. For now we are skipping just £1.
Okay. How much, how many more p do we need to get from 75p to £1?
How much do we have between 75p to £1?
Okay. Do you know how many tea we have in one pound?
Hmm. Okay. What do you think? How many pence do you think we have in one pound?
Pardon?
I'm so sorry. Your voice is glitching, [STUDENT_NAME]. Can you repeat yourself, please?
Hello, are you there?
Okay. How many pens do you think there are in one pound?
So are you saying one pound is the same as one pea?
Okay. Well, the thing is, [STUDENT_NAME], we have 100 pence in one pound.
Oh, okay. So when we have £1 written here, that means it is 100 pence.
Good. So how much do you need? How much do you think we need to get from 75p to £1?
Okay, can you explain how you got to 35, please?","[BACKGROUND] [unclear]
[TUTOR] Hello?
[STUDENT] [UNCLEAR]
[TUTOR] I don't want to hear you anymore, bye! Go enjoy what you're doing.
[BACKGROUND] Hello?
[TUTOR] so that I can hear you.
[BACKGROUND] Okay.
[TUTOR] [UNCLEAR]
[TUTOR] Hello? [unclear]
[STUDENT] What? Refresh your page?
[TUTOR] Where do we do?
[STUDENT] This is refresh.
[TUTOR] I must do this.
[STUDENT] Yeah, that's refresh.
[TUTOR] What the?
[STUDENT] Yeah. I was telling you to refresh.
[TUTOR] Thank you. [unclear]
[TUTOR] Hello? Hello, can you hear me? [unclear]
[TUTOR] Hello, are you there? [unclear]
[STUDENT] [unclear] [unclear]
[STUDENT] [unclear] [unclear]
[TUTOR] [UNCLEAR] [unclear]
[TUTOR] [unclear] [unclear]
[TUTOR] [UNCLEAR]
[STUDENT] [UNCLEAR] [unclear]
[TUTOR] [unclear]
[STUDENT] [unclear] [unclear]
[TUTOR] [UNCLEAR] [unclear]
[TUTOR] [unclear] [unclear]
[TUTOR] Hello, hello, 1, 2, 3. [unclear]
[TUTOR] Why are we not typing?
[BACKGROUND] I have a message saying, can we continue on chat?
[TUTOR] So the Teacher has said—
[BACKGROUND] Hello.
[STUDENT] Can we wear Momo?
[TUTOR] Hello.
[STUDENT] Hello.
[TUTOR] Good. [unclear]
[TUTOR] Stunning. Stunning. Extra nice. [unclear] [unclear]
[TUTOR] Come on. [unclear]
[TUTOR] Hello, hello.
[BACKGROUND] [UNCLEAR]
[TUTOR] The mom, the mom. [unclear]
[TUTOR] Wait, go to text. Go to text. Go to text, [STUDENT_NAME]. Go to text. We're going to [UNCLEAR]. Oh, she did something. [unclear]
[TUTOR] Okay. Now let's add these two numbers, 0 and 4, and tell me what is the answer. If you add 0 and 4 together, you should [UNCLEAR]. [unclear]
[TUTOR] Hello, can you hear me now?
[TUTOR] Hello, hello, can you hear me now? [unclear] [unclear]
[TUTOR] Can we continue our chat, please? [unclear]
[TUTOR] That's why I want to do. I need it now, I need now, but I don't have to.
[STUDENT] Yeah, because you did an amazing job.
[TUTOR] So we are passing to the next slide. So this is the next slide. We have a [UNCLEAR]. [unclear]
[TUTOR] [UNCLEAR] [unclear]
[TUTOR] [unclear] [unclear]
[TUTOR] By all these 4 thoughts,
[TUTOR] Mrs. Suleiman. It's a bit hard to see there. There we go.
[STUDENT] Hello, can you hear me now?
[TUTOR] Yeah.
[STUDENT] Oh yeah, alright. Well, hi, what is your name?
[TUTOR] [STUDENT_NAME].
[STUDENT] Alright, [STUDENT_NAME], my name is Sumaya and I'm going to be your tutor.
[TUTOR] [unclear] Okay.
[STUDENT] Okay, alright, well, how are you, [STUDENT_NAME]?
[STUDENT] I'm good.
[TUTOR] How is your day going so far? [unclear]
[TUTOR] Hello? Hello, are you there?
[STUDENT] Yeah.
[TUTOR] Okay, how is your day going so far?
[STUDENT] Okay.
[TUTOR] Okay, thank you. All right. Well then, now that you're here, are you ready to get started with your lesson?
[TUTOR] Aha. Okay, here we go. We're going to learn about adding and subtracting amounts of money to give change.
[STUDENT] Okay.
[TUTOR] Okay. So we have this learning goal question over here. Can you read it out loud for me, please? [unclear] Subtracting the amount of money to give change. Change. [unclear] cost him £2.65. She paid with a £5 note. How much change does she get?
[STUDENT] So what do you think, [STUDENT_NAME]?
[STUDENT] I think this word is [UNCLEAR].
[TUTOR] Mm-hmm. Okay. So what have you answered here?
[STUDENT] I'm thinking of the 5 from 65.
[TUTOR] Pardon?
[STUDENT] I took away 5 from 65. 3 pounds. [unclear]
[TUTOR] Mm-hmm.
[STUDENT] But that's when I'm so [UNCLEAR].
[TUTOR] Mm-hmm. Okay, all right. Very good effort over there. Very nice try. How about this trial? Any questions? Can you read that and give it a try for me, please? [unclear]
[STUDENT] Good. [unclear]
[TUTOR] Okay. [unclear]
[STUDENT] Okay. [unclear]
[TUTOR] Okay. [unclear]
[STUDENT] Okay. [unclear]
[TUTOR] Okay. [unclear]
[STUDENT] Okay. [unclear]
[TUTOR] Okay. [unclear]
[STUDENT] Okay. [unclear]
[TUTOR] Okay. [unclear]
[STUDENT] Okay. [unclear]
[TUTOR] Okay. [unclear]
[STUDENT] Okay. [unclear]
[TUTOR] Okay. [unclear]
[STUDENT] Okay. [unclear]
[TUTOR] Okay. [unclear]
[STUDENT] Okay. [unclear]
[TUTOR] Okay. [unclear]
[STUDENT] Okay. [unclear]
[TUTOR] Okay. [unclear]
[STUDENT] Okay. [unclear]
[TUTOR] Okay. [unclear]
[STUDENT] Okay. [unclear]
[TUTOR] Okay. [unclear]
[STUDENT] Okay. [unclear]
[TUTOR] Okay. [unclear]
[STUDENT] Okay. [unclear]
[TUTOR] Okay. [unclear]
[STUDENT] Okay. [unclear]
[TUTOR] Okay. [unclear]
[STUDENT] Okay. [unclear]
[TUTOR] Okay. [unclear]
[STUDENT] Okay. [unclear]
[TUTOR] [unclear]
[TUTOR] All right. So what is the amount of money that they have there?
[STUDENT] £2.67.
[TUTOR] There you go. Very nice. Okay, amazing job done for the prior learning question. Very good job. And very good effort for the learning goal question. We're going to move forward so we can learn more about the topic.
[TUTOR] Okay, here we go. Number lines can help us solving problems involving change. Do you see the word change has been highlighted in blue?
[STUDENT] Okay.
[TUTOR] Do you see that?
[STUDENT] Yeah.
[TUTOR] Okay. So now that they've highlighted it, that means we need to think about it a little bit. What do you think the word change means?
[STUDENT] It means like when you're changing, it changes. Like you're like replacing it with another [UNCLEAR].
[TUTOR] Mm-hmm. Okay. Replacing, yes. You can say that. Very good. In English, yes, change means replacing. But when we think about the word change in terms of money, It's a little bit different. Okay. So when we say we get change, then let's say you go to a store, okay, and you have to pay them money. Yeah.
[STUDENT] [unclear]
[TUTOR] So let's say you go to a store and you have to pay money. Okay, let's say you have to pay them, let's say, You have to pay them £10? No, let's say you have to pay them £8. [unclear] Okay. But you do not have £8. You only have £10. You have one note which is £10.
[STUDENT] Okay.
[TUTOR] How much do you think they will give you back? You [unclear]
[TUTOR] have to pay... I
[STUDENT] think it's £4. £8.
[TUTOR] Exactly,
[STUDENT] it's £4. Are
[TUTOR] you with me, [STUDENT_NAME]? Yeah.
[STUDENT] Okay,
[TUTOR] you are supposed to pay £8. Yes.
[STUDENT] Okay,
[TUTOR] but you give them A £10 note. How much do you think the cashier will give you back? [unclear]
[STUDENT] They can just take away 2 because 8 2 10. So they can take 2 away. Very nice.
[TUTOR] So you're going to get the £2 back, aren't you?
[STUDENT] [unclear]
[TUTOR] Very good job. That £2 is called your change.
[STUDENT] Yeah.
[TUTOR] Okay. So when we have to talk about the word change relating to money, it's how much they have to give you back.
[STUDENT] Uh-huh.
[TUTOR] Okay. So now, number lines can help us solve problems involving change. Do you now understand what change means? [unclear]
[TUTOR] Can you repeat yourself, [STUDENT_NAME], please?
[STUDENT] It's like replacing something and I'm putting something to replace it.
[TUTOR] We just discussed what change means, didn't we, [STUDENT_NAME]? Were we listening? Were we listening when we were discussing about the word change?
[STUDENT] Yeah.
[TUTOR] What did we discuss?
[STUDENT] We discussed that if you take away 2 from 10, it will equal [UNCLEAR].
[TUTOR] Okay. So when we have to pay 8 and we paid them 10, What will you call the 2 that they give you back? [unclear]
[TUTOR] No? What will you call that 2 pounds that they have to pay you back, [STUDENT_NAME]? [unclear]
[STUDENT] Yeah, which is 2 pounds. [unclear]
[TUTOR] Yes. So what is the word for the 2 pounds that they give you back?
[TUTOR] What is the word for the £2 that they give you back, [STUDENT_NAME]? Are you there? Hello?
[TUTOR] Hello? Can you hear me clearly? [unclear]
[STUDENT] Yeah.
[TUTOR] Hello, [STUDENT_NAME], are you there?
[STUDENT] Yeah.
[TUTOR] Can you respond, please? Can I know why you're not responding?
[STUDENT] Yeah.
[TUTOR] Can I know why you're not responding?
[STUDENT] I don't know.
[TUTOR] Do you not understand what change means?
[STUDENT] No.
[TUTOR] Okay, well, that's what I'm trying to explain. Are we willing to listen? Are we willing to learn?
[STUDENT] Yeah. [unclear]
[TUTOR] Now let's say you go to a store.
[STUDENT] Okay.
[TUTOR] Okay, how much are you supposed to pay them?
[TUTOR] Pardon? I can't hear you very well, [STUDENT_NAME]. Can you please move the mic a little closer to your mouth?
[STUDENT] [unclear]
[TUTOR] Hello? [STUDENT_NAME], I'm not able to hear you very well. Can you move the mic a little closer to your mouth? [unclear]
[TUTOR] Hello?
[STUDENT] Hello?
[TUTOR] Hello, [STUDENT_NAME], can you hear me?
[STUDENT] Yeah.
[TUTOR] Can I know why you're not responding, please? [unclear]
[TUTOR] I can't hear you very well, [STUDENT_NAME]. Can you repeat yourself, please? [unclear]
[TUTOR] Okay. Does that mean you're hearing me through the computer speaker?
[STUDENT] Yeah.
[TUTOR] Right. Okay. Now when you said the yes, that was very clear. So can you maybe try to speak this loud?
[STUDENT] Yes.
[TUTOR] Okay. Alright. So let's get back onto this slide.
[TUTOR] Okay.
[BACKGROUND] Okay. Let's say we go to a store.
[TUTOR] So how much are we supposed to pay them?
[BACKGROUND] £8.
[TUTOR] Very good. But instead of paying £8, you give them a £10 note. [unclear] Yeah? How much do you think the cashier will give you back?
[STUDENT] Um, £2.
[TUTOR] Very good. That £2 is called change. Are we clear? [unclear] Are we clear with it, [STUDENT_NAME]?
[STUDENT] Yeah.
[TUTOR] The money that the cashier gives you back is called change.
[STUDENT] Okay.
[TUTOR] Okay, so when we get back onto this slide, and when I ask you what change is, what are you going to tell me? Tell me, what do you think change means? What did you learn? [unclear]
[TUTOR] Pardon?
[STUDENT] £2 that you can change.
[TUTOR] I'm sorry, can you repeat yourself, please?
[STUDENT] £2 that you can change.
[TUTOR] It's the change money that the cashier has to give you back. That is what change is.
[TUTOR] Yeah.
[BACKGROUND] Okay. What is change?
[TUTOR] Change is like when the cashier gives you extra money to pay you back if you have actually too much money. [unclear] If you have too much money, they can give some money back.
[TUTOR] Yes, very nice. The money that they give back is called?
[STUDENT] Change.
[TUTOR] Excellent. Very good. Great explanation over there, [STUDENT_NAME]. Very good. So now we are going to figure out how much change we would get in different situations. Okay? So can you read question A for me, please? [unclear] change would you get from a £5 note if you bought one pencil?
[TUTOR] Mm-hmm.
[STUDENT] So you would need 75 more.
[TUTOR] Pardon?
[STUDENT] You need 75 more to buy the pencil. [unclear]
[TUTOR] Mm-hmm. Okay, yes. So how much is the pencil if you have to buy it?
[STUDENT] 75p. 75p. Very good, very good. But what are you going to pay the cashier? [unclear] A £5 note. Very nice. If you pay with a £5 note, how can you find out the change that they would give you? Would you do plus? Would you do minus? What do you do? What would you do?
[STUDENT] I would— I learned about subtracting.
[TUTOR] Pardon? Can you repeat yourself, please?
[STUDENT] I would do minus.
[TUTOR] You would do minus. Very good. Very nicely done. So how you can do minus in another way is you can start with the 75p and you count how much you would need to get to £1.
[STUDENT] Yeah.
[TUTOR] Okay. How much do you need to get from 75p to £1? £1.
[TUTOR] Okay. How much do you need to get from 75p to £1? [unclear]
[STUDENT] No.
[TUTOR] How much would you need, [STUDENT_NAME]?
[STUDENT] 35... 70...
[TUTOR] To get from 75p to £1.
[STUDENT] 76... [unclear]
[TUTOR] No, [STUDENT_NAME], you need to get £1, not 76. You need to get £1.
[TUTOR] Yes.
[STUDENT] There's 76. How many? I would do— so I think it's 76. So 76 [unclear] and then you skip all the way to 5 pounds.
[TUTOR] We are not skipping to 5 pounds now, [STUDENT_NAME]. For now we are skipping just £1.
[STUDENT] Okay.
[TUTOR] Okay. How much, how many more p do we need to get from 75p to £1?
[STUDENT] Uh... [unclear]
[TUTOR] How much do we have between 75p to £1?
[TUTOR] Okay. Do you know how many tea we have in one pound?
[STUDENT] No.
[TUTOR] Hmm. Okay. What do you think? How many pence do you think we have in one pound?
[STUDENT] [unclear]
[TUTOR] Pardon?
[STUDENT] [unclear]
[TUTOR] I'm so sorry. Your voice is glitching, [STUDENT_NAME]. Can you repeat yourself, please?
[TUTOR] Hello, are you there?
[STUDENT] Yeah.
[TUTOR] Okay. How many pens do you think there are in one pound?
[STUDENT] Um, I think, um, many pens. [unclear]
[STUDENT] I think that it is [unclear] two— I mean one pea.
[TUTOR] So are you saying one pound is the same as one pea?
[STUDENT] Yeah.
[TUTOR] Okay. Well, the thing is, [STUDENT_NAME], we have 100 pence in one pound.
[TUTOR] Oh, okay. So when we have £1 written here, that means it is 100 pence.
[STUDENT] Okay.
[TUTOR] Good. So how much do you need? How much do you think we need to get from 75p to £1?
[STUDENT] We would need 35 more.
[TUTOR] Okay, can you explain how you got to 35, please?
[STUDENT] I'm not supposed to be [UNCLEAR]. I think it's"
mqzlyxm,Solving problems involving fractions.,0.311236,"Yeah, hi.
I'm okay.
No clue.
Oh, well, I've got— oh, well, I'm going Christmas shopping today, tomorrow, and the next day. Well, basically for the whole week. And the weekend.
Yeah, we've got a Christmas tree and everything.
Yeah.
I can't really remember.
Ben has 12 football cards to go on this page. [unclear]
Half of them are the green team.
Wait, does it equal 5?
I don't know, I just think it is.
Hello?
Is it...? [unclear]
I think it's half. [unclear]
4?
Is it equal to 4?
4.
5.
Half of 10 is what?
I don't remember yet.
Okay, when they say half, basically, which means they're asking us to divide it by 2, right? So 12, if you divide it by 2, how much would that give you?
6.
Yeah.
Is it 4?
Um, I just think it is.
Yeah.
Yeah. [unclear]
9.
12 take away 9... 3.
Is the top one 3? Is the numerator 3?
Is it 4?
Do you have to do that number again but take away 1?
So is this [UNCLEAR]?
2— 1/4.
So today we are going to continue the rest, okay? So we need more practice. Questions like this, Callum. So what I'm gonna do now is I'm gonna take you through the follow-me part of the question. Is that alright?
Yeah.
Now we need a lot of practice when it comes to this lesson, Callum. So what I'm gonna do is I'm gonna take you through the follow-me, alright? So let's just get focused, alright? So we can use bar models to help us solve fraction problems, alright? So can you try Try reading this question, Callum.
Our book has 150 pages. [unclear]
One fourth.
One-fifth of the book. How many pages are left for Miha to read?
Yeah.
Yeah.
So I use a bus stop method.
So 5 divided by 1, you can't do that, so you cross the 1 out. You put the 1 here.
And then you put 0 here. And then 5 divided— well, 5 like as 15, it's 3.
And then it's 0 here again.
[unclear]
Yeah.
Yeah.
Zach has 120 trading cards. He gives one-third away. How many cards does he have left?
[UNCLEAR]
[unclear]
complete the bar model to show the
Information given.
[unclear] Yeah.
Because it's 120 and then—
Then 3 bar models are equal [UNCLEAR].
Yeah.
125.
[unclear] [unclear]
So 120 divided by 3.
Yeah.
Can I write it somewhere?
Can I have a blank slide, please?
So, 120 divided by 3.
So you can't do 1 divided by 3. [unclear] [unclear]
So you can't do 1 take away 3, so you're going to put the 1 there, then 0 there, and then 3 divided by 12 is 4, and then 0, so it equals 40.
Um, 28.
Well, sure, right. Sorry.
10. Okay, what is the question asking us to find?
How many cards does he have left?
40.
So is it 80? [unclear]
Yeah.
What did you say?
So like, it was like 120 divided by 3, and then we got around to 40, and then we had to—
Because then you can find your answer to like the store.
We're doing 120 take away 40, then you get your answer.
In a 20...
Kilometre. [unclear]
Complete a swim, a run, and a bi— big ride.
Yeah. [unclear]
[unclear] 20 kilometers, and then swim and run and a bit A big bike race. [unclear]
And then 1, 2...
1, 2, 1, 2...
Hello? I think I can't hear you. Hello?
Hello.
Hello.
Yeah.
[unclear]
20 kilometers.
[unclear]
Hello.
10.
All right.
How many should I shade? So I must first shade 10. No, 10 is the denominator. You should share only the number that's in the numerator. Okay, so see, 1, 2, 3, 4, 5, 6, 7, 8, 9, 10. So there are 10 parts, out of which only one part is he is swimming. So only this part he is swimming.
So then, uh, the next is half of the total distance he is running.
And the rest is only is doing the bike. Okay. So how do you figure out one tenth answer? [unclear]
A fraction would be—
Oh, 20.
Um, divide it by... [unclear] How many parts are there in the bar model?
10.
10. Does it equal 2?
Yeah. [unclear]
Yeah. 2, 2, 2, 2, 2, 2, 2, and then 2.
20.
Half of 20?
Is it 10?
One.
Okay. 2, which means that he is swimming 2 kilometers only, right? So now you have to figure out how much— what is the distance he is going to do his bike ride. So how can you do that, Callum? [unclear]
What is, uh, what is the total distance is 20, and 10 at 2, how much would that give you? [unclear]
10.
11.
Um... Take away.
Yeah.
Can you do this properly and see, Callum, without guessing, right?
20 [unclear] 12.
It's 8.
[unclear]
[unclear]
Hello. Hello.
Yes.
Yeah. [unclear] Tina has saved £240. She—
Hello?
Yeah.
Because there is 4 denominators.
4.
240.
Um, 20... 240 divided by 4.
Okay, so 204a divided by 4. So that's have to be [UNCLEAR]. 4 goes into 24 how many times? 4 times what gives you a 24? [unclear]
And then 0, so it equals 6.
60.
60 take away 240.
Um...
Hello? Like 120, like, car— truck cars.
Oh, like— [unclear]
You always have to do... [unclear]
Yeah, so that was 120 divided by 3, because you have to look at your bar model and see how many bars you've got, and then you have to divide that by 3 and then you get your answer, and then you have to do 120 taken away 40, then it equals Ia, and then like, yeah.
Yeah.","Thank you very much.
Thank you for joining on time to today's session, Callum. So let's talk a little about how your weekend's going to be. Any plans for the weekend?
No clue. Okay, so let's see what you're telling— so any [unclear] your holidays are coming up, right? So do you have any plans for the holidays?
And did you start, you know, decorating your house with all those [UNCLEAR]?
Okay, awesome, Callum. I'm really happy that— I hope this month end is going to be so awesome to you and your family, alright? So enjoy very well, okay? Alright, Callum, so shall we get started?
Okay, so do you remember learning solving problems involving fractions last week? [unclear]
Okay, so let's try to, you know, recall a few things, right? So I'm going to move on to this slide because this slide is what you did last week, I guess, right? So, okay, so first We can understand about when you get problems like this with fractions. First, it's very important to read the question really carefully. Okay? So would you like to read the question for me, Callum?
Yes. So what I'm going to do is I'm going to, you know, take you through, but just try to underline, highlight some of the few important keywords. So there are 12 football cards, out of which half of it is green team. And one-fourth of them is red team. The rest are the [UNCLEAR].
How many blue team football cards does he have? So you need to figure out how much blue team football cards are there, but they have only given the fraction. They have not given the amounts, right? So over here we have two methods for us to complete in order for us to figure out how many blue football cards are there, right? [unclear] Recall and just tell me what you did in method one last week. [Callum] Yeah.
Yeah? How did you find out the green team? How many digit cards, football cards, the green team have?
Why is it 5?
Okay, so I'll ask you a question. Now there are total 12 cards, right?
Now they are telling half of them are green team. So out of 12, if they say half is green team, then how much is green team? What is half of 12? Half of 12. [unclear]
What is half? What do you know about the word half, Callum?
Yes, you're right. Now let's say we have a circle. What is half of a circle? Can you draw it and show me what does half mean?
Yes, this is half, right? Now over here, instead of a diagram, they have given us 12 cards here, right? So when they say half of 12, what does that mean?
No, what is half of 12? Now there are 12, see over here there are 12 cards, right? So you have to just figure out how much is half of it. So half of it means you're just dividing it by 2. So total divided by 2 is how much, Callum?
Okay, now let me ask you a question. What is half of 10? What is half of 10?
Excellent, see you know this, right? So likewise, what is half of 7?
5.
Is it 5?
5, right? Let's see. Now let's— [unclear]
You're gonna simply make 2 groups because you're gonna divide by 2, right? So in one group, how many are there?
There are 6. So half of 12 is 6. Is that clear?
So over here, last week when you did the method 1, half of 12 gives you 6. So green team has 6 cards, right? Now red team has 1/4 of 12. So how do you figure out what is 1/4 of 12? Of 12?
Why do you think it's 4?
Okay, Rob, no problem. Okay, so what you have to do is over here, for you to figure out how many red cards are there, it's totally 12. So you— 12, you have to divide it by 4.
Wait, is it 3?
Yes, so could you write 3 there?
Okay. Right, so now you know that red team and the blue-green team would give you the number of red team. So which team you have to add 6 as green team would give you how much money? [unclear]
It would give you 9. So in the red team, we have 9 digit cards, I mean football cards, right? Finally, they are asking us to find the rest of the blue team, right? So you, there are totally 12 cards, and out of which 9 is, 3 is red team, 6 is green team. So when you add them up, you get 9. So you have to subtract
Subtract 9 from 12 for you to figure out the rest of the [UNCLEAR]. So 12 take away 9, how much would that give you?
It will give you 3. So there you are, right? So this is one method of how you could do and figure out. So green team has 6 6 cards, red team has 3 cards, and blue team has 3 cards. So that makes up the number 12. So totally they have 12 cards. Okay? So what do you remember? Then how about you trying out the method 2? How did— how do you think you're supposed to work out method 2, Callum?
Yes, the numerator has to be 3 because over here they are just trying to add the green team and the red team up. So
It is 4, exactly right. [unclear] Callum. So now you know that the whole thing is 3/4. So what do you do next? You remember doing—
Yes, you have to take away 1 whole from 3/4.
No, 3/4, right? Your answer is— because you have— you're just having one whole, so one whole basically means a fraction 4/4. Okay, so 4/4 take away 3/4 would give you how much, Callum?
Yes, it would be 1/4. So now you have to see figure out how much is 1/4 of 12, which you already completed previously. You already divide 12, you already divided by 4, which gave us 3. So this, this slide you did last week, do you remember now? [unclear]
Yeah.
[UNCLEAR]
[UNCLEAR]
Yeah, Mia?
One? What is this number?
One fifth, okay.
Okay, right. Now what I'm going to do is I'm first going to highlight some of the important things that I find on the question, right? So one important thing is that the book has 150 pages and Miha has read One-fifth of the book. So they are asking us to find out how much is left for Mia to read. Is that clear?
Okay, so now what they're going to do is they're going to take you step by step for you to figure out how many pages are left to read, Callum. So what we are drawing a bar model to show the information given. So you know we have got 5 parts on a bar model. Can you tell me why have they drawn 5 parts here, Callum? [unclear]
Because over here the denominator is 5. They're telling that one sixth is already read, has been read by Mia. So we have 5
Just imagine this entire ball model basically means the book. So in the entire book, there are how many pages? 150 pages. So over here, I'm gonna write 150 because that is the total number of pages in the book. Okay, out of which this purple area Callum has read. So they're asking us to find this area. How much is there to read? How much should Callum read more for her to complete the book? Right. So for us to figure out, first what we have to do is first we have to figure out how much is one of these parts worth. So the whole thing is 150, and there are 5 parts here. So you have to divide 150 divided by 5. So do you know how division works, Callum? [unclear]
Okay, so let's try using a blank slide to see how we can divide 150 by 5. [unclear]
Yes, so let's try dividing, okay?
Yes, you put the 3 there.
Yes, so what is your answer?
30. So we just figured out how much is one of the part worth. So over here, each of this part here is worth 30. So this part is worth 30. This is worth 30. 30. So each part there is going to be worth 30, right? So now we know our answer after we divide, it gives us 30. Now we know that Callum has read only the purple part. So how much is purple part worth, Callum? [unclear]
Yes. So now we have to figure out how much this orange part worth. So what we have to do is we have to take away this 30 from 150 for us to give this value. [unclear] That is 120. Was that clear, Callum?
Okay, so you basically need to pay very much attention to the question when you read. Then this bar model just helped us how we could get into our answer, right? So if you really want me to explain that again, I have no problem in explaining. Okay, so do you think you understood this part of the question?
Okay, so then we need to try the 'your turn' part. Are we ready there, Callum? Can you read the question? [unclear] Yes, similar method to solve this problem. So we just need to follow this method. Yes, to start this question, so first can you read the question, Callum?
Yeah, so first what I want you to do is I want you to underline some of the keywords that you find on the question, like how I did over here. I want you to figure out the keywords. Can you do that for me, Callum? [unclear]
Yes, all right, 20. Okay, what else? Now you don't need to underline the entire thing, right? Just the important one. So over here, what you can do is underline 120 trading cards. Okay, and the next question, what is important?
One-third deal. Next one, what is important?
Ah, yes, left. Because we need to figure out how much is left, right? Can you read question 8?
Information given, right?
Yes, so they have given us a bar model here. Can you tell me why is there 3 parts here, Callum?
Why have they drawn a bar model with 3 parts here?
Yes, okay. The reason why they have given 3 parts here is, Callum, because can't you see they're telling one-third away? He gives one-third away. So you have to look into the denominator. So the denominator will tell you how much parts are there, right? So we have 3 parts here because the denominator is 3. 5 parts here because the denominator is 5. Is that clear now?
Okay, so now could you tell me how much is the entire bar model worth? What are we going to go write here? What is the whole bar worth? The entire bar?
Okay, you go very well in focusing there really well, Callum. Yes. So will you be able to write 120 there? Because over here the question is telling the whole thing is worth 120 trading cards, right? Okay. [unclear] Yes. So now we have to find 1/3 of 120. So how can you figure out one— how much is one of this part worth, Callum?
What are you supposed to do? Question B.
Yes, you have to divide it by 3. So will you be able to divide it and get me the answer, Callum?
Yes, you can maybe use somewhere here, or do you want a blank slide? What do you prefer?
Yeah, sure. Okay, 120, you have to divide it by 3.
It equals 40. So you just figured out your answer. So could you write that there, please?
Yeah. [unclear] Why have you written 120? 120 divided by 3 is 120? What did we figure out first? [unclear]
Yes. Hello? [unclear] Yes. Okay. So now can you tell me, Callum, how much is one of this part worth then?
Yes. So this part
So could you— will you be able to write that here? In each part, how much is worth? Like how I did over here. So there are 3 parts here and each part worths 40. So are you there? Are you writing it? I mean typing it?
On each part, you told me it is worth 40, right? So I want you to type in 40 in each part because I know that each part is worth 40. So that's worth 40. How much is this worth? 40 and 40 again, right? So now what is the question asking? How many cards does he have left? So how do you know how many cards does he have left? What do you think is supposed to do for you? [unclear]
What did you say? Sorry.
Yes, so how could you find how many cards he has left? What is— what do you think you're supposed to do, Callum? [unclear] [unclear]
So over here they're telling he gave— he gives one-third away, which means he has already given away this part. So you have to figure out how much is left. So what you would know, the entire thing is worth 120. So you have to just take this away for you to get your final answer. So 120 take away how much? How much is the blue part worth?
Yes, you have to subtract 40 for you to get your answer. So can you try subtracting that? [unclear]
Okay, Callum, right. So before we move ahead, Callum, now I want you to take me through the steps we did in order for us to get the answer 80. So can you tell me what did we do first? [unclear]
Yes, hello, can you hear me?
Okay, so did you understand the question I just asked you?
Okay, so it's like this, Callum. I want you to explain me the steps we did over here for us to get the answer 80. What did you first do? [unclear]
So why do we have to divide 120 by 3 first?
Okay, over here they have told you, right? There is 1/3. Now this is a fraction they have given us. So we are dividing it by 3 because there is 3 parts in it, right? So you're dividing it by the denominator. That's why you're dividing it by 3. So we get 40. And how do you figure out how many parts we have left? [unclear] [unclear]
What are we doing for us to get the answer?
Yes, okay. Because we know that this is the amount that he gives away and this is the remaining one. So they want us to figure figure out how much is left. So you have to take away this part for you to get your answer. So which gave us 80. All right. Yeah, so let's try working out more questions so we might get the hang of the lesson, right? So it's just involving fractions with a lot of questions. You have to focus a bit more for you to work out what you're supposed to do, right? So first, can you read this question in your [UNCLEAR]?
Mm-hmm. In a 20-kilometre race, Jack completes a swim, a run, and a bike ride.
Right. The swim is 1/10 of the total distance. Run is half of the total distance. What is the distance which is bike ride? Right. So can you first tell me what are the important keywords on the question, Callum?
What are the important things that you find on the question, please?
Yeah, so 20 times 3.
That's half.
And then like we have to find out like what's the bike race.
Yes, hello? Can you hear me?
Okay, but I can't hear you. Can you like try to refresh the page, Callum? Yes, can you just check if you can hear me, like check your connection, check your mic, just see if it's muted, right?
Hello. Can you hear me now?
All right, okay. So let's get back to, yes, the question, right. So first tell me how much is the— how— what is the value for the entire race? How many kilometers did— for the entire race?
This is how many kilometers?
Yes, so the whole thing, the bar model is 20 kilometers, right? So first, can you tell me what does 1/10 mean? How do you figure out what is 1/10 of the bar model?
So here you have drawn a bar model with 10 parts. So what is 1/10?
How many should you shade? Is it I? Hello?
Yes, okay, now what the question is, what, how do you figure out what is 1/10? What is the numerator?
10 is the denominator.
1. Okay, which means how many should you shade?
Yeah.
So what are we supposed to do first? This entire thing is worth how much?
Ten.
No, the entire thing worth. How much is it worth? How many kilometers?
20, right. So how can you figure out how much is one of this part worth, Callum? What should you do? You have to divide it by how many?
Yes, you have to divide 20. You have to divide it by 10. So 22 divided by 10, how much will you get? Do you get...? Can you try dividing 20 by 10? That's quite easy. [unclear]
Yes, it is equal to. So we know that each of this part here is worth 2. So you can just draw— what you can just do is, Callum, you can write 2 in each of this part. Can you do that for me? [unclear]
Yes, so can you write 2 in each of this part because each part is worth 2.
Yes, right now we know that each part is worth, right? It's 2. So what is half of, uh, half of— oh no, half of the total. So how much is the total distance, Callum? [unclear]
Yeah, so what is half of 20 then?
Yes.
It is 10, right? So we know that, uh, Jack is going 10 kilometers running. So he's running for 10 kilometers because half of 20 is 10. So 10 kilometers, he is running, right? And how can you figure out how much he's swimming? How many kilometers is he swimming? If it is 1/10, how much is one part worth?
No, how much is one part worth here? If you just figure out, right?
2 kilometers.
2. How much is that?
11, 12, right? So totally this is 12 kilometers. So you know that the whole thing is 20. And he has used 12 kilometers to run and swim. So how could you figure out the remaining one? What are we supposed to do? [unclear]
It's very basically the similar one that we did in the previous lesson. For us to figure out the remaining one, what kind of question did we do, Callum?
Take away, right? So for us to fit the remaining one, we have to do takeaway. So [unclear] you have to take away 20, you have to take away 12 for you to get your final answer for the bike, right? Was that clear?
Okay, so could you like do the takeaway subtraction and get me the answer?
So is it— is the answer 10?
Yes.
It is 8. So your answer over here has to be 8 kilos. So can you write that there?
Yeah.
Okay, you also have to write kilometers because the distance is measured here in kilometers.
Okay.
All right, so now, just that I help you with question A, I want you to try question B by yourself. Right?
So first, can you read the question?
Hello? Hello, can you hear me? I think I can't hear you again. [unclear]
Just check your mic or just try refreshing the page, Callum. [unclear]
Hello. Can you hear me now?
All right. Okay.
Right, so I think you were reading this question, so let me just read again for you. She spent 1/4 of it on a computer game. How much money does she have left? Now this question came to be a bit easier, right? So how could you use the bar model towards solving this question? [unclear]
Yes, so can you tell me why have they given 4 parts in the bar model?
Yes, so there is 4 as the denominator, right. So how much is the whole bar model worth, Callum? [unclear] How much is the entire bar model worth?
No, the entire one. How much is worth? How much is the money?
Yeah, so the entire thing is worth 240, right? So Callum, can you tell me how much is one of this part worth then? How could you figure out this?
Yes, 240 divided by 4. So what would you get when you divide 240 by 4? You can use your space that's given here for you to do your division. All right?
6, yes.
Yes. So how much is each part of this worth now?
Yes. Now the question is, how much money does she have left? So how could you figure out this one, Callum?
Yes. 240 take away 60. 60, because she already spent this on computer games. So we have to take away 240, take away 60, would give you how much she have left. So how much would that give you as an answer? [unclear]
All right, Callum. So I think as we are running out of time, let's [unclear] before we wind up today's session, right? So now I want you to tell me, think back, look back and tell me what did we learn on this slide? What was something important that you learned on this slide, Callum?
So what do you understand when you look into a bar model?
So if I look into a bar model, like, it's how I get my answer for it is—
[UNCLEAR]
So it's very important that you [unclear] first you read the question, try to underline the keywords, then you work it through according to the BAR model that's given, right? Anyways, good try, Callum. So I think I'll just give you a thumbs up, although the question you found it a little bit difficult, you didn't give up, right? So good job there, and I think let's meet up next time
not next week. I mean, I think it's your holidays. So let's meet up after the holidays, hopefully, okay?
Have a nice day.","[BACKGROUND] [unclear]
[TUTOR] Thank you very much.
[BACKGROUND] Hello, Callum, can you hear me?
[STUDENT] Yeah, hi.
[BACKGROUND] Hi, how are you today, Callum?
[STUDENT] I'm okay.
[BACKGROUND] All right, so I think
[TUTOR] Thank you for joining on time to today's session, Callum. So let's talk a little about how your weekend's going to be. Any plans for the weekend?
[STUDENT] No clue.
[TUTOR] No clue. Okay, so let's see what you're telling— so any [unclear] your holidays are coming up, right? So do you have any plans for the holidays?
[STUDENT] Oh, well, I've got— oh, well, I'm going Christmas shopping today, tomorrow, and the next day. Well, basically for the whole week. And the weekend.
[TUTOR] And did you start, you know, decorating your house with all those [UNCLEAR]?
[STUDENT] Yeah, we've got a Christmas tree and everything.
[TUTOR] Okay, awesome, Callum. I'm really happy that— I hope this month end is going to be so awesome to you and your family, alright? So enjoy very well, okay? Alright, Callum, so shall we get started?
[STUDENT] Yeah.
[TUTOR] Okay, so do you remember learning solving problems involving fractions last week? [unclear]
[STUDENT] I can't really remember.
[TUTOR] Okay, so let's try to, you know, recall a few things, right? So I'm going to move on to this slide because this slide is what you did last week, I guess, right? So, okay, so first We can understand about when you get problems like this with fractions. First, it's very important to read the question really carefully. Okay? So would you like to read the question for me, Callum?
[STUDENT] Ben has 12 football cards to go on this page. [unclear]
[STUDENT] Half of them are the green team.
[TUTOR] Yes. So what I'm going to do is I'm going to, you know, take you through, but just try to underline, highlight some of the few important keywords. So there are 12 football cards, out of which half of it is green team. And one-fourth of them is red team. The rest are the [UNCLEAR].
[TUTOR] How many blue team football cards does he have? So you need to figure out how much blue team football cards are there, but they have only given the fraction. They have not given the amounts, right? So over here we have two methods for us to complete in order for us to figure out how many blue football cards are there, right? [unclear] Recall and just tell me what you did in method one last week. [Callum] Yeah.
[TUTOR] Yeah? How did you find out the green team? How many digit cards, football cards, the green team have?
[STUDENT] Wait, does it equal 5?
[TUTOR] Why is it 5?
[STUDENT] I don't know, I just think it is.
[TUTOR] Okay, so I'll ask you a question. Now there are total 12 cards, right?
[TUTOR] Now they are telling half of them are green team. So out of 12, if they say half is green team, then how much is green team? What is half of 12? Half of 12. [unclear]
[STUDENT] Hello?
[TUTOR] What is half? What do you know about the word half, Callum?
[STUDENT] Is it...? [unclear]
[TUTOR] Yes, you're right. Now let's say we have a circle. What is half of a circle? Can you draw it and show me what does half mean?
[STUDENT] I think it's half. [unclear]
[TUTOR] Yes, this is half, right? Now over here, instead of a diagram, they have given us 12 cards here, right? So when they say half of 12, what does that mean?
[STUDENT] 4?
[BACKGROUND] 4.
[STUDENT] Is it equal to 4?
[TUTOR] No, what is half of 12? Now there are 12, see over here there are 12 cards, right? So you have to just figure out how much is half of it. So half of it means you're just dividing it by 2. So total divided by 2 is how much, Callum?
[STUDENT] 4.
[TUTOR] Okay, now let me ask you a question. What is half of 10? What is half of 10?
[STUDENT] 5.
[TUTOR] Excellent, see you know this, right? So likewise, what is half of 7?
[TUTOR] 5.
[STUDENT] Half of 10 is what?
[TUTOR] Is it 5?
[STUDENT] I don't remember yet.
[TUTOR] 5, right? Let's see. Now let's— [unclear]
[BACKGROUND] Right, let's say 6 or less instead.
[STUDENT] Okay, when they say half, basically, which means they're asking us to divide it by 2, right? So 12, if you divide it by 2, how much would that give you?
[TUTOR] You're gonna simply make 2 groups because you're gonna divide by 2, right? So in one group, how many are there?
[STUDENT] 6.
[TUTOR] There are 6. So half of 12 is 6. Is that clear?
[STUDENT] Yeah.
[TUTOR] So over here, last week when you did the method 1, half of 12 gives you 6. So green team has 6 cards, right? Now red team has 1/4 of 12. So how do you figure out what is 1/4 of 12? Of 12?
[STUDENT] Is it 4?
[TUTOR] Why do you think it's 4?
[STUDENT] Um, I just think it is.
[TUTOR] Okay, Rob, no problem. Okay, so what you have to do is over here, for you to figure out how many red cards are there, it's totally 12. So you— 12, you have to divide it by 4.
[TUTOR] Wait, is it 3?
[STUDENT] Yeah.
[TUTOR] Yes, so could you write 3 there?
[STUDENT] Yeah. [unclear]
[TUTOR] Okay. Right, so now you know that red team and the blue-green team would give you the number of red team. So which team you have to add 6 as green team would give you how much money? [unclear]
[STUDENT] 9.
[TUTOR] It would give you 9. So in the red team, we have 9 digit cards, I mean football cards, right? Finally, they are asking us to find the rest of the blue team, right? So you, there are totally 12 cards, and out of which 9 is, 3 is red team, 6 is green team. So when you add them up, you get 9. So you have to subtract
[TUTOR] Subtract 9 from 12 for you to figure out the rest of the [UNCLEAR]. So 12 take away 9, how much would that give you?
[STUDENT] 12 take away 9... 3.
[TUTOR] It will give you 3. So there you are, right? So this is one method of how you could do and figure out. So green team has 6 6 cards, red team has 3 cards, and blue team has 3 cards. So that makes up the number 12. So totally they have 12 cards. Okay? So what do you remember? Then how about you trying out the method 2? How did— how do you think you're supposed to work out method 2, Callum?
[STUDENT] Is the top one 3? Is the numerator 3?
[TUTOR] Yes, the numerator has to be 3 because over here they are just trying to add the green team and the red team up. So
[STUDENT] Is it 4?
[TUTOR] It is 4, exactly right. [unclear] Callum. So now you know that the whole thing is 3/4. So what do you do next? You remember doing—
[STUDENT] Do you have to do that number again but take away 1?
[TUTOR] Yes, you have to take away 1 whole from 3/4.
[STUDENT] So is this [UNCLEAR]?
[TUTOR] No, 3/4, right? Your answer is— because you have— you're just having one whole, so one whole basically means a fraction 4/4. Okay, so 4/4 take away 3/4 would give you how much, Callum?
[STUDENT] 2— 1/4.
[TUTOR] Yes, it would be 1/4. So now you have to see figure out how much is 1/4 of 12, which you already completed previously. You already divide 12, you already divided by 4, which gave us 3. So this, this slide you did last week, do you remember now? [unclear]
[TUTOR] Yeah.
[STUDENT] So today we are going to continue the rest, okay? So we need more practice. Questions like this, Callum. So what I'm gonna do now is I'm gonna take you through the follow-me part of the question. Is that alright?
[TUTOR] [UNCLEAR]
[STUDENT] Yeah.
[TUTOR] [UNCLEAR]
[STUDENT] Now we need a lot of practice when it comes to this lesson, Callum. So what I'm gonna do is I'm gonna take you through the follow-me, alright? So let's just get focused, alright? So we can use bar models to help us solve fraction problems, alright? So can you try Try reading this question, Callum.
[STUDENT] Our book has 150 pages. [unclear]
[TUTOR] Yeah, Mia?
[BACKGROUND] Mia has read one [UNCLEAR].
[TUTOR] One? What is this number?
[STUDENT] One fourth.
[TUTOR] One fifth, okay.
[STUDENT] One-fifth of the book. How many pages are left for Miha to read?
[TUTOR] Okay, right. Now what I'm going to do is I'm first going to highlight some of the important things that I find on the question, right? So one important thing is that the book has 150 pages and Miha has read One-fifth of the book. So they are asking us to find out how much is left for Mia to read. Is that clear?
[STUDENT] Yeah.
[TUTOR] Okay, so now what they're going to do is they're going to take you step by step for you to figure out how many pages are left to read, Callum. So what we are drawing a bar model to show the information given. So you know we have got 5 parts on a bar model. Can you tell me why have they drawn 5 parts here, Callum? [unclear]
[TUTOR] Because over here the denominator is 5. They're telling that one sixth is already read, has been read by Mia. So we have 5
[BACKGROUND] 1, 2, 3, 4, 5. Out of that, the purple part he has already read. You know that the entire bar model basically means the book.
[TUTOR] Just imagine this entire ball model basically means the book. So in the entire book, there are how many pages? 150 pages. So over here, I'm gonna write 150 because that is the total number of pages in the book. Okay, out of which this purple area Callum has read. So they're asking us to find this area. How much is there to read? How much should Callum read more for her to complete the book? Right. So for us to figure out, first what we have to do is first we have to figure out how much is one of these parts worth. So the whole thing is 150, and there are 5 parts here. So you have to divide 150 divided by 5. So do you know how division works, Callum? [unclear]
[STUDENT] Yeah.
[TUTOR] Okay, so let's try using a blank slide to see how we can divide 150 by 5. [unclear]
[STUDENT] So I use a bus stop method.
[TUTOR] Yes, so let's try dividing, okay?
[STUDENT] So 5 divided by 1, you can't do that, so you cross the 1 out. You put the 1 here.
[STUDENT] And then you put 0 here. And then 5 divided— well, 5 like as 15, it's 3.
[TUTOR] Yes, you put the 3 there.
[STUDENT] And then it's 0 here again.
[TUTOR] Yes, so what is your answer?
[STUDENT] [unclear]
[TUTOR] 30. So we just figured out how much is one of the part worth. So over here, each of this part here is worth 30. So this part is worth 30. This is worth 30. 30. So each part there is going to be worth 30, right? So now we know our answer after we divide, it gives us 30. Now we know that Callum has read only the purple part. So how much is purple part worth, Callum? [unclear]
[TUTOR] Yes. So now we have to figure out how much this orange part worth. So what we have to do is we have to take away this 30 from 150 for us to give this value. [unclear] That is 120. Was that clear, Callum?
[STUDENT] Yeah.
[TUTOR] Okay, so you basically need to pay very much attention to the question when you read. Then this bar model just helped us how we could get into our answer, right? So if you really want me to explain that again, I have no problem in explaining. Okay, so do you think you understood this part of the question?
[STUDENT] Yeah.
[TUTOR] Okay, so then we need to try the 'your turn' part. Are we ready there, Callum? Can you read the question? [unclear] Yes, similar method to solve this problem. So we just need to follow this method. Yes, to start this question, so first can you read the question, Callum?
[STUDENT] Zach has 120 trading cards. He gives one-third away. How many cards does he have left?
[TUTOR] Yeah, so first what I want you to do is I want you to underline some of the keywords that you find on the question, like how I did over here. I want you to figure out the keywords. Can you do that for me, Callum? [unclear]
[TUTOR] Yes, all right, 20. Okay, what else? Now you don't need to underline the entire thing, right? Just the important one. So over here, what you can do is underline 120 trading cards. Okay, and the next question, what is important?
[STUDENT] [UNCLEAR]
[TUTOR] One-third deal. Next one, what is important?
[STUDENT] [unclear]
[TUTOR] Ah, yes, left. Because we need to figure out how much is left, right? Can you read question 8?
[STUDENT] complete the bar model to show the
[TUTOR] Information given, right?
[STUDENT] Information given.
[TUTOR] Yes, so they have given us a bar model here. Can you tell me why is there 3 parts here, Callum?
[STUDENT] [unclear] Yeah.
[TUTOR] Why have they drawn a bar model with 3 parts here?
[STUDENT] Because it's 120 and then—
[STUDENT] Then 3 bar models are equal [UNCLEAR].
[TUTOR] Yes, okay. The reason why they have given 3 parts here is, Callum, because can't you see they're telling one-third away? He gives one-third away. So you have to look into the denominator. So the denominator will tell you how much parts are there, right? So we have 3 parts here because the denominator is 3. 5 parts here because the denominator is 5. Is that clear now?
[STUDENT] Yeah.
[TUTOR] Okay, so now could you tell me how much is the entire bar model worth? What are we going to go write here? What is the whole bar worth? The entire bar?
[STUDENT] 125.
[TUTOR] Okay, you go very well in focusing there really well, Callum. Yes. So will you be able to write 120 there? Because over here the question is telling the whole thing is worth 120 trading cards, right? Okay. [unclear] Yes. So now we have to find 1/3 of 120. So how can you figure out one— how much is one of this part worth, Callum?
[STUDENT] [unclear] [unclear]
[TUTOR] What are you supposed to do? Question B.
[STUDENT] So 120 divided by 3.
[TUTOR] Yes, you have to divide it by 3. So will you be able to divide it and get me the answer, Callum?
[STUDENT] Yeah.
[STUDENT] Can I write it somewhere?
[TUTOR] Yes, you can maybe use somewhere here, or do you want a blank slide? What do you prefer?
[STUDENT] Can I have a blank slide, please?
[TUTOR] Yeah, sure. Okay, 120, you have to divide it by 3.
[STUDENT] So, 120 divided by 3.
[STUDENT] So you can't do 1 divided by 3. [unclear] [unclear]
[STUDENT] So you can't do 1 take away 3, so you're going to put the 1 there, then 0 there, and then 3 divided by 12 is 4, and then 0, so it equals 40.
[TUTOR] It equals 40. So you just figured out your answer. So could you write that there, please?
[TUTOR] Yeah. [unclear] Why have you written 120? 120 divided by 3 is 120? What did we figure out first? [unclear]
[TUTOR] Yes. Hello? [unclear] Yes. Okay. So now can you tell me, Callum, how much is one of this part worth then?
[STUDENT] Um, 28.
[TUTOR] Yes. So this part
[TUTOR] So could you— will you be able to write that here? In each part, how much is worth? Like how I did over here. So there are 3 parts here and each part worths 40. So are you there? Are you writing it? I mean typing it?
[STUDENT] Well, sure, right. Sorry.
[TUTOR] On each part, you told me it is worth 40, right? So I want you to type in 40 in each part because I know that each part is worth 40. So that's worth 40. How much is this worth? 40 and 40 again, right? So now what is the question asking? How many cards does he have left? So how do you know how many cards does he have left? What do you think is supposed to do for you? [unclear]
[TUTOR] What did you say? Sorry.
[STUDENT] 10. Okay, what is the question asking us to find?
[STUDENT] How many cards does he have left?
[TUTOR] Yes, so how could you find how many cards he has left? What is— what do you think you're supposed to do, Callum? [unclear] [unclear]
[TUTOR] So over here they're telling he gave— he gives one-third away, which means he has already given away this part. So you have to figure out how much is left. So what you would know, the entire thing is worth 120. So you have to just take this away for you to get your final answer. So 120 take away how much? How much is the blue part worth?
[STUDENT] 40.
[TUTOR] Yes, you have to subtract 40 for you to get your answer. So can you try subtracting that? [unclear]
[STUDENT] So is it 80? [unclear]
[TUTOR] Okay, Callum, right. So before we move ahead, Callum, now I want you to take me through the steps we did in order for us to get the answer 80. So can you tell me what did we do first? [unclear]
[TUTOR] Yes, hello, can you hear me?
[STUDENT] Yeah.
[TUTOR] Okay, so did you understand the question I just asked you?
[STUDENT] What did you say?
[TUTOR] Okay, so it's like this, Callum. I want you to explain me the steps we did over here for us to get the answer 80. What did you first do? [unclear]
[STUDENT] So like, it was like 120 divided by 3, and then we got around to 40, and then we had to—
[TUTOR] So why do we have to divide 120 by 3 first?
[STUDENT] Because then you can find your answer to like the store.
[TUTOR] Okay, over here they have told you, right? There is 1/3. Now this is a fraction they have given us. So we are dividing it by 3 because there is 3 parts in it, right? So you're dividing it by the denominator. That's why you're dividing it by 3. So we get 40. And how do you figure out how many parts we have left? [unclear] [unclear]
[TUTOR] What are we doing for us to get the answer?
[STUDENT] We're doing 120 take away 40, then you get your answer.
[TUTOR] Yes, okay. Because we know that this is the amount that he gives away and this is the remaining one. So they want us to figure figure out how much is left. So you have to take away this part for you to get your answer. So which gave us 80. All right. Yeah, so let's try working out more questions so we might get the hang of the lesson, right? So it's just involving fractions with a lot of questions. You have to focus a bit more for you to work out what you're supposed to do, right? So first, can you read this question in your [UNCLEAR]?
[STUDENT] In a 20...
[STUDENT] Kilometre. [unclear]
[STUDENT] Complete a swim, a run, and a bi— big ride.
[TUTOR] Mm-hmm. In a 20-kilometre race, Jack completes a swim, a run, and a bike ride.
[TUTOR] Right. The swim is 1/10 of the total distance. Run is half of the total distance. What is the distance which is bike ride? Right. So can you first tell me what are the important keywords on the question, Callum?
[STUDENT] Yeah. [unclear]
[TUTOR] What are the important things that you find on the question, please?
[STUDENT] [unclear] 20 kilometers, and then swim and run and a bit A big bike race. [unclear]
[TUTOR] Yeah, so 20 times 3.
[STUDENT] And then 1, 2...
[TUTOR] That's half.
[STUDENT] 1, 2, 1, 2...
[TUTOR] And then like we have to find out like what's the bike race.
[BACKGROUND] Yes, so first how could you figure what you think is supposed to start off this molecule? [unclear]
[TUTOR] Yes, hello? Can you hear me?
[STUDENT] Hello? I think I can't hear you. Hello?
[STUDENT] Hello.
[TUTOR] Okay, but I can't hear you. Can you like try to refresh the page, Callum? Yes, can you just check if you can hear me, like check your connection, check your mic, just see if it's muted, right?
[STUDENT] Hello.
[TUTOR] Hello. Can you hear me now?
[STUDENT] Yeah.
[TUTOR] All right, okay. So let's get back to, yes, the question, right. So first tell me how much is the— how— what is the value for the entire race? How many kilometers did— for the entire race?
[TUTOR] This is how many kilometers?
[STUDENT] [unclear]
[STUDENT] 20 kilometers.
[TUTOR] Yes, so the whole thing, the bar model is 20 kilometers, right? So first, can you tell me what does 1/10 mean? How do you figure out what is 1/10 of the bar model?
[STUDENT] [unclear]
[TUTOR] So here you have drawn a bar model with 10 parts. So what is 1/10?
[TUTOR] How many should you shade? Is it I? Hello?
[STUDENT] Hello.
[TUTOR] Yes, okay, now what the question is, what, how do you figure out what is 1/10? What is the numerator?
[STUDENT] 10.
[TUTOR] 10 is the denominator.
[STUDENT] All right.
[TUTOR] 1. Okay, which means how many should you shade?
[STUDENT] How many should I shade? So I must first shade 10. No, 10 is the denominator. You should share only the number that's in the numerator. Okay, so see, 1, 2, 3, 4, 5, 6, 7, 8, 9, 10. So there are 10 parts, out of which only one part is he is swimming. So only this part he is swimming.
[STUDENT] So then, uh, the next is half of the total distance he is running.
[TUTOR] Yeah.
[STUDENT] And the rest is only is doing the bike. Okay. So how do you figure out one tenth answer? [unclear]
[TUTOR] So what are we supposed to do first? This entire thing is worth how much?
[STUDENT] A fraction would be—
[TUTOR] Ten.
[TUTOR] No, the entire thing worth. How much is it worth? How many kilometers?
[STUDENT] Oh, 20.
[TUTOR] 20, right. So how can you figure out how much is one of this part worth, Callum? What should you do? You have to divide it by how many?
[STUDENT] Um, divide it by... [unclear] How many parts are there in the bar model?
[STUDENT] 10.
[TUTOR] Yes, you have to divide 20. You have to divide it by 10. So 22 divided by 10, how much will you get? Do you get...? Can you try dividing 20 by 10? That's quite easy. [unclear]
[STUDENT] 10. Does it equal 2?
[TUTOR] Yes, it is equal to. So we know that each of this part here is worth 2. So you can just draw— what you can just do is, Callum, you can write 2 in each of this part. Can you do that for me? [unclear]
[STUDENT] Yeah. [unclear]
[TUTOR] Yes, so can you write 2 in each of this part because each part is worth 2.
[STUDENT] Yeah. 2, 2, 2, 2, 2, 2, 2, and then 2.
[TUTOR] Yes, right now we know that each part is worth, right? It's 2. So what is half of, uh, half of— oh no, half of the total. So how much is the total distance, Callum? [unclear]
[STUDENT] 20.
[TUTOR] Yeah, so what is half of 20 then?
[STUDENT] Half of 20?
[TUTOR] Yes.
[STUDENT] Is it 10?
[TUTOR] It is 10, right? So we know that, uh, Jack is going 10 kilometers running. So he's running for 10 kilometers because half of 20 is 10. So 10 kilometers, he is running, right? And how can you figure out how much he's swimming? How many kilometers is he swimming? If it is 1/10, how much is one part worth?
[STUDENT] One.
[TUTOR] No, how much is one part worth here? If you just figure out, right?
[STUDENT] Okay. 2, which means that he is swimming 2 kilometers only, right? So now you have to figure out how much— what is the distance he is going to do his bike ride. So how can you do that, Callum? [unclear]
[STUDENT] What is, uh, what is the total distance is 20, and 10 at 2, how much would that give you? [unclear]
[TUTOR] 2 kilometers.
[STUDENT] 10.
[TUTOR] 2. How much is that?
[STUDENT] 11.
[TUTOR] 11, 12, right? So totally this is 12 kilometers. So you know that the whole thing is 20. And he has used 12 kilometers to run and swim. So how could you figure out the remaining one? What are we supposed to do? [unclear]
[TUTOR] It's very basically the similar one that we did in the previous lesson. For us to figure out the remaining one, what kind of question did we do, Callum?
[STUDENT] Um... Take away.
[TUTOR] Take away, right? So for us to fit the remaining one, we have to do takeaway. So [unclear] you have to take away 20, you have to take away 12 for you to get your final answer for the bike, right? Was that clear?
[STUDENT] Yeah.
[TUTOR] Okay, so could you like do the takeaway subtraction and get me the answer?
[TUTOR] So is it— is the answer 10?
[STUDENT] Can you do this properly and see, Callum, without guessing, right?
[STUDENT] 20 [unclear] 12.
[TUTOR] Yes.
[STUDENT] It's 8.
[TUTOR] It is 8. So your answer over here has to be 8 kilos. So can you write that there?
[TUTOR] Yeah.
[STUDENT] [unclear]
[TUTOR] Okay, you also have to write kilometers because the distance is measured here in kilometers.
[STUDENT] [unclear]
[TUTOR] Okay.
[STUDENT] Hello. Hello.
[TUTOR] All right, so now, just that I help you with question A, I want you to try question B by yourself. Right?
[STUDENT] Yes.
[TUTOR] So first, can you read the question?
[STUDENT] Yeah. [unclear] Tina has saved £240. She—
[TUTOR] Hello? Hello, can you hear me? I think I can't hear you again. [unclear]
[TUTOR] Just check your mic or just try refreshing the page, Callum. [unclear]
[STUDENT] Hello?
[TUTOR] Hello. Can you hear me now?
[STUDENT] Yeah.
[TUTOR] All right. Okay.
[TUTOR] Right, so I think you were reading this question, so let me just read again for you. She spent 1/4 of it on a computer game. How much money does she have left? Now this question came to be a bit easier, right? So how could you use the bar model towards solving this question? [unclear]
[TUTOR] Yes, so can you tell me why have they given 4 parts in the bar model?
[STUDENT] Because there is 4 denominators.
[TUTOR] Yes, so there is 4 as the denominator, right. So how much is the whole bar model worth, Callum? [unclear] How much is the entire bar model worth?
[STUDENT] 4.
[TUTOR] No, the entire one. How much is worth? How much is the money?
[STUDENT] 240.
[TUTOR] Yeah, so the entire thing is worth 240, right? So Callum, can you tell me how much is one of this part worth then? How could you figure out this?
[STUDENT] Um, 20... 240 divided by 4.
[TUTOR] Yes, 240 divided by 4. So what would you get when you divide 240 by 4? You can use your space that's given here for you to do your division. All right?
[STUDENT] Okay, so 204a divided by 4. So that's have to be [UNCLEAR]. 4 goes into 24 how many times? 4 times what gives you a 24? [unclear]
[TUTOR] 6, yes.
[STUDENT] And then 0, so it equals 6.
[TUTOR] Yes. So how much is each part of this worth now?
[STUDENT] 60.
[TUTOR] Yes. Now the question is, how much money does she have left? So how could you figure out this one, Callum?
[STUDENT] 60 take away 240.
[TUTOR] Yes. 240 take away 60. 60, because she already spent this on computer games. So we have to take away 240, take away 60, would give you how much she have left. So how much would that give you as an answer? [unclear]
[STUDENT] Um...
[TUTOR] All right, Callum. So I think as we are running out of time, let's [unclear] before we wind up today's session, right? So now I want you to tell me, think back, look back and tell me what did we learn on this slide? What was something important that you learned on this slide, Callum?
[STUDENT] Hello? Like 120, like, car— truck cars.
[TUTOR] So what do you understand when you look into a bar model?
[STUDENT] Oh, like— [unclear]
[TUTOR] So if I look into a bar model, like, it's how I get my answer for it is—
[STUDENT] You always have to do... [unclear]
[TUTOR] [UNCLEAR]
[STUDENT] Yeah, so that was 120 divided by 3, because you have to look at your bar model and see how many bars you've got, and then you have to divide that by 3 and then you get your answer, and then you have to do 120 taken away 40, then it equals Ia, and then like, yeah.
[TUTOR] So it's very important that you [unclear] first you read the question, try to underline the keywords, then you work it through according to the BAR model that's given, right? Anyways, good try, Callum. So I think I'll just give you a thumbs up, although the question you found it a little bit difficult, you didn't give up, right? So good job there, and I think let's meet up next time
[TUTOR] not next week. I mean, I think it's your holidays. So let's meet up after the holidays, hopefully, okay?
[STUDENT] Yeah.
[TUTOR] Have a nice day."
fwlanlr,Adding money using the column method.,0.31231004,"Hello.
Good.
this evening, because we're going home at lunchtime. So basically after this.
We're going home after lunch.
We did it yesterday and it was about... [unclear]
I remember adding the pounds.
And writing fraction and a [UNCLEAR].
I don't know. [unclear] [unclear]
£6.22. [UNCLEAR] Could you please first replace the money value in this chart? [unclear]
200 would be second one, third.
[UNCLEAR]
Yes.
Yeah.
10 pounds, 1 pound, 10 pence, and [UNCLEAR].
No.
Yes.
10.
In the one bounce.
So let me just get the [UNCLEAR].
And then we've got—
Yeah, we've got 5 10-piece.
We've got 4.
4 waffles.
We got 3 more bags.
8. [unclear]
5 plus 2 is 5. 5 add 10 is 15 plus 20. 20.
I think it's one piece.
5 and 8 is 13. And 2 plus 3 is 5. [unclear]
[unclear]
[unclear]
Two of the sides were like 2 centimeters and your [unclear] sides were like 5 centimeters.
Yeah.
Split it in half.
5 3. Why
because there— you can't have two-digit numbers in the— Very
[unclear] 3.
And then put 1. So how much we have in total in the ones? One pound.
We have 5.
The regroup one? Which one?
Um, you [unclear] onto the ones equals 6.
Yeah. No, it becomes 10 because it's 13 and it's got 10 in it. Because then there's 3 here and then there's 10 here.
equal to... 10. Very
10.
We have— [unclear]
We have— [unclear]
5.
Uh, £6.37.
You need to remember to [UNCLEAR].
You need to remember to only put one digit in the code and not put two digits. So what if you get 2 digits then?
You have to split them up and then you have to exchange for 10ps, 1p, 10 pounds, anything like that.
Yeah.
How are we gonna know?
£8 something. Yeah, £8 something.
Because there's £4.05 and there's £4.35.
The ducky and the bear.
[unclear]
I forgot something.
Wait.
The least he could have made was the boats and the drums.
Okay. So... [unclear] So 10 liters plus 10 liters equals 20 liters. [unclear]
If I add 3 times 5, so 3 and 6, 3 and 6, 9 plus 9 is 18, so 8 and a half, 30. If I add 30, that would be... 5. 50. [unclear]
13.
There. Let me do £3 plus £3 plus that £1. 7 pounds. [unclear]
Okay, so I could do 20 and 20 on the top and on the bottom. Then
So I moved the 1 over, then I did 9 plus 2, which is 11, so then I put the 1 there, and then I moved that over to 3 pounds plus 3 pounds, which is 6 pounds, plus the 1.
Because you can't have two-digit numbers.
Because it's not— there's no big enough number.
You— it's [UNCLEAR].
9 add 2 equals 11.
[unclear] We got to regroup 1.
How does what change?
You put the 1, then you drag the 1 along. [unclear] You exchange the 1.
Oh yeah, so it's not, it's not, I knew it, it's not 7, it's 8 pounds.
What? I'm confused then.
[unclear] 3 pounds.
Begin at the beginning, the zeros, the ones.
Put the 2 in there.
Then you do 6.
10ps.
11. [unclear]
12.
[unclear]
The 2.
£7, £1. £1's going to be added.
[unclear] £7.28.
Can I go to the toilet?
Hello?
Okay.
Okay. [unclear]
five.
This one?
The two?
£7.28.
Yeah. Now I can see the [UNCLEAR]. Okay, what do you think would be the problem, Callum? Why did that happen?
Because... [unclear] [unclear]
The least he could have paid was £7.28.
Which equals 18.
We did 9 2, which is 11. And if you put them together, if you put 18 and 11 together, it's 28. And then we did 3 3, which is 6, plus 1 because we added an extra 1.
Because you put two-digit numbers in the same column.
You bring it along to the ones— the £1 column.
The £1.
I give it to the next right column.
We give... [unclear]
1.
11.
Yeah, we write the 11.
We do them— group 1 in the
Is— put it in the £1 column. Then we do 3 plus 3, which is 6, plus the 1 is £7.
11. So you put the 1 alone, which is 7 pounds.
Yeah.
We write 10. No, we write 1. 12.
Yeah.
Yes.
Okay. Amy had £14 and [UNCLEAR]. No. Amy had £14.53. She bought a book costing £8.25. How much money does she have left now?
Well, she has £6.32. £6.32. How do you say that, Callum? [unclear]
Calculations I've got to do— Tara has—
Mm-hmm.
What is the operation you perform? [unclear]
Then it's— if you have 8, you'd be 6. And then I did 5 minus 2, which is 3. And I did 3— 5 minus 3, which is 2. So that's how I got the answer.
[unclear]
3 minus 4, which is 1.
The thousand's gone.
[unclear]
You regroup.
[unclear]
[UNCLEAR] Bonnie?
How money is useful. Wait, I learned... I learned... [unclear]
Um, begin from the ones, then we end in thousand or [UNCLEAR].
[unclear]","Hello.
Hi, Callum. Hello, how are you doing?
So Callum, what's new there, Callum?
Yeah, anything interesting happening around at school or at home? [unclear]
Okay, yes. Yeah, I couldn't hear you well, Callum. Could you repeat that to me?
All right, okay Callum, good to know that. Oh yeah, so then let's get started with the session. We're going to continue the lesson about adding money using the column method. What do you remember from this lesson, Callum?
Mm-hmm, okay.
Okay, good that you recall the things that you learned in your last session. Okay, let me give you a question to you, all right? So my question is, I'm going to a shop and I bought a piece of apple
Sorry, I bought a piece of cake which cost me— let me write the amount. It cost me £2.54, and then I bought another bun which cost £3 and [UNCLEAR]. £83. Okay, so my question is, uh, how much would it cost me to buy these two items together? Callum, can you find it out?
Mm-hmm.
Okay, so can you identify the columns first, Callum? What do these columns stand for? What is the value of the first column that's right here? [unclear]
Callum, are you there? [unclear]
Hello, can you hear me, Callum?
Hello. Hello, can you hear me, Callum? [unclear]
Oh, I cannot hear you well, Callum. Can you hear me?
Oh yeah, now I could hear your voice, but earlier it was silent.
Oh yeah, okay, now I— yeah, I can hear you now. All right, uh, so shall we continue this question? Now, what are these columns stands for, Callum? Can you tell me? [unclear]
Yes, so in this cost, can you tell me, do we have any 10 pounds?
Do we have any 1 pounds?
How many 1 pounds do we have?
2. So where do you think we should write the 2 then?
OK.
Mm-hmm. OK.
Let me see if we have any—
Very good. And then?
Awesome. Okay, and what about the other cost? The cost of the bun?
Hmm, yeah.
Okay, now how would you find the total cost of both these items. [unclear]
Okay, where do you start adding by? Which column would you start with, Callum? Callum, would you start with the one piece? Is it the one pound or the one piece?
Yes, so we begin with the one piece. Yes. Can we continue? Could you write the answer? [unclear]
Okay. [unclear]
Yes. [unclear]
Okay, good try, Callum. Now when we add, now we can see in each columns we have added the columns separately. And do you find a problem here, Callum?
What do you notice here?
Can we have two digits for the same column?
No, we can't write two digits in the same column. So then what do you do?
When we add, let's think about you add two numbers, okay? I'm going to just pick, not about money value. Let's say you're going to add these two numbers together. Okay, can you try add these two numbers together? [unclear] [unclear]
Mm-hmm. Yeah.
did you do this, Callum? Well,
good. Exactly. So we can't write 10 in the ones place, so therefore we do the regrouping. Similarly, you got to do the regrouping here as well, Callum. How would you do the regrouping?
Okay.
Okay, and what do you do with the regroup one?
The regroup one right here.
Hmm. We regroup the 10 10ps?
Yes. So the 10 that is right here is actually 10ps. So how many 10ps would you found in 1 pound? 1 [unclear]
pound is equal to how many 10ps? Is
good. Yes, so we need 10, 10ps there to make 1 pound. So when you regroup that 10 pounds, 10 pieces to here. Now how many one pound we have altogether? How many one pounds? [unclear]
Mm-hmm. So we have to regroup these 10 peas to the next column. So now we have how many 1-pound together, Callum?
We already have, huh? We can see it's already— we have how many one pounds in the column?
2 and 3. And then we took 1 pound, regrouped that 1 here. So now how many 1 pounds we have in total?
5, and then we regroup this 1 pound for 10 peas because we got 13 peas. So we kept the 3 peas here and then we regrouped that 10 peas over there as 1 pound. So now that becomes total of?
6 pounds. Yes. So what is the total cost of the items that I bought?
Very good. So that gives you £6.37. So when you add the money value using the column method, what do you need to remember, Callum? [unclear]
Mm-hmm.
Exactly. So we don't use the word exchange, we actually do the regrouping. Okay, exchange happens when you do the subtraction, regrouping happens when you add the numbers. Is it clear?
Alright, now we are going to move on to the question where we completed in the last session. Yeah, so today you got to try this question here, Callum. Can you give a try, please? [unclear] most he could have paid? What is the least he could have paid? Well, we don't know how much money [unclear] has, so...
Yeah.
So how much would it— would him to cost to buy the most expensive toys? What is the most he could have paid? What do you understand?
How do you know that?
Very good understanding. So which toys cost the most there, Callum?
Well done. Yes. So could you please do the addition there using the column method to find the exact amount on how much he paid? [unclear]
5p plus 5p is 10p, so we put the 0, we put the 1 here. We do 0p plus 3p plus the 1p is 4p. And then 4pound plus 4pound equals 8 times [UNCLEAR]. That's why I said that at the beginning.
Mm-hmm.
What?
Okay, well done, Callum. Good job on trying that by adding the two numbers together. So firstly, I'm really happy that you got to identify the, the [UNCLEAR], the toys that cost the most. So when he buys these two toys together, he pays £8.40. Good reading and good understanding with the question, and also you made sure to include the pound sign as well. So that's a very nice one. Now there is another question as well. [unclear]
What is the question?
Yes. [unclear] So how much would it cost for him to buy the boat and the drum?
We put the 1 there.
8. [unclear]
Oh yeah, good try with the question answer. Can you please explain how you work these calculations? [unclear]
Yes. What you do is regroup one which you got from the 18.
Yes.
Yeah, so what do you do with that one which is regrouped?
Yes, you have to regroup it. So 9 add 2, which gives you how much?
Equals 11. And then how much we have to regroup there?
Mm-hmm. So how does the digit change?
So what do you think? 9 add 2, which gives you 11. So do you write the 11 or
What do you think we should do?
Yes, but also can you see we have 9 add 9, which gives you 18. And you wrote the 8 and you kept the 1 as regrouped. We have a regrouped 1 here to be added there, Callum.
Yes, so we have to check on this, the 10 Ps column, Callum. It's not about the 1 pounds, that is what you got it as correct.
Yes, let me take this question to right here, okay? Yes, so can you recall the numbers we had to add?
Okay, let me write that number to you. So that's 3.99 pounds. And then we have 3 pounds, 2, 9. Okay, now can you try to add it right here? [unclear]
Where do you begin, Callum?
Yes. Now, how much you have in the 10 piece? [unclear]
Very good.
Why do you write the 12 there, Callum? 9 add 2, which gives you 11, and then you add the 1 there, which makes 12. So which column would it— would that be? Is it the 10ps or the £1?
Yes, exactly. So this is actually the regroup one that you wrote here.
9 add 2?
And we also have to remember we have a regroup 1 as well. So how much we have in total now?
12. Okay. So how do you write? Can you write 212 there?
So which digit do you keep there?
Would you keep the— you keep the 2. Very good. You keep the 2 10-piece, and then you regroup that 1 to the next column. Now how many pounds do we have there? To be added?
Yes, well done.
Very good, Callum.
Oh yeah, you may go. You can get the permission from your teacher as well. [unclear]
Hello?
Yeah.
Yes.
I use the—
Equal or less than to complete the number sentence. 4,000— yes. 4,520. [unclear] 4,600.
One is bigger. I think it's... [unclear]
Hello, I'm back. [unclear] Okay, Callum, yes. Now with this answer we got here, how much he paid the least?
For buying the boat and the drum.
How much we got? [unclear]
Sorry?
All right, yes. So can you see what has gone wrong here in the calculation?
All right, so as we know, what is the answer we got in the previous slide? Callum, what is the least he could have paid? Can you write the answer, correct answer?
Okay, yes. So could you please explain on how we got that £7.28 right here? [unclear]
Yeah.
Yes. Yes, so 9 plus 9, which gives you 18. That's correct. So we write the 8, and what do you do with the 1?
Which column? Do we go to the £1 or to the next right column? [unclear] or for the £1?
So you got to add these two here and you got 18. So would you skip this column and move on to the £1, or would you give it to the next right column, Callum?
Yeah, so we give it here. So how much we give there?
Okay, now 9 and 2 gives you how much? 9 10ps and 2 10ps together.
11. And what do you do next? Do we write the 11?
So what do you do with the regroup 1 then?
Yeah, that's correct. So we have the regroup 1 over here, so which makes 7. But my question is, in the 10ps, how much would you write in the 10ps? [unclear]
9 add 2, which gives you how much?
So we have a regroup one here as well, Callum. So that's 1 [unclear] we got from 18. 3 group 1.
So how much we have in total? Now, how many 10-piece we have right here? 11 add 1. [unclear] Yes. So which digit we keep in the 10-piece?
How much we write? [unclear]
Would you keep— can we write the 12 on total here? Just like this? No, we can't do that, Callum, because we already knew we can't write 2 digits. So we keep the 2. And then we regroup that one to the next column. That's what we did here.
Yeah, okay. And that is how we got the 7.28 here. Is it clear to you, Callum, now?
All right, okay. So with that, we are going to move on to the next lesson. Let's see what we have right here. Okay, now we have— earlier we learned about [unclear] addition, and now we have Subtracting money using column method. Okay. Yeah, so shall we start with the learning goal question?
What do you do?
What is the calculation you got to do there? [unclear]
Arrange 4-digit numbers in order. [unclear]
6,400 examples.
Can you show me how you work that answer to me, Callum? [unclear] Sorry, I couldn't hear you well. [unclear] Oh, yeah. Can you write the answer here, Callum? How much you got? [unclear]
I'm sorry, I couldn't hear you well. It's glitching over there, Callum. [unclear]
Okay, can you provide the answer? Okay, yeah.
Yeah. Okay, effort, a nice try. Can I know how do you got this number, Callum? [unclear]
Okay, that was a nice try. Good effort putting that question, Callum. Well done. But actually, when you do the subtraction for this, you actually get the answer as $26.28. Okay, so this should be the answer, or this should be the money she has right now. So let's see how we can do the subtraction accurately, Callum. All right, no worries, we are going to learn on how we can do the subtraction. Uh, so let's complete this question as well, Callum, and then we can move along with the slides.
Can you try this calculation? Complete the column subtraction below. [unclear]
Now if you go exchange one, pen's gone, so that'll be 5. And then you've got 4 minus 4, which is [UNCLEAR]. Sorry, that's 6.
It's 7. 5 minus 4 is 1.
Okay. Nice work once again. Yes. Could you read the number that you got there? [unclear]
£25.10.
Oh, 3,510.
What is the value of the one that you regrouped, that ones? [unclear] Yes, and the one that you regroup is actually a 10, right? So then that 10 plus 3 becomes a 13 there, not a 4. Yeah, so the 13 minus 4, which gives you a 9, and should be a digit 9, not a 0. And when you look at the rest of the calculation, it's correct. 5 minus 4, which is 1. 8 minus 3, which is 5. 4 minus 1, that is 3, which is correct. The only problem we had is right here. So let's learn how we can do that calculation accurately as well, Callum. But nice try with the question. And with the time being, we're going to wind up the session today. We are not able to We need to move on with the next few slides with time allowed to us. So Callum, what are the things we learned today? Can you give a summary on things?
Hello?
Uh-huh, yeah. And what did you learn through that?
We used adding money using the column method. So how can we add the money value using the column method accurately? Where do Where do you begin from?
Okay, yeah, so good recalling that, Callum. And yes, we are going to wind up the session, reminding you about the quizzes and the feedback form. Make sure that you complete it before you leave. And yes, until I see you next time, Callum, have a great day and stay safe. See you soon.
Bye.","[TUTOR] Hello.
[BACKGROUND] [unclear]
[STUDENT] Hello.
[TUTOR] Hi, Callum. Hello, how are you doing?
[STUDENT] Good.
[TUTOR] So Callum, what's new there, Callum?
[TUTOR] Yeah, anything interesting happening around at school or at home? [unclear]
[STUDENT] this evening, because we're going home at lunchtime. So basically after this.
[TUTOR] Okay, yes. Yeah, I couldn't hear you well, Callum. Could you repeat that to me?
[STUDENT] We're going home after lunch.
[TUTOR] All right, okay Callum, good to know that. Oh yeah, so then let's get started with the session. We're going to continue the lesson about adding money using the column method. What do you remember from this lesson, Callum?
[STUDENT] We did it yesterday and it was about... [unclear]
[STUDENT] I remember adding the pounds.
[TUTOR] Mm-hmm, okay.
[STUDENT] And writing fraction and a [UNCLEAR].
[TUTOR] Okay, good that you recall the things that you learned in your last session. Okay, let me give you a question to you, all right? So my question is, I'm going to a shop and I bought a piece of apple
[TUTOR] Sorry, I bought a piece of cake which cost me— let me write the amount. It cost me £2.54, and then I bought another bun which cost £3 and [UNCLEAR]. £83. Okay, so my question is, uh, how much would it cost me to buy these two items together? Callum, can you find it out?
[STUDENT] I don't know. [unclear] [unclear]
[TUTOR] Mm-hmm.
[STUDENT] £6.22. [UNCLEAR] Could you please first replace the money value in this chart? [unclear]
[TUTOR] Okay, so can you identify the columns first, Callum? What do these columns stand for? What is the value of the first column that's right here? [unclear]
[STUDENT] 200 would be second one, third.
[TUTOR] Callum, are you there? [unclear]
[TUTOR] Hello, can you hear me, Callum?
[STUDENT] [UNCLEAR]
[TUTOR] Hello. Hello, can you hear me, Callum? [unclear]
[TUTOR] Oh, I cannot hear you well, Callum. Can you hear me?
[STUDENT] Yes.
[TUTOR] Oh yeah, now I could hear your voice, but earlier it was silent.
[STUDENT] Yeah.
[TUTOR] Oh yeah, okay, now I— yeah, I can hear you now. All right, uh, so shall we continue this question? Now, what are these columns stands for, Callum? Can you tell me? [unclear]
[STUDENT] 10 pounds, 1 pound, 10 pence, and [UNCLEAR].
[TUTOR] Yes, so in this cost, can you tell me, do we have any 10 pounds?
[STUDENT] No.
[TUTOR] Do we have any 1 pounds?
[STUDENT] Yes.
[TUTOR] How many 1 pounds do we have?
[STUDENT] 10.
[TUTOR] 2. So where do you think we should write the 2 then?
[STUDENT] In the one bounce.
[TUTOR] OK.
[STUDENT] So let me just get the [UNCLEAR].
[TUTOR] Mm-hmm. OK.
[STUDENT] And then we've got—
[TUTOR] Let me see if we have any—
[STUDENT] Yeah, we've got 5 10-piece.
[TUTOR] Very good. And then?
[STUDENT] We've got 4.
[STUDENT] 4 waffles.
[TUTOR] Awesome. Okay, and what about the other cost? The cost of the bun?
[STUDENT] We got 3 more bags.
[TUTOR] Hmm, yeah.
[STUDENT] 8. [unclear]
[TUTOR] Okay, now how would you find the total cost of both these items. [unclear]
[STUDENT] 5 plus 2 is 5. 5 add 10 is 15 plus 20. 20.
[TUTOR] Okay, where do you start adding by? Which column would you start with, Callum? Callum, would you start with the one piece? Is it the one pound or the one piece?
[STUDENT] I think it's one piece.
[TUTOR] Yes, so we begin with the one piece. Yes. Can we continue? Could you write the answer? [unclear]
[STUDENT] 5 and 8 is 13. And 2 plus 3 is 5. [unclear]
[TUTOR] Okay. [unclear]
[BACKGROUND] Yes, could you please write the total amount, Callum? [unclear]
[TUTOR] Yes. [unclear]
[BACKGROUND] [unclear]
[STUDENT] [unclear]
[TUTOR] Okay, good try, Callum. Now when we add, now we can see in each columns we have added the columns separately. And do you find a problem here, Callum?
[STUDENT] [unclear]
[BACKGROUND] Yes, and the sides.
[TUTOR] What do you notice here?
[STUDENT] Two of the sides were like 2 centimeters and your [unclear] sides were like 5 centimeters.
[TUTOR] Can we have two digits for the same column?
[STUDENT] Yeah.
[TUTOR] No, we can't write two digits in the same column. So then what do you do?
[STUDENT] Split it in half.
[TUTOR] When we add, let's think about you add two numbers, okay? I'm going to just pick, not about money value. Let's say you're going to add these two numbers together. Okay, can you try add these two numbers together? [unclear] [unclear]
[TUTOR] Mm-hmm. Yeah.
[STUDENT] 5 3. Why
[TUTOR] did you do this, Callum? Well,
[STUDENT] because there— you can't have two-digit numbers in the— Very
[TUTOR] good. Exactly. So we can't write 10 in the ones place, so therefore we do the regrouping. Similarly, you got to do the regrouping here as well, Callum. How would you do the regrouping?
[STUDENT] [unclear] 3.
[TUTOR] Okay.
[STUDENT] And then put 1. So how much we have in total in the ones? One pound.
[STUDENT] We have 5.
[TUTOR] Okay, and what do you do with the regroup one?
[STUDENT] The regroup one? Which one?
[TUTOR] The regroup one right here.
[STUDENT] Um, you [unclear] onto the ones equals 6.
[TUTOR] Hmm. We regroup the 10 10ps?
[STUDENT] Yeah. No, it becomes 10 because it's 13 and it's got 10 in it. Because then there's 3 here and then there's 10 here.
[TUTOR] Yes. So the 10 that is right here is actually 10ps. So how many 10ps would you found in 1 pound? 1 [unclear]
[TUTOR] pound is equal to how many 10ps? Is
[STUDENT] equal to... 10. Very
[TUTOR] good. Yes, so we need 10, 10ps there to make 1 pound. So when you regroup that 10 pounds, 10 pieces to here. Now how many one pound we have altogether? How many one pounds? [unclear]
[STUDENT] 10.
[TUTOR] Mm-hmm. So we have to regroup these 10 peas to the next column. So now we have how many 1-pound together, Callum?
[STUDENT] We have— [unclear]
[TUTOR] We already have, huh? We can see it's already— we have how many one pounds in the column?
[STUDENT] We have— [unclear]
[TUTOR] 2 and 3. And then we took 1 pound, regrouped that 1 here. So now how many 1 pounds we have in total?
[STUDENT] 5.
[TUTOR] 5, and then we regroup this 1 pound for 10 peas because we got 13 peas. So we kept the 3 peas here and then we regrouped that 10 peas over there as 1 pound. So now that becomes total of?
[BACKGROUND] 6.
[TUTOR] 6 pounds. Yes. So what is the total cost of the items that I bought?
[STUDENT] Uh, £6.37.
[TUTOR] Very good. So that gives you £6.37. So when you add the money value using the column method, what do you need to remember, Callum? [unclear]
[STUDENT] You need to remember to [UNCLEAR].
[TUTOR] Mm-hmm.
[STUDENT] You need to remember to only put one digit in the code and not put two digits. So what if you get 2 digits then?
[STUDENT] You have to split them up and then you have to exchange for 10ps, 1p, 10 pounds, anything like that.
[TUTOR] Exactly. So we don't use the word exchange, we actually do the regrouping. Okay, exchange happens when you do the subtraction, regrouping happens when you add the numbers. Is it clear?
[STUDENT] Yeah.
[TUTOR] Alright, now we are going to move on to the question where we completed in the last session. Yeah, so today you got to try this question here, Callum. Can you give a try, please? [unclear] most he could have paid? What is the least he could have paid? Well, we don't know how much money [unclear] has, so...
[TUTOR] Yeah.
[STUDENT] How are we gonna know?
[TUTOR] So how much would it— would him to cost to buy the most expensive toys? What is the most he could have paid? What do you understand?
[STUDENT] £8 something. Yeah, £8 something.
[TUTOR] How do you know that?
[STUDENT] Because there's £4.05 and there's £4.35.
[TUTOR] Very good understanding. So which toys cost the most there, Callum?
[STUDENT] The ducky and the bear.
[TUTOR] Well done. Yes. So could you please do the addition there using the column method to find the exact amount on how much he paid? [unclear]
[STUDENT] [unclear]
[TUTOR] 5p plus 5p is 10p, so we put the 0, we put the 1 here. We do 0p plus 3p plus the 1p is 4p. And then 4pound plus 4pound equals 8 times [UNCLEAR]. That's why I said that at the beginning.
[TUTOR] Mm-hmm.
[STUDENT] I forgot something.
[TUTOR] What?
[STUDENT] Wait.
[TUTOR] Okay, well done, Callum. Good job on trying that by adding the two numbers together. So firstly, I'm really happy that you got to identify the, the [UNCLEAR], the toys that cost the most. So when he buys these two toys together, he pays £8.40. Good reading and good understanding with the question, and also you made sure to include the pound sign as well. So that's a very nice one. Now there is another question as well. [unclear]
[TUTOR] What is the question?
[STUDENT] The least he could have made was the boats and the drums.
[TUTOR] Yes. [unclear] So how much would it cost for him to buy the boat and the drum?
[STUDENT] Okay. So... [unclear] So 10 liters plus 10 liters equals 20 liters. [unclear]
[STUDENT] If I add 3 times 5, so 3 and 6, 3 and 6, 9 plus 9 is 18, so 8 and a half, 30. If I add 30, that would be... 5. 50. [unclear]
[TUTOR] We put the 1 there.
[STUDENT] 13.
[TUTOR] 8. [unclear]
[STUDENT] There. Let me do £3 plus £3 plus that £1. 7 pounds. [unclear]
[STUDENT] Okay, so I could do 20 and 20 on the top and on the bottom. Then
[TUTOR] Oh yeah, good try with the question answer. Can you please explain how you work these calculations? [unclear]
[STUDENT] So I moved the 1 over, then I did 9 plus 2, which is 11, so then I put the 1 there, and then I moved that over to 3 pounds plus 3 pounds, which is 6 pounds, plus the 1.
[TUTOR] Yes. What you do is regroup one which you got from the 18.
[STUDENT] Because you can't have two-digit numbers.
[TUTOR] Yes.
[STUDENT] Because it's not— there's no big enough number.
[TUTOR] Yeah, so what do you do with that one which is regrouped?
[STUDENT] You— it's [UNCLEAR].
[TUTOR] Yes, you have to regroup it. So 9 add 2, which gives you how much?
[STUDENT] 9 add 2 equals 11.
[TUTOR] Equals 11. And then how much we have to regroup there?
[STUDENT] [unclear] We got to regroup 1.
[TUTOR] Mm-hmm. So how does the digit change?
[STUDENT] How does what change?
[TUTOR] So what do you think? 9 add 2, which gives you 11. So do you write the 11 or
[TUTOR] What do you think we should do?
[STUDENT] You put the 1, then you drag the 1 along. [unclear] You exchange the 1.
[TUTOR] Yes, but also can you see we have 9 add 9, which gives you 18. And you wrote the 8 and you kept the 1 as regrouped. We have a regrouped 1 here to be added there, Callum.
[STUDENT] Oh yeah, so it's not, it's not, I knew it, it's not 7, it's 8 pounds.
[TUTOR] Yes, so we have to check on this, the 10 Ps column, Callum. It's not about the 1 pounds, that is what you got it as correct.
[STUDENT] What? I'm confused then.
[TUTOR] Yes, let me take this question to right here, okay? Yes, so can you recall the numbers we had to add?
[STUDENT] [unclear] 3 pounds.
[TUTOR] Okay, let me write that number to you. So that's 3.99 pounds. And then we have 3 pounds, 2, 9. Okay, now can you try to add it right here? [unclear]
[TUTOR] Where do you begin, Callum?
[STUDENT] Begin at the beginning, the zeros, the ones.
[TUTOR] Yes. Now, how much you have in the 10 piece? [unclear]
[STUDENT] Put the 2 in there.
[TUTOR] Very good.
[STUDENT] Then you do 6.
[TUTOR] Why do you write the 12 there, Callum? 9 add 2, which gives you 11, and then you add the 1 there, which makes 12. So which column would it— would that be? Is it the 10ps or the £1?
[STUDENT] 10ps.
[TUTOR] Yes, exactly. So this is actually the regroup one that you wrote here.
[TUTOR] 9 add 2?
[STUDENT] 11. [unclear]
[TUTOR] And we also have to remember we have a regroup 1 as well. So how much we have in total now?
[STUDENT] 12.
[TUTOR] 12. Okay. So how do you write? Can you write 212 there?
[STUDENT] [unclear]
[TUTOR] So which digit do you keep there?
[STUDENT] The 2.
[TUTOR] Would you keep the— you keep the 2. Very good. You keep the 2 10-piece, and then you regroup that 1 to the next column. Now how many pounds do we have there? To be added?
[STUDENT] £7, £1. £1's going to be added.
[TUTOR] Yes, well done.
[STUDENT] [unclear] £7.28.
[TUTOR] Very good, Callum.
[STUDENT] Can I go to the toilet?
[TUTOR] Oh yeah, you may go. You can get the permission from your teacher as well. [unclear]
[TUTOR] Hello?
[STUDENT] Hello?
[TUTOR] Yeah.
[STUDENT] Okay.
[TUTOR] Yes.
[STUDENT] Okay. [unclear]
[TUTOR] I use the—
[TUTOR] Equal or less than to complete the number sentence. 4,000— yes. 4,520. [unclear] 4,600.
[STUDENT] five.
[TUTOR] One is bigger. I think it's... [unclear]
[TUTOR] Hello, I'm back. [unclear] Okay, Callum, yes. Now with this answer we got here, how much he paid the least?
[STUDENT] This one?
[TUTOR] For buying the boat and the drum.
[STUDENT] The two?
[TUTOR] How much we got? [unclear]
[TUTOR] Sorry?
[STUDENT] £7.28.
[TUTOR] All right, yes. So can you see what has gone wrong here in the calculation?
[STUDENT] Yeah. Now I can see the [UNCLEAR]. Okay, what do you think would be the problem, Callum? Why did that happen?
[STUDENT] Because... [unclear] [unclear]
[TUTOR] All right, so as we know, what is the answer we got in the previous slide? Callum, what is the least he could have paid? Can you write the answer, correct answer?
[STUDENT] The least he could have paid was £7.28.
[TUTOR] Okay, yes. So could you please explain on how we got that £7.28 right here? [unclear]
[STUDENT] Which equals 18.
[TUTOR] Yeah.
[STUDENT] We did 9 2, which is 11. And if you put them together, if you put 18 and 11 together, it's 28. And then we did 3 3, which is 6, plus 1 because we added an extra 1.
[STUDENT] Because you put two-digit numbers in the same column.
[TUTOR] Yes. Yes, so 9 plus 9, which gives you 18. That's correct. So we write the 8, and what do you do with the 1?
[STUDENT] You bring it along to the ones— the £1 column.
[TUTOR] Which column? Do we go to the £1 or to the next right column? [unclear] or for the £1?
[STUDENT] The £1.
[TUTOR] So you got to add these two here and you got 18. So would you skip this column and move on to the £1, or would you give it to the next right column, Callum?
[STUDENT] I give it to the next right column.
[TUTOR] Yeah, so we give it here. So how much we give there?
[STUDENT] We give... [unclear]
[STUDENT] 1.
[TUTOR] Okay, now 9 and 2 gives you how much? 9 10ps and 2 10ps together.
[STUDENT] 11.
[TUTOR] 11. And what do you do next? Do we write the 11?
[STUDENT] Yeah, we write the 11.
[TUTOR] So what do you do with the regroup 1 then?
[STUDENT] We do them— group 1 in the
[STUDENT] Is— put it in the £1 column. Then we do 3 plus 3, which is 6, plus the 1 is £7.
[TUTOR] Yeah, that's correct. So we have the regroup 1 over here, so which makes 7. But my question is, in the 10ps, how much would you write in the 10ps? [unclear]
[TUTOR] 9 add 2, which gives you how much?
[STUDENT] 11. So you put the 1 alone, which is 7 pounds.
[TUTOR] So we have a regroup one here as well, Callum. So that's 1 [unclear] we got from 18. 3 group 1.
[TUTOR] So how much we have in total? Now, how many 10-piece we have right here? 11 add 1. [unclear] Yes. So which digit we keep in the 10-piece?
[STUDENT] Yeah.
[TUTOR] How much we write? [unclear]
[STUDENT] We write 10. No, we write 1. 12.
[TUTOR] Would you keep— can we write the 12 on total here? Just like this? No, we can't do that, Callum, because we already knew we can't write 2 digits. So we keep the 2. And then we regroup that one to the next column. That's what we did here.
[STUDENT] Yeah.
[TUTOR] Yeah, okay. And that is how we got the 7.28 here. Is it clear to you, Callum, now?
[STUDENT] Yes.
[TUTOR] All right, okay. So with that, we are going to move on to the next lesson. Let's see what we have right here. Okay, now we have— earlier we learned about [unclear] addition, and now we have Subtracting money using column method. Okay. Yeah, so shall we start with the learning goal question?
[STUDENT] Okay. Amy had £14 and [UNCLEAR]. No. Amy had £14.53. She bought a book costing £8.25. How much money does she have left now?
[TUTOR] What do you do?
[STUDENT] Well, she has £6.32. £6.32. How do you say that, Callum? [unclear]
[TUTOR] What is the calculation you got to do there? [unclear]
[STUDENT] Calculations I've got to do— Tara has—
[TUTOR] Arrange 4-digit numbers in order. [unclear]
[STUDENT] Mm-hmm.
[TUTOR] 6,400 examples.
[STUDENT] What is the operation you perform? [unclear]
[TUTOR] Can you show me how you work that answer to me, Callum? [unclear] Sorry, I couldn't hear you well. [unclear] Oh, yeah. Can you write the answer here, Callum? How much you got? [unclear]
[TUTOR] I'm sorry, I couldn't hear you well. It's glitching over there, Callum. [unclear]
[TUTOR] Okay, can you provide the answer? Okay, yeah.
[TUTOR] Yeah. Okay, effort, a nice try. Can I know how do you got this number, Callum? [unclear]
[STUDENT] Then it's— if you have 8, you'd be 6. And then I did 5 minus 2, which is 3. And I did 3— 5 minus 3, which is 2. So that's how I got the answer.
[TUTOR] Okay, that was a nice try. Good effort putting that question, Callum. Well done. But actually, when you do the subtraction for this, you actually get the answer as $26.28. Okay, so this should be the answer, or this should be the money she has right now. So let's see how we can do the subtraction accurately, Callum. All right, no worries, we are going to learn on how we can do the subtraction. Uh, so let's complete this question as well, Callum, and then we can move along with the slides.
[STUDENT] [unclear]
[TUTOR] Can you try this calculation? Complete the column subtraction below. [unclear]
[STUDENT] 3 minus 4, which is 1.
[TUTOR] Now if you go exchange one, pen's gone, so that'll be 5. And then you've got 4 minus 4, which is [UNCLEAR]. Sorry, that's 6.
[STUDENT] The thousand's gone.
[TUTOR] It's 7. 5 minus 4 is 1.
[STUDENT] [unclear]
[TUTOR] Okay. Nice work once again. Yes. Could you read the number that you got there? [unclear]
[TUTOR] £25.10.
[BACKGROUND] I think so. This is not about money value. We have just a number.
[TUTOR] Oh, 3,510.
[BACKGROUND] Okay, good reading there. So actually, Callum, when we regroup that one here, okay, how much you are regrouping from the tens column?
[STUDENT] You regroup.
[TUTOR] What is the value of the one that you regrouped, that ones? [unclear] Yes, and the one that you regroup is actually a 10, right? So then that 10 plus 3 becomes a 13 there, not a 4. Yeah, so the 13 minus 4, which gives you a 9, and should be a digit 9, not a 0. And when you look at the rest of the calculation, it's correct. 5 minus 4, which is 1. 8 minus 3, which is 5. 4 minus 1, that is 3, which is correct. The only problem we had is right here. So let's learn how we can do that calculation accurately as well, Callum. But nice try with the question. And with the time being, we're going to wind up the session today. We are not able to We need to move on with the next few slides with time allowed to us. So Callum, what are the things we learned today? Can you give a summary on things?
[STUDENT] [unclear]
[TUTOR] Hello?
[STUDENT] [UNCLEAR] Bonnie?
[TUTOR] Uh-huh, yeah. And what did you learn through that?
[STUDENT] How money is useful. Wait, I learned... I learned... [unclear]
[TUTOR] We used adding money using the column method. So how can we add the money value using the column method accurately? Where do Where do you begin from?
[STUDENT] Um, begin from the ones, then we end in thousand or [UNCLEAR].
[TUTOR] Okay, yeah, so good recalling that, Callum. And yes, we are going to wind up the session, reminding you about the quizzes and the feedback form. Make sure that you complete it before you leave. And yes, until I see you next time, Callum, have a great day and stay safe. See you soon.
[STUDENT] [unclear]
[TUTOR] Bye."
lmjjzta,Solving real-life problems with remainders.,0.31401822,"Hi, Tutor.
Yeah.
Yeah....multiplication of 6 is...
Yeah, yes.
Very well done.
So 18, what do we have?
30. [unclear] 36.
Why am I in first person when I [UNCLEAR]?
Yes, very well done. [unclear]
240.
16.
remains the [unclear] when there is something left over.
And the 32 counters are divided into 5 parts, okay? The groups of 5. The 32 counters we have here altogether with these 2 And these two, all these 32 counters are divided into groups of 5. Here we have 5, here we have 5, 5, 5 once again. So if we divide into 5 groups, how many groups will we have?
4.
5.
[unclear]
[unclear]
I got 31.
6.
2.
doing.
[unclear]
Yeah, if we divide 13 by 14, and we get [unclear]
3, remainder 1.
Oh, 8 remainder 3.
Then let's see, what does it say? We cannot leave the answer like this as it does not answer the question. Yes.
Now there are 2 remainders, 2 children are remaining, but we cannot keep these 2 children outside. Okay.
Because they also need a tent. So we have to put a tent.
Or else we have to give a tent for these 2 as well. So then they are there. So therefore I will be needing one more tent. Right? To put these two. So then if I get this as a number, I'll be needing 8 tens, which means here 1, 2, 3, 4, 5, 6, 7. For 28, I can take 7 tens, and for the remaining 2, I have to get another tenth. So there will be 8 tens will be needed. All right, so is this explanation clear to you, Callahan?
[unclear]
Yes. Ben Hat is having a party. He has 34 biscuits and wants to put them into a plate of 6. How does he— how many full plates of 6 can he make? [unclear]
Mm-hmm.
Mm-hmm.
4. [unclear]
5.
It's because the last one is not a full plate. It has 4.
And 8 divided by— 18 divided by 8. [unclear]
And then I'm gonna calculate each and find out.
[unclear]
The remainder is [UNCLEAR].
14.
14.
How many [unclear] are there for 14? How many 7s are there for 17?
There are...
How many 5s are there for 10? [unclear]
6.
[unclear]
One.
Two.
7 times 2 is [UNCLEAR].
One is bigger.
5.
3.
6. [unclear]
7.
[unclear] 2.
Hello?
Let me just circle it. [unclear] I circled it.
32... Oh. [unclear]
Here. Is this the one?
So let's see the other ones as well. 32 divided by 6, what is the answer? 32 divided by 6 is— [unclear]
6.
5.
Remainder 2.
Yes.
7 divided by 3.
Um, how many 3s are there for 7? 0.
2.
Yes. Oh no, we can't. [unclear]
That's how we have to do.
2 remainder... [unclear] 3.
Yes, it does.
2. I am [UNCLEAR].
No.
2 remainder 3. What is 3 times 2?
3 times 2 is 6. 6. And then to make 7, how much do we need more?
1.
No.
18 divided by 8.
2 remainder [UNCLEAR].
6, because we need the path length of 6 meters. We have to divide 40 by 6 and to see how many remainders are there, how many meters will be remained. Okay, so let's do. How many 6s are there for 40? [unclear]
6 remainder.
No, it's— oh yeah, it's 6 remainder—
Can you read the question?
Um, divide 18 divided by 4.
4.
Oh, you're the guest speaker too, what? 4 remainder 2. Okay, now which means we can take 4 cars. Okay, we can take 4 cars and there will be 2 children left over. So what do we have to do for that too? Can we keep them here in school and take all the other children? [unclear]
No.
Yes, sir. Car. So then how many cars altogether we need?
[unclear]
It takes 5 minutes to make a pom-pom. How many pom-poms can be made in 30 minutes. So it's 7 times that— [unclear] 7 times 30, or is it 7, or is it 30 divided by 7?
Finally, my revenge. [unclear]
4 remainder.
2.
Again, 2.
4.
Tara is thinking of a 2-digit number. When it's divided by 5, the remainder is 2. When it's divided by 8, the remainder is 1. What could the number be? [unclear]
We have to find out what she's thinking of.
But when it is divided by 5, the remainder is 2. When it is divided by 8, the remainder is 1. So how can we start this question, Callahan? [unclear] How can you start this?
We have to divide by 5. We have to divide— think about the number that she's thinking, then divide it by 5, and then the remainder has to be 2. So we have to find out what something divided by 5 is 2.
Yes.
How do I know?
One. All right, so let's see. Shall we first list the multiples of 5 and 8? So let's first list the multiples of 5 here and list the multiples of 8 here.
I'll put 5.
Oh.
10, 15, 20, 25...
Oh, yes. 5... [unclear] 15, 20, 25, 30.
[unclear]
32.
2. What is
Did you write 7?
Alright, it's fine, I'll count you. And 10 2, what is the answer? 12.
okay, shall we write 12 here?
Mm-hmm.
17.
I do.
9. 9.
17.
2.
1.
17.
[unclear] 2.
252 plus 08. So the answer is 3.
9.
5.
The answer is 1, 2, 9,
I have something to tell you.
I can't go on next week because I'm going on vacation.
Okay.
Bye.","Hi.
Hi.
I'm good.
Alright, so are you ready for this session?
Alright, so we'll start solving real-life problems with remainders, okay?
So let's see what they have to do today. [unclear] Okay, so here we have given 100 grid, 100 square. All right, now shall we try this question B? Shall we try Part B? [unclear]
Yes, multiples of 6. Okay, what you have to do is you have to circle or highlight or whatever you can do in the grid. Okay.
Or else you can write them here.
18.
Yes. [unclear]
We have to just keep counting from 6 by 6. We are in 18. Let's count 6. 1, 2, 3, 4, 5, 6. Yes, 24. Very well done.
36. All right, Callahan. So that's fine. So I see that you're very good at 6 times 5. Very well done. Okay, now let's see multiples of 7. [unclear]
Okay. [unclear] [unclear]
21, 28.
Because you can be in first person. I made it like that. Nice game.
Exactly. All right, very well done, Callahan. So you did an amazing job.
Good looking out with the 7 times table. [unclear]
Mm-hmm. 8, 16, 24. [unclear]
Can you check here, Callahan? 24?
240.
48. All right, so awesome working out once again, Callahan. Okay, so what do you notice about the, uh, like the multiples of 4, 6?
And 8.
What do you notice about those multiples?
Yes, very well done. [unclear] So 24 is in all of them. Can you tell me, are they all even or odd?
Yes, very well done. All the multiples of 4 6 and 8 are even. And can you tell me, Callahan, if we look at the multiples of 4 and 8, what do you notice about the multiples of 4 and 8? [unclear]
Yes. So if we look carefully, Callahan, you can see all the multiples of 8 are in the 4 times table. I mean, all the multiples of 8 are also the multiples of 4. If you see here, 8, 16, 24, and then we know 32— uh, sorry, 32— [unclear] once again. So, and 36— sorry, uh, 40, 48, 56. We can see all of them in 4 times table. Okay, so the multiples of 8 are also the multiples of 4. All right.
So, we're taking out throughout the slide, Callahan. Let's start our next slide. Can you read this part?
[unclear]
Is it 4?
Hmm, let me check once again. Here we have 1, 2, 3, 4, 5, 6. If we divide 32 by 5, what is the answer?
6. We can divide it into 6 equal groups. And how many remainders are there?
How many remainders are there? Count it. [unclear]
Hello? Hello? Okay, so if we divide 32 into 5 equal groups, what is the answer? How many groups? How many equal groups will we be having?
32 divided by 5. How many 5s are there for 32?
6, you know, because 5 times 6 is 30. And how many remainders are there? [unclear]
2. Very well done. You have 6 remainder 2.
Okay, so good working out, Callahan.
So here we call this is the divider and this is the divisor. So in this kind of cases, Callahan, if the divider is not a multiple of the divisor— just assume we have 5 here, okay? We know 32 is not a multiple of 5, but 30 is a multiple of 5. So in that, in such cases, if the divisor— sorry, if the divider is not a multiple of divisor then there will be remainders. So let's try these questions in the same manner. Okay, shall we start the Part B?
Yes, 13 divided by 4. How many 4s go for 13? [unclear]
Yes, very well done, because 4 times 3 is 12, and then we have 1 remainder for 13.
Okay, so wasn't working out in the Part B. Let's go to the Part C. [unclear] 8 remainder 8.
8 remainder 8. [unclear] 83. All right.
8 remainder 3. Very well done, Callahan. Awesome looking out once again throughout the slide. Okay, so good job. So let's go to our next slide. I'm sorry.
Alright, so here I'll be doing the follow-me part and then you can start your turn part. Okay, when solving word problems, we need to make sense of the remainder. So let's see what does it say. Okay, 4 children can fit in a tent. Okay, so there are some tents. So in one tent, 4 children can be fitting. Okay, how many tents are needed for 30 children? Alright, now I have to check how many 4s are there for 30. I know 30 is not a multiple of 4, but I know 4 times 7 is [unclear] 28. So 30 divided by 4, it's 7, and 7 times 4 is 28, and I have 2 remainders. Okay, so
Yes.
Okay, then shall we start your turn?
So he has 34 biscuits.
Yes, you'll need 5 plates. And how many remainders? Yes, 34 divided by 6 equals 5. [unclear]
Remainder.
Um, 4.
Okay, so then how many plates will they need, Jasmani?
Yes, very well done. It's 5. So why is it 5? Cannot it be 6?
Very well done. Yes, amazing. That's really good that you noticed that because
Here he wants to put them onto plates of 6. Okay, but here we only have 4 biscuits remaining, so therefore we won't be needing another plate because we only have to put them in the plates of 6. Okay, so very well done. Let's go to our next slide. All right, now here we have [unclear] part. All right, let's start from part A.
Yes. Which of the division calculations have a remainder of 2? 7 divided by 7. I mean, 17 divided by 7, 12 divided by 5, 32 divided by 6, 7 divided by 3, 11 divided by 4.
Okay, so let's see. All right, which of these division calculations have a remainder of 2? All right, as you can see and check which one has the remainder of 2.
17 divided by 7 wouldn't be it. [unclear] 17 divided by 7, how many 7s are there for 17?
You can just do count on 7 times table and see what is the closest number. 7. What's next?
14. Alright, so how many 7s are there for 17 there? 7 times 2 is 14. So 2 sevens are go for 17. And how many remainders are there?
7 times 2 is 14, right? So how many remainders are there? Here we have 17, but—
Hmm?
Okay, how many remainders are there, Callahan? 17 divided by 7, how many 7s are there for 17? [unclear]
Okay, so let me ask you another question. How many 5s are there for 10?
2. How many 5s are there for 11?
Hmm? How many 5s...
How many 5s are there for 11? Still it's 2 and remainder 1. Because 5 times 2 is 10, but our number is 11, so we have 1 remainder. Okay, now here, how many 7s are there for 17?
You can count on 2. Very well done. And how many remainders?
Is it one? Seven— what is 7 times 2?
What is 7 times 2, Callahan?
Okay, so what is the difference between 14 and 17?
What is the difference between 14 and 17? Can you take away 14 from 17 and tell me the answer? [unclear]
Just subtract 14 from 17. What is the answer? 14 take away 17, what is the answer?
Is it 5? Can you count from 14 to 17? Like 15... What is the answer, Callahan? [unclear]
3. So we have 3 remainders. Okay? So we think this 2 remainder 3 because 7 times 2 is 14, but to make 17, we have 3 more. So this is here, 2 remainder 3. So this will have the answer because we need the remainder of 2. Okay, so let's see this one. Can you work out on 12 divided by 5?
12 divided by 5.
How many 5s are there for 12, Callahan?
2. Very well done.
2 remainder 2. Very well done. So then we can take this as the answer because 12 divided by 5 is equal to remainder 2 because 5 times 2 is 10. And to make 12, we have 2 remainders, 2 more remainders. Okay, so let's go to the next one. [unclear]
So 12 divided by 5. [unclear]
Yes? 12 divided by 5 is answer. So you can circle this one or whatever you like.
All right, well done. Let's check next one.
If we have 40 measures of bundling of the school kit, what's the length of the bundling will be over the length of 6 meters?
How many 6s are there for 32?
How many 6s are there for 32?
Yes, for 30, how many 6s are there?
5, very well done. And how many remainders?
Yes, amazing. 5 remainder 2. So can we take this as answer?
Yes, because we need to find the remainders of 2. Very well done.
7 divided by 3. Okay, how many 3s are there for 7?
Hmm, all right. Um, can you work out on 3 times table? Until you meet 7 somewhere.
2. And 2 remainder 1. Very well done, Callahan. Okay, so let's go to next one. [unclear]
So just circle it. It is 2 remainder 1. 7 remainder 1. So can we take this as answer?
We can't because we need the remainders of 2. Okay, all right, let's see next one. 11 divided by 4.
2 remainder
Is it 2? Yes, very well done, it's 2.
Very well done, because 4 times 2 is 8, and to make 11 we need 3 more. So it's 2 remainder 3. Very well done. But can we take this as answer, Callahan? Let's see our question once again. Which one of these division calculations have a remainder of 3? 2. So is this has a remainder of 2?
How many remainders are there, Callahan?
3. So can we take this?
No. And how many remainders were there? How many remainders were there? [unclear] 3. Yeah, we had 3 remainders. Yes. What is 3 times— how many 3s are there for 7, Callahan?
1. So can we take this as answer?
No, because we have to find the remainders of 2. All right, so let's see the last one. [unclear]
18 divided by 8.
2 remainder 2. Very well done, Callahan, because we know 8 times 2 is 16, and to make 18, we need 2 more. All right, so good working out of the very first question. So let's go to Part B now.
Can you read the question? [unclear] If we have 40 meters of bundling in school fair, what's the length of the building— cut the length of trophies?
All right, we have 40 meters of binding for the school fair. What length of binding will be left over if I cut it into lengths of 6 meters? Now what do we have to do here? We need to divide. Yes, divide. Very well done. You have to divide 40 by what?
40 by 6.
Yes, you can work out on 6 times table until you meet 40 somewhere.
Yes, very well done. 6 remainder. [unclear]
Okay, but is it times 6?
Yes, 6 remainder 4. Very well done. So there will be 4 meters left over. Okay, so let's write our answer here. [unclear]
He does. Alright, so good job, Callahan. So let's go to Part 3.
What did he say? [unclear]
Very well done, 18 divided by 4. All right, then what is the answer? [unclear]
Remainder.
No, then we will be needing another car.
We need 4 cars— 5. Very well done. Because we need 4 cars to take 16 children, and to take the remainder 2, we need another 1 car. So there we'll be needing 5 cars altogether. Very well done, Callahan. Good job. Okay, so let's go to the last question of this slide. I want to expose you in front of the entire school for everything you ever say, which means I'm telling Mr. [UNCLEAR], Miss Clark. I am exposing everything about you, and then all the boys will back me up. You're getting exposed and expelled.
30 divided by 7. Very well done.
Make it up.
Yes, 4 remainder.
2. Very well done. So then how many complete pom-poms we can make?
2. Is it 2?
4. Yes, we can make 4 complete pom-poms. And the other 2 will be remaining. All right, so very well done, Callahan. Good job throughout the [unclear] slide. So then let's go to the last slide of this lesson. Okay, all right, can you read the question and try?
Alright, now what do we have to do?
Yes, so Tara is thinking of a 2-digit number, right? There's a number, we don't know that number.
All right, so something divided by 5, uh, and the remainder should be 2. [unclear] And the remainder should be
One.
Alright. Okay, so can you tell me, Callahan, what must the 2-digit number end in and how do you know?
I mean, there's a 2-digit number, okay? What should be the ending number of this 2-digit number? [unclear]
Okay, so let's list the multiples of 5 here and list the multiples of 8 this side.
So let's start from 5, 10...
Shall we list down, Callahan?
Okay, so that would be enough. Okay, so let's list the multiples of 8 here. 8, 16.
Is it 33?
32. Very well done. Alright, that's enough, Callahan. That's fine. Okay, now let's see what we have to do now. If we look at the first part, when it is divided by 5, the remainder is 2. Okay, so what we have to do is now these are the multiples of 5. These are divided— we can divide these numbers by 5 without any remainders. Okay, but here the remainder should be 2, which means we have to add 2 to these each of number. So let's see, can you add 2 to 5? [unclear]
What is the answer if you add 2 to 5? 5 2, what is the answer? 5
the answer? Shall we [unclear] write 7 here in front of 5? [unclear]
I'm done.
Yeah.
12,
Did you write, Callahan?
Alright. 15 at 2, what is the answer? 15 at 2, what is the answer, Callahan? [unclear]
17. Shall we write 17 here? 8, 7, 7, 12, and 17. Alright.
Ahh... okay! Oh— alright, that's fine [UNCLEAR]. Alright? 5 here, it's 5, 10, 15, 20 so that's enough. So then here, it's uh, 7, 6, 4, 2, 1.
Sorry. 7, 12, 17, 20, 22. Because we know 7 divided by 5, it's 1 remainder 2. If you divide 12 by 5, it will be 2 remainder 2. If you divide 17 by 5, it will be 3 remainder 2, because we know 5 times 3 is 15, and to make 17 we need 2 more. Okay, so like that. Now we completed this part. When you divide it by 5, the remainder is 2. So our number can be anyone from these numbers. Okay, do you understand this part?
Okay, now let's go to here. What does it say? When it is divided by 8, the remainder is 1. Now what we have to do is we have to add 1 to each of these numbers and write the answer in front, just like we did here. Now, 8 1, what is the answer? Uh,
So let's write 9 here. And 16 1, what is the answer? 17. 24 1, what is the answer? 32. All right, [unclear] that's enough, Callahan. That's fine. All right, now can you see, is there any common number from in this list and this list?
17. Now let's see, is the 17 satisfy both these rules? Okay, when it is divided by 5, the remainder is 2. So what is the answer when we divide— how many remainders are there when we divide 17 by 5? [unclear]
2, because 5 times 3 is 17. There will be 3 remainder 2 because 5 times 3 is 15, and to make 17 we need 2 more. So here it's 3 remainder 2. And 17 divided by 8, how many remainders are there?
1, because 8 times 2 is 16. To make 17 we need 1 more. So then what is that number?
17, the number. The kid I was thinking is maybe can be 17. Very well done. All right, so when you got this kind of a question, [UNCLEAR], so let's try to work inverse. First you have to list the multiples and you have to add whether— but if we— what do we have to do if the question was like this, but the remainder is
Not 2, 3. Then what do we have to do? Here, how much do we have to add to 5?
Is it 2? It says when it is divided by 5, the remainder is 3. Okay, then how much do we need to add? 3. Yes, very well done. Then we have to add 3. Okay, so good job once again, Callahan. Throughout the slide. Okay, so then let's move to our next lesson. Okay, choosing a mental or written method. Okay, so let's see, when we are doing some calculation, we have to choose between whether we are going to do a mental method or the written method. Okay, now can you read this, uh, learning goal question and give it a try, Callahan? [unclear]
Yes. Use either mental method or choosing the method or the method of the written method to solve this calculation. Okay, so what are you going to do? Are you going to use a mental method or written method? [unclear]
All right, so you're going to use written method. Okay, can you write down? So this one is the answer for 252 143. [unclear]
So how are they going to do this calculation, Callahan?
Mm-hmm.
Mm-hmm.
5. Very well done. All right, those are working out [UNCLEAR]. Okay, shall we move to our next question? Sorry? So how are you going to use counting on to do this? [unclear]
Alright, the answer is [UNCLEAR]. Alright, anyways, awesome effort throughout the question, Callahan. So today you did a good job, but since we don't have much time, we have to wind up the session. So let's meet on next term, right? Goodbye.
Yes?
Yes, because I know. So let's meet on next term when the schools are started, okay?
Yes, so enjoy your vacation. Goodbye.","[TUTOR] Hi.
[BACKGROUND] [unclear]
[STUDENT] Hi, Tutor.
[TUTOR] Hi.
[BACKGROUND] Hello, how are you today?
[TUTOR] I'm good.
[BACKGROUND] Good.
[TUTOR] Alright, so are you ready for this session?
[STUDENT] Yeah.
[TUTOR] Alright, so we'll start solving real-life problems with remainders, okay?
[TUTOR] So let's see what they have to do today. [unclear] Okay, so here we have given 100 grid, 100 square. All right, now shall we try this question B? Shall we try Part B? [unclear]
[TUTOR] Yes, multiples of 6. Okay, what you have to do is you have to circle or highlight or whatever you can do in the grid. Okay.
[STUDENT] Yeah....multiplication of 6 is...
[TUTOR] Or else you can write them here.
[STUDENT] Yeah, yes.
[BACKGROUND] What is it about? [unclear]
[BACKGROUND] I want to escape with a keycard.
[TUTOR] 18.
[STUDENT] Very well done.
[TUTOR] Yes. [unclear]
[STUDENT] So 18, what do we have?
[TUTOR] We have to just keep counting from 6 by 6. We are in 18. Let's count 6. 1, 2, 3, 4, 5, 6. Yes, 24. Very well done.
[STUDENT] 30. [unclear] 36.
[TUTOR] 36. All right, Callahan. So that's fine. So I see that you're very good at 6 times 5. Very well done. Okay, now let's see multiples of 7. [unclear]
[TUTOR] Okay. [unclear] [unclear]
[TUTOR] 21, 28.
[STUDENT] Why am I in first person when I [UNCLEAR]?
[TUTOR] Because you can be in first person. I made it like that. Nice game.
[BACKGROUND] Good luck to your—
[TUTOR] Exactly. All right, very well done, Callahan. So you did an amazing job.
[TUTOR] Good looking out with the 7 times table. [unclear]
[TUTOR] Mm-hmm. 8, 16, 24. [unclear]
[TUTOR] Can you check here, Callahan? 24?
[STUDENT] Yes, very well done. [unclear]
[TUTOR] 240.
[STUDENT] 240.
[TUTOR] 48. All right, so awesome working out once again, Callahan. Okay, so what do you notice about the, uh, like the multiples of 4, 6?
[TUTOR] And 8.
[BACKGROUND] Yeah.
[TUTOR] What do you notice about those multiples?
[BACKGROUND] 24 is in all of them.
[TUTOR] Yes, very well done. [unclear] So 24 is in all of them. Can you tell me, are they all even or odd?
[BACKGROUND] Even.
[TUTOR] Yes, very well done. All the multiples of 4 6 and 8 are even. And can you tell me, Callahan, if we look at the multiples of 4 and 8, what do you notice about the multiples of 4 and 8? [unclear]
[STUDENT] 16.
[TUTOR] Yes. So if we look carefully, Callahan, you can see all the multiples of 8 are in the 4 times table. I mean, all the multiples of 8 are also the multiples of 4. If you see here, 8, 16, 24, and then we know 32— uh, sorry, 32— [unclear] once again. So, and 36— sorry, uh, 40, 48, 56. We can see all of them in 4 times table. Okay, so the multiples of 8 are also the multiples of 4. All right.
[TUTOR] So, we're taking out throughout the slide, Callahan. Let's start our next slide. Can you read this part?
[STUDENT] remains the [unclear] when there is something left over.
[BACKGROUND] The remainder arises when there is something left over in a division calculation. So if we do a division calculation and if there are any leftovers, we call them as remainders. So if you look at this grid, there are 32 counters, okay?
[TUTOR] [unclear]
[STUDENT] And the 32 counters are divided into 5 parts, okay? The groups of 5. The 32 counters we have here altogether with these 2 And these two, all these 32 counters are divided into groups of 5. Here we have 5, here we have 5, 5, 5 once again. So if we divide into 5 groups, how many groups will we have?
[STUDENT] 4.
[TUTOR] Is it 4?
[STUDENT] 5.
[TUTOR] Hmm, let me check once again. Here we have 1, 2, 3, 4, 5, 6. If we divide 32 by 5, what is the answer?
[STUDENT] [unclear]
[TUTOR] 6. We can divide it into 6 equal groups. And how many remainders are there?
[STUDENT] [unclear]
[TUTOR] How many remainders are there? Count it. [unclear]
[TUTOR] Hello? Hello? Okay, so if we divide 32 into 5 equal groups, what is the answer? How many groups? How many equal groups will we be having?
[STUDENT] I got 31.
[TUTOR] 32 divided by 5. How many 5s are there for 32?
[STUDENT] 6.
[TUTOR] 6, you know, because 5 times 6 is 30. And how many remainders are there? [unclear]
[STUDENT] 2.
[TUTOR] 2. Very well done. You have 6 remainder 2.
[STUDENT] doing.
[TUTOR] Okay, so good working out, Callahan.
[STUDENT] [unclear]
[TUTOR] So here we call this is the divider and this is the divisor. So in this kind of cases, Callahan, if the divider is not a multiple of the divisor— just assume we have 5 here, okay? We know 32 is not a multiple of 5, but 30 is a multiple of 5. So in that, in such cases, if the divisor— sorry, if the divider is not a multiple of divisor then there will be remainders. So let's try these questions in the same manner. Okay, shall we start the Part B?
[STUDENT] Yeah, if we divide 13 by 14, and we get [unclear]
[TUTOR] Yes, 13 divided by 4. How many 4s go for 13? [unclear]
[STUDENT] 3, remainder 1.
[TUTOR] Yes, very well done, because 4 times 3 is 12, and then we have 1 remainder for 13.
[TUTOR] Okay, so wasn't working out in the Part B. Let's go to the Part C. [unclear] 8 remainder 8.
[TUTOR] 8 remainder 8. [unclear] 83. All right.
[STUDENT] Oh, 8 remainder 3.
[TUTOR] 8 remainder 3. Very well done, Callahan. Awesome looking out once again throughout the slide. Okay, so good job. So let's go to our next slide. I'm sorry.
[TUTOR] Alright, so here I'll be doing the follow-me part and then you can start your turn part. Okay, when solving word problems, we need to make sense of the remainder. So let's see what does it say. Okay, 4 children can fit in a tent. Okay, so there are some tents. So in one tent, 4 children can be fitting. Okay, how many tents are needed for 30 children? Alright, now I have to check how many 4s are there for 30. I know 30 is not a multiple of 4, but I know 4 times 7 is [unclear] 28. So 30 divided by 4, it's 7, and 7 times 4 is 28, and I have 2 remainders. Okay, so
[STUDENT] Then let's see, what does it say? We cannot leave the answer like this as it does not answer the question. Yes.
[STUDENT] Now there are 2 remainders, 2 children are remaining, but we cannot keep these 2 children outside. Okay.
[STUDENT] Because they also need a tent. So we have to put a tent.
[STUDENT] Or else we have to give a tent for these 2 as well. So then they are there. So therefore I will be needing one more tent. Right? To put these two. So then if I get this as a number, I'll be needing 8 tens, which means here 1, 2, 3, 4, 5, 6, 7. For 28, I can take 7 tens, and for the remaining 2, I have to get another tenth. So there will be 8 tens will be needed. All right, so is this explanation clear to you, Callahan?
[STUDENT] [unclear]
[TUTOR] Yes.
[TUTOR] Okay, then shall we start your turn?
[STUDENT] Yes. Ben Hat is having a party. He has 34 biscuits and wants to put them into a plate of 6. How does he— how many full plates of 6 can he make? [unclear]
[TUTOR] So he has 34 biscuits.
[TUTOR] Yes, you'll need 5 plates. And how many remainders? Yes, 34 divided by 6 equals 5. [unclear]
[STUDENT] Mm-hmm.
[TUTOR] Remainder.
[STUDENT] Mm-hmm.
[TUTOR] Um, 4.
[STUDENT] 4. [unclear]
[TUTOR] Okay, so then how many plates will they need, Jasmani?
[STUDENT] 5.
[TUTOR] Yes, very well done. It's 5. So why is it 5? Cannot it be 6?
[STUDENT] It's because the last one is not a full plate. It has 4.
[TUTOR] Very well done. Yes, amazing. That's really good that you noticed that because
[TUTOR] Here he wants to put them onto plates of 6. Okay, but here we only have 4 biscuits remaining, so therefore we won't be needing another plate because we only have to put them in the plates of 6. Okay, so very well done. Let's go to our next slide. All right, now here we have [unclear] part. All right, let's start from part A.
[TUTOR] Yes. Which of the division calculations have a remainder of 2? 7 divided by 7. I mean, 17 divided by 7, 12 divided by 5, 32 divided by 6, 7 divided by 3, 11 divided by 4.
[STUDENT] And 8 divided by— 18 divided by 8. [unclear]
[STUDENT] And then I'm gonna calculate each and find out.
[TUTOR] Okay, so let's see. All right, which of these division calculations have a remainder of 2? All right, as you can see and check which one has the remainder of 2.
[TUTOR] 17 divided by 7 wouldn't be it. [unclear] 17 divided by 7, how many 7s are there for 17?
[TUTOR] You can just do count on 7 times table and see what is the closest number. 7. What's next?
[STUDENT] [unclear]
[TUTOR] 14. Alright, so how many 7s are there for 17 there? 7 times 2 is 14. So 2 sevens are go for 17. And how many remainders are there?
[STUDENT] The remainder is [UNCLEAR].
[TUTOR] 7 times 2 is 14, right? So how many remainders are there? Here we have 17, but—
[STUDENT] 14.
[TUTOR] Hmm?
[STUDENT] 14.
[TUTOR] Okay, how many remainders are there, Callahan? 17 divided by 7, how many 7s are there for 17? [unclear]
[STUDENT] How many [unclear] are there for 14? How many 7s are there for 17?
[STUDENT] There are...
[TUTOR] Okay, so let me ask you another question. How many 5s are there for 10?
[STUDENT] How many 5s are there for 10? [unclear]
[TUTOR] 2. How many 5s are there for 11?
[STUDENT] 6.
[TUTOR] Hmm? How many 5s...
[TUTOR] How many 5s are there for 11? Still it's 2 and remainder 1. Because 5 times 2 is 10, but our number is 11, so we have 1 remainder. Okay, now here, how many 7s are there for 17?
[STUDENT] [unclear]
[TUTOR] You can count on 2. Very well done. And how many remainders?
[STUDENT] One.
[TUTOR] Is it one? Seven— what is 7 times 2?
[STUDENT] Two.
[TUTOR] What is 7 times 2, Callahan?
[STUDENT] 7 times 2 is [UNCLEAR].
[TUTOR] Okay, so what is the difference between 14 and 17?
[STUDENT] One is bigger.
[TUTOR] What is the difference between 14 and 17? Can you take away 14 from 17 and tell me the answer? [unclear]
[TUTOR] Just subtract 14 from 17. What is the answer? 14 take away 17, what is the answer?
[STUDENT] 5.
[TUTOR] Is it 5? Can you count from 14 to 17? Like 15... What is the answer, Callahan? [unclear]
[STUDENT] 3.
[TUTOR] 3. So we have 3 remainders. Okay? So we think this 2 remainder 3 because 7 times 2 is 14, but to make 17, we have 3 more. So this is here, 2 remainder 3. So this will have the answer because we need the remainder of 2. Okay, so let's see this one. Can you work out on 12 divided by 5?
[STUDENT] 6. [unclear]
[STUDENT] 7.
[TUTOR] 12 divided by 5.
[TUTOR] How many 5s are there for 12, Callahan?
[STUDENT] [unclear] 2.
[TUTOR] 2. Very well done.
[BACKGROUND] 2 remainder 2.
[TUTOR] 2 remainder 2. Very well done. So then we can take this as the answer because 12 divided by 5 is equal to remainder 2 because 5 times 2 is 10. And to make 12, we have 2 remainders, 2 more remainders. Okay, so let's go to the next one. [unclear]
[TUTOR] So 12 divided by 5. [unclear]
[STUDENT] Hello?
[TUTOR] Yes? 12 divided by 5 is answer. So you can circle this one or whatever you like.
[STUDENT] Let me just circle it. [unclear] I circled it.
[TUTOR] All right, well done. Let's check next one.
[STUDENT] 32... Oh. [unclear]
[TUTOR] If we have 40 measures of bundling of the school kit, what's the length of the bundling will be over the length of 6 meters?
[BACKGROUND] Mason, what color is closest to red?
[STUDENT] Here. Is this the one?
[BACKGROUND] Exactly.
[STUDENT] So let's see the other ones as well. 32 divided by 6, what is the answer? 32 divided by 6 is— [unclear]
[TUTOR] How many 6s are there for 32?
[STUDENT] 6.
[TUTOR] How many 6s are there for 32?
[TUTOR] Yes, for 30, how many 6s are there?
[STUDENT] 5.
[TUTOR] 5, very well done. And how many remainders?
[STUDENT] Remainder 2.
[TUTOR] Yes, amazing. 5 remainder 2. So can we take this as answer?
[STUDENT] Yes.
[TUTOR] Yes, because we need to find the remainders of 2. Very well done.
[STUDENT] 7 divided by 3.
[TUTOR] 7 divided by 3. Okay, how many 3s are there for 7?
[STUDENT] Um, how many 3s are there for 7? 0.
[TUTOR] Hmm, all right. Um, can you work out on 3 times table? Until you meet 7 somewhere.
[STUDENT] 2.
[TUTOR] 2. And 2 remainder 1. Very well done, Callahan. Okay, so let's go to next one. [unclear]
[TUTOR] So just circle it. It is 2 remainder 1. 7 remainder 1. So can we take this as answer?
[STUDENT] Yes. Oh no, we can't. [unclear]
[TUTOR] We can't because we need the remainders of 2. Okay, all right, let's see next one. 11 divided by 4.
[STUDENT] That's how we have to do.
[TUTOR] 2 remainder
[TUTOR] Is it 2? Yes, very well done, it's 2.
[STUDENT] 2 remainder... [unclear] 3.
[TUTOR] Very well done, because 4 times 2 is 8, and to make 11 we need 3 more. So it's 2 remainder 3. Very well done. But can we take this as answer, Callahan? Let's see our question once again. Which one of these division calculations have a remainder of 3? 2. So is this has a remainder of 2?
[STUDENT] Yes, it does.
[TUTOR] How many remainders are there, Callahan?
[STUDENT] 2. I am [UNCLEAR].
[TUTOR] 3. So can we take this?
[STUDENT] No.
[TUTOR] No. And how many remainders were there? How many remainders were there? [unclear] 3. Yeah, we had 3 remainders. Yes. What is 3 times— how many 3s are there for 7, Callahan?
[STUDENT] 2 remainder 3. What is 3 times 2?
[STUDENT] 3 times 2 is 6. 6. And then to make 7, how much do we need more?
[STUDENT] 1.
[TUTOR] 1. So can we take this as answer?
[STUDENT] No.
[TUTOR] No, because we have to find the remainders of 2. All right, so let's see the last one. [unclear]
[STUDENT] 18 divided by 8.
[TUTOR] 18 divided by 8.
[STUDENT] 2 remainder [UNCLEAR].
[TUTOR] 2 remainder 2. Very well done, Callahan, because we know 8 times 2 is 16, and to make 18, we need 2 more. All right, so good working out of the very first question. So let's go to Part B now.
[TUTOR] Can you read the question? [unclear] If we have 40 meters of bundling in school fair, what's the length of the building— cut the length of trophies?
[TUTOR] All right, we have 40 meters of binding for the school fair. What length of binding will be left over if I cut it into lengths of 6 meters? Now what do we have to do here? We need to divide. Yes, divide. Very well done. You have to divide 40 by what?
[TUTOR] 40 by 6.
[STUDENT] 6, because we need the path length of 6 meters. We have to divide 40 by 6 and to see how many remainders are there, how many meters will be remained. Okay, so let's do. How many 6s are there for 40? [unclear]
[TUTOR] Yes, you can work out on 6 times table until you meet 40 somewhere.
[STUDENT] 6 remainder.
[TUTOR] Yes, very well done. 6 remainder. [unclear]
[TUTOR] Okay, but is it times 6?
[STUDENT] No, it's— oh yeah, it's 6 remainder—
[TUTOR] Yes, 6 remainder 4. Very well done. So there will be 4 meters left over. Okay, so let's write our answer here. [unclear]
[TUTOR] He does. Alright, so good job, Callahan. So let's go to Part 3.
[TUTOR] What did he say? [unclear]
[STUDENT] Can you read the question?
[BACKGROUND] There are 18 children to take to school football, to the school's football match. Each car takes 4 children. How many cars are needed? Okay, so each car takes 4 children and there are 18 children. Okay, so what do we have to do first?
[STUDENT] Um, divide 18 divided by 4.
[TUTOR] Very well done, 18 divided by 4. All right, then what is the answer? [unclear]
[STUDENT] 4.
[TUTOR] Remainder.
[STUDENT] Oh, you're the guest speaker too, what? 4 remainder 2. Okay, now which means we can take 4 cars. Okay, we can take 4 cars and there will be 2 children left over. So what do we have to do for that too? Can we keep them here in school and take all the other children? [unclear]
[STUDENT] No.
[TUTOR] No, then we will be needing another car.
[STUDENT] Yes, sir. Car. So then how many cars altogether we need?
[STUDENT] [unclear]
[TUTOR] We need 4 cars— 5. Very well done. Because we need 4 cars to take 16 children, and to take the remainder 2, we need another 1 car. So there we'll be needing 5 cars altogether. Very well done, Callahan. Good job. Okay, so let's go to the last question of this slide. I want to expose you in front of the entire school for everything you ever say, which means I'm telling Mr. [UNCLEAR], Miss Clark. I am exposing everything about you, and then all the boys will back me up. You're getting exposed and expelled.
[STUDENT] It takes 5 minutes to make a pom-pom. How many pom-poms can be made in 30 minutes. So it's 7 times that— [unclear] 7 times 30, or is it 7, or is it 30 divided by 7?
[TUTOR] 30 divided by 7. Very well done.
[STUDENT] Finally, my revenge. [unclear]
[TUTOR] Make it up.
[STUDENT] 4 remainder.
[TUTOR] Yes, 4 remainder.
[STUDENT] 2.
[TUTOR] 2. Very well done. So then how many complete pom-poms we can make?
[STUDENT] Again, 2.
[TUTOR] 2. Is it 2?
[STUDENT] 4.
[TUTOR] 4. Yes, we can make 4 complete pom-poms. And the other 2 will be remaining. All right, so very well done, Callahan. Good job throughout the [unclear] slide. So then let's go to the last slide of this lesson. Okay, all right, can you read the question and try?
[STUDENT] Tara is thinking of a 2-digit number. When it's divided by 5, the remainder is 2. When it's divided by 8, the remainder is 1. What could the number be? [unclear]
[TUTOR] Alright, now what do we have to do?
[STUDENT] We have to find out what she's thinking of.
[TUTOR] Yes, so Tara is thinking of a 2-digit number, right? There's a number, we don't know that number.
[STUDENT] But when it is divided by 5, the remainder is 2. When it is divided by 8, the remainder is 1. So how can we start this question, Callahan? [unclear] How can you start this?
[STUDENT] We have to divide by 5. We have to divide— think about the number that she's thinking, then divide it by 5, and then the remainder has to be 2. So we have to find out what something divided by 5 is 2.
[TUTOR] All right, so something divided by 5, uh, and the remainder should be 2. [unclear] And the remainder should be
[TUTOR] One.
[STUDENT] Yes.
[TUTOR] Alright. Okay, so can you tell me, Callahan, what must the 2-digit number end in and how do you know?
[STUDENT] How do I know?
[TUTOR] I mean, there's a 2-digit number, okay? What should be the ending number of this 2-digit number? [unclear]
[STUDENT] One. All right, so let's see. Shall we first list the multiples of 5 and 8? So let's first list the multiples of 5 here and list the multiples of 8 here.
[STUDENT] I'll put 5.
[TUTOR] Okay, so let's list the multiples of 5 here and list the multiples of 8 this side.
[STUDENT] Oh.
[TUTOR] So let's start from 5, 10...
[STUDENT] 10, 15, 20, 25...
[TUTOR] Shall we list down, Callahan?
[STUDENT] Oh, yes. 5... [unclear] 15, 20, 25, 30.
[TUTOR] Okay, so that would be enough. Okay, so let's list the multiples of 8 here. 8, 16.
[STUDENT] [unclear]
[TUTOR] Is it 33?
[STUDENT] 32.
[TUTOR] 32. Very well done. Alright, that's enough, Callahan. That's fine. Okay, now let's see what we have to do now. If we look at the first part, when it is divided by 5, the remainder is 2. Okay, so what we have to do is now these are the multiples of 5. These are divided— we can divide these numbers by 5 without any remainders. Okay, but here the remainder should be 2, which means we have to add 2 to these each of number. So let's see, can you add 2 to 5? [unclear]
[TUTOR] What is the answer if you add 2 to 5? 5 2, what is the answer? 5
[STUDENT] 2. What is
[TUTOR] the answer? Shall we [unclear] write 7 here in front of 5? [unclear]
[TUTOR] I'm done.
[STUDENT] Did you write 7?
[TUTOR] Yeah.
[STUDENT] Alright, it's fine, I'll count you. And 10 2, what is the answer? 12.
[TUTOR] 12,
[STUDENT] okay, shall we write 12 here?
[TUTOR] Did you write, Callahan?
[STUDENT] Mm-hmm.
[TUTOR] Alright. 15 at 2, what is the answer? 15 at 2, what is the answer, Callahan? [unclear]
[STUDENT] 17.
[TUTOR] 17. Shall we write 17 here? 8, 7, 7, 12, and 17. Alright.
[TUTOR] Ahh... okay! Oh— alright, that's fine [UNCLEAR]. Alright? 5 here, it's 5, 10, 15, 20 so that's enough. So then here, it's uh, 7, 6, 4, 2, 1.
[TUTOR] Sorry. 7, 12, 17, 20, 22. Because we know 7 divided by 5, it's 1 remainder 2. If you divide 12 by 5, it will be 2 remainder 2. If you divide 17 by 5, it will be 3 remainder 2, because we know 5 times 3 is 15, and to make 17 we need 2 more. Okay, so like that. Now we completed this part. When you divide it by 5, the remainder is 2. So our number can be anyone from these numbers. Okay, do you understand this part?
[STUDENT] I do.
[TUTOR] Okay, now let's go to here. What does it say? When it is divided by 8, the remainder is 1. Now what we have to do is we have to add 1 to each of these numbers and write the answer in front, just like we did here. Now, 8 1, what is the answer? Uh,
[STUDENT] 9. 9.
[TUTOR] So let's write 9 here. And 16 1, what is the answer? 17. 24 1, what is the answer? 32. All right, [unclear] that's enough, Callahan. That's fine. All right, now can you see, is there any common number from in this list and this list?
[STUDENT] 17.
[TUTOR] 17. Now let's see, is the 17 satisfy both these rules? Okay, when it is divided by 5, the remainder is 2. So what is the answer when we divide— how many remainders are there when we divide 17 by 5? [unclear]
[STUDENT] 2.
[TUTOR] 2, because 5 times 3 is 17. There will be 3 remainder 2 because 5 times 3 is 15, and to make 17 we need 2 more. So here it's 3 remainder 2. And 17 divided by 8, how many remainders are there?
[STUDENT] 1.
[TUTOR] 1, because 8 times 2 is 16. To make 17 we need 1 more. So then what is that number?
[STUDENT] 17.
[TUTOR] 17, the number. The kid I was thinking is maybe can be 17. Very well done. All right, so when you got this kind of a question, [UNCLEAR], so let's try to work inverse. First you have to list the multiples and you have to add whether— but if we— what do we have to do if the question was like this, but the remainder is
[TUTOR] Not 2, 3. Then what do we have to do? Here, how much do we have to add to 5?
[STUDENT] [unclear] 2.
[TUTOR] Is it 2? It says when it is divided by 5, the remainder is 3. Okay, then how much do we need to add? 3. Yes, very well done. Then we have to add 3. Okay, so good job once again, Callahan. Throughout the slide. Okay, so then let's move to our next lesson. Okay, choosing a mental or written method. Okay, so let's see, when we are doing some calculation, we have to choose between whether we are going to do a mental method or the written method. Okay, now can you read this, uh, learning goal question and give it a try, Callahan? [unclear]
[TUTOR] Yes. Use either mental method or choosing the method or the method of the written method to solve this calculation. Okay, so what are you going to do? Are you going to use a mental method or written method? [unclear]
[TUTOR] All right, so you're going to use written method. Okay, can you write down? So this one is the answer for 252 143. [unclear]
[TUTOR] So how are they going to do this calculation, Callahan?
[STUDENT] 252 plus 08. So the answer is 3.
[TUTOR] Mm-hmm.
[STUDENT] 9.
[TUTOR] Mm-hmm.
[STUDENT] 5.
[TUTOR] 5. Very well done. All right, those are working out [UNCLEAR]. Okay, shall we move to our next question? Sorry? So how are you going to use counting on to do this? [unclear]
[STUDENT] The answer is 1, 2, 9,
[TUTOR] Alright, the answer is [UNCLEAR]. Alright, anyways, awesome effort throughout the question, Callahan. So today you did a good job, but since we don't have much time, we have to wind up the session. So let's meet on next term, right? Goodbye.
[STUDENT] I have something to tell you.
[TUTOR] Yes?
[STUDENT] I can't go on next week because I'm going on vacation.
[TUTOR] Yes, because I know. So let's meet on next term when the schools are started, okay?
[STUDENT] Okay.
[TUTOR] Yes, so enjoy your vacation. Goodbye.
[STUDENT] Bye."
kebgpee,Solving real-life problems with bar models.,0.31407696,"Hello.
Good.
Yeah.
Yeah.
Yeah.
[unclear]
Yeah.
Yeah.
[unclear] Therefore, the final answer will be 105. [unclear]
Yeah.
48.
Yeah.
[unclear] Right. Now what I would do is I can actually split 180 once again. This time I'm going to split 180 into 120 and a 60. The reason I split the 180 into 120 is, Kieran, because 120, I am dividing 180 by 12. So if I think about the 12 times table, I know that 12 times 10 is 120.
[unclear] So 120 divided by 12 is 10, and I need to do 60 divided by 12, which is 5. Which means I need 15 pops. [unclear]
Yeah.
12.
12.
9.
Okay.
There are 7 ghost parts. How many will [unclear] together? [unclear]
First I did the addition, but then I realized it was subtraction, and then I just got— then I could go ahead and create that.
Because it gives that one [unclear] 3 times as many grapes, which means that one ate 9 grapes and some ate more, so it was time for them to get out.
4.
28, exactly. Kieran, why is it 28? Why is it a 28 and not a 4? [unclear]
We need to know how many wills there were, and 4 is only one of the [unclear] wills.
96 feet into 4 feet by 10 feet. [UNCLEAR][No speech] [unclear]
Oh, 4,000. [unclear]
Mm-hmm. [unclear]
Absolutely, yes, they're sharing them equally. Equally. So you focused on the keywords and you chose the calculation accordingly. Great job, Kieran. And here comes the last question. We'll give it a good try, shall we? [unclear] [unclear]
Is it one line? 2.2. Okay, can you tell me how you got 2.2, Kieran? [unclear]
2 pound 20 because we [unclear]
50p plus 50p. 50 plus 50 is 100. That'll be £1 and then £1.50 and then £2 and then selling programming reasons, £20. [unclear]
50 minus 20.
50.
[unclear]
[unclear]
50p.
7 5 is 12. Then I knew I
I have to add 1. [unclear]
Times 2.
50p.
Yeah.
[unclear]
That's correct. [unclear] [unclear]
Yes.
Yes.
Bye. [unclear]","Hello. [unclear] Hello, can you hear me, Kieran?
Hello, how are you?
Good, all right. How was your holidays, Kieran? [unclear]
It was good?
Okay, did you enjoy it, Kieran?
Okay, Kieran, can you take your mic a little bit closer to your mouth so that I can hear you? Can you take it a little bit? Your voice is kind of low. Right, can you say something? [unclear] Okay, I can hear you now much better. All right, welcome back, Kieran. Are you ready to start your session today? [unclear] Okay. So here comes the first topic which we were actually learning about during our last session, and that was about solving real-life problems by models, okay? All right. Can you hear me clearly?
Okay, Kieran, I think I kind of lost you again.
Okay, yes, I can hear you now. Okay, so what are bar models, Kieran? [unclear] Like charts, okay.
Yes. [unclear] Yes. It shows the amount and something like charts. Okay, I can see that you—
Given these questions a try. Good effort, Kieran. But we actually did that, and yes, that's 15. But over here, Kieran, since each jar has 35 in it, what we would do is we would actually do 5 times 35. [unclear]
Okay. Right. Okay, Kieran, that's right. So we actually tried out a question during our previous session, which is this. Okay. And now we're starting this particular slide over here. Shall we give it a try? But I will take you through the follow me part, Kieran. Why? Right. So then you can listen to it very carefully and then you can try the [UNCLEAR]. Are you ready? [Speaker:Kieran] Yeah.
Okay. So let's look at the sharing model for division. This is actually the sharing model for division.
Okay, it's sharing. We need to remember that keyword. Now over here, Kieran, what happens is— let's take a look at the story. A farmer picks 525 apples from her field. She puts them equally into 5 crates. Okay, so we're sharing 525 apples. Into 5 crates. How many apples do she put in each crate? That means, Kieran, we have 525 apples. We need to separate it equally, divide it among 5 crates.
So that is what is represented by the bar model.
This all 5 crates stores 525 bar models. I'm sorry, 525 apples. Okay? And the reason why there are only 5 parts, the reason why the bar model has been split into 5 parts is because we have only 5 crates. [unclear]
Right. Now 525 divided by 5, I can do short division. I can use bus stop to work it out. But rather, Kieran, what I am going to do is I'm going to split the 525 into 2 parts, which is 500
And 25.
So 500 divided by— what I would do is first I would do 500 divided by 5 equals 100.
And then I can do 25 divided by 5, which is 5 because my times 5 is 25. So 500 divided by 5 is 100, Kieran. 25 divided by 5 is 5. So 100 plus 5 equals 105.
So it's just another way to divide. Of course, we can use short division, but it's always better to try out some different mental methods before going into the formal short division method, Kieran. Which means each crate will have 105 apples. So 5 105 equals to 525 apples, Kieran. Right? Can you try the part [unclear] now, Kieran? [Speaker:Kieran]... I'm going to do that. Was it clear? Were you able to hear me clearly?
Okay, cool. [unclear] [unclear]
Okay, you can use the box tool.
Okay, very good.
So what's the calculation? [unclear]
That's correct, Kieran. Nicely done. You can actually write it down. Oh, yes, it is. [Speaker:Tutor]...for the calculation and the answer. That's correct, Declan. [unclear]
Right, if you can't find the division set— oh, there we go. Nicely done. So how much does this whole bar model equal to, Kieran?
It equals to 48.
48. Exactly, Kieran. So this is actually the sharing model for division. All right. Was it clear, Kieran?
Now we're going into the grouping model for division. Okay, let's look at the grouping model for division, which I will show you I will actually show you an example over here, and then you can apply that onto the [UNCLEAR]. Okay, Kieran? [Speaker:Kieran] Mm-hmm.
So over here, what do we need to do is a school has 180 crayons. She put 12 crayons in each pot. So we've already
Share it. You already shared it. We don't have to share it anymore. We've already shared it. Now here we didn't have to. We have to share it, but here they've already put it into each pot. And we know that we have 180 crayons, and we know that each pot has 12 crayons. Now we need to see how many pots we need.
Here we already knew how many crates we had and how many apples we had. But we need to find— we had to find how many would go into each. Here we already have how many would go into each pot. Now we need to find how many pots we need. That is actually a grouping calculation, and still we need division. So 180 divided by 12. Okay, Kieran.
Right. Now let's take a look.
Then, your turn, [UNCLEAR], shall we? [Speaker:Kieran]...and 6/10 in each tank. Each tank holds 9/5. [unclear]
Very good. So how many fish tanks do we need?
Very good. Which means into how many parts will we divide the bar model into, Kieran?
Very good. And how many— how much would go into each box?
Wonderful, Kieran. Nicely explained. So did you see the difference between the sharing model for the vision and the for [unclear] the picture reading. Yeah.
Now let's give this UDO question a try.
One of the things we're discovering now is that many of the websites for parents
Very good, Kieran. [unclear]
Good job. So why did you decide to multiply, Kieran?
Absolutely, Kieran. Now if you take a look at this bar model, what would come over here in this question mark?
4. We have the 4 already over here.
Exactly, Kieran. Good focus. Right, let's try part 3, shall we? [unclear]
You divided. I'm sorry, you multiplied.
96 times 12. You divided, okay. Why did you choose to divide Kieran this time? [unclear]
50p. Selling programs raises £20. How many programs are sold? [unclear]
Okay. So we have 50 pens, and what's the calculation, Kieran?
50 minus 20. And why are you taking away, Kieran? [unclear]
Any reason for taking away? [unclear] [unclear]
Okay, Kieran. Now over here, how much is each program?
Very good. And how many programs are they selling?
I'm sorry, not how many programs. How much should they raise, Kieran?
£20, exactly. So what's the calculation in that case, Kieran? 50p. The [unclear] cost 50p. But then when you sell the programmes, you gain money, and then you would count up how many times people bought the programmes and take this away by the answer.
Okay, but how many do we need to raise, Kieran? [unclear]
Which means how many pounds should be raised through the program, Kieran? According to the question, you can underline the keywords. [unclear] [unclear] [Speaker:Kieran][No speech] [unclear]
Absolutely, which means they need to raise £20. So how many 50 pence do you need to go to £20, Kieran? [unclear] Yes? Can you write it down over here, Kieran? [unclear]
Yes, you can write in depth.
Exactly. Which means, Kieran, how many programs have they sold?
Very good. And how many— how much is each program?
Therefore, how much did they raise?
How much did they raise in pounds after selling programs? How much did they raise, Kieran? [unclear] [unclear]
Yes. Therefore, yes, £20. Therefore, Kieran, what's the calculation needed?
Mm-hmm. 20, yes.
20 times 2. 20 times 2, yes, it would give us 40. But it would actually give us 40 pounds, Kieran, instead of just 40. Okay? So can you see that we have 20 over here? Can you see this 20? So you're going to split the 20 by what? What are you going to divide it by? What are you going to divide the 20 pounds by, Kieran? [unclear]
2. How much was that? [unclear] Hello? You're going to divide the £20 by what? How much is each program?
Yes. So that is your calculation. Therefore, 20 divided by 50p equals to how much? [unclear]
How much did we get? [Speaker:Kieran]... [UNCLEAR]
Yes, we would get this final on 17/1.
Okay. That's actually the calculation. Can you write down the calculation over here, Kieran? [unclear]
20 divided by 50 what? [unclear] [unclear]
Good, very good. That's the calculation, Kieran. So was it clear?
Okay, Kieran. So, okay, so we have actually come to the end of the first lesson, and we have a little bit more time, so we'll try Take a quick look at the second lesson, which is we are continuing to actually solve real-life problems, but this time we're going to have some remainder. Right, let's start off with this learning goal question, shall we?
Mm-hmm. [unclear]
5. Okay. How many books are left over, Kieran? Can you give it a careful try? How did you get 5? [unclear]
Yeah, but what are they asking over here in the question? [unclear]
All right, Kieran, we're actually— can you hear me?
Okay, Kieran. So we actually— I'm sorry, we do not have enough time to complete the rest of the questions. But we do have a lot of questions to give it a try, so we'll give it a try during our next session. All right.
Okay, Kieran. So I hope you enjoyed the session. Kieran definitely showed a very huge progress, especially in using BOM models today. Therefore, I'm ending the session with a huge star.
And of course you can try out the quiz as well, Kieran. Okay. All right, Kieran, so see you next time and enjoy the rest of your week.
Bye.","[TUTOR] Hello. [unclear] Hello, can you hear me, Kieran?
[STUDENT] Hello.
[TUTOR] Hello, how are you?
[STUDENT] Good.
[TUTOR] Good, all right. How was your holidays, Kieran? [unclear]
[TUTOR] It was good?
[STUDENT] Yeah.
[TUTOR] Okay, did you enjoy it, Kieran?
[STUDENT] Yeah.
[TUTOR] Okay, Kieran, can you take your mic a little bit closer to your mouth so that I can hear you? Can you take it a little bit? Your voice is kind of low. Right, can you say something? [unclear] Okay, I can hear you now much better. All right, welcome back, Kieran. Are you ready to start your session today? [unclear] Okay. So here comes the first topic which we were actually learning about during our last session, and that was about solving real-life problems by models, okay? All right. Can you hear me clearly?
[STUDENT] Yeah.
[TUTOR] Okay, Kieran, I think I kind of lost you again.
[TUTOR] Okay, yes, I can hear you now. Okay, so what are bar models, Kieran? [unclear] Like charts, okay.
[TUTOR] Yes. [unclear] Yes. It shows the amount and something like charts. Okay, I can see that you—
[TUTOR] Given these questions a try. Good effort, Kieran. But we actually did that, and yes, that's 15. But over here, Kieran, since each jar has 35 in it, what we would do is we would actually do 5 times 35. [unclear]
[TUTOR] Okay. Right. Okay, Kieran, that's right. So we actually tried out a question during our previous session, which is this. Okay. And now we're starting this particular slide over here. Shall we give it a try? But I will take you through the follow me part, Kieran. Why? Right. So then you can listen to it very carefully and then you can try the [UNCLEAR]. Are you ready? [Speaker:Kieran] Yeah.
[TUTOR] Okay. So let's look at the sharing model for division. This is actually the sharing model for division.
[TUTOR] Okay, it's sharing. We need to remember that keyword. Now over here, Kieran, what happens is— let's take a look at the story. A farmer picks 525 apples from her field. She puts them equally into 5 crates. Okay, so we're sharing 525 apples. Into 5 crates. How many apples do she put in each crate? That means, Kieran, we have 525 apples. We need to separate it equally, divide it among 5 crates.
[STUDENT] [unclear]
[TUTOR] So that is what is represented by the bar model.
[TUTOR] This all 5 crates stores 525 bar models. I'm sorry, 525 apples. Okay? And the reason why there are only 5 parts, the reason why the bar model has been split into 5 parts is because we have only 5 crates. [unclear]
[TUTOR] Right. Now 525 divided by 5, I can do short division. I can use bus stop to work it out. But rather, Kieran, what I am going to do is I'm going to split the 525 into 2 parts, which is 500
[TUTOR] And 25.
[STUDENT] Yeah.
[TUTOR] So 500 divided by— what I would do is first I would do 500 divided by 5 equals 100.
[STUDENT] Yeah.
[TUTOR] And then I can do 25 divided by 5, which is 5 because my times 5 is 25. So 500 divided by 5 is 100, Kieran. 25 divided by 5 is 5. So 100 plus 5 equals 105.
[STUDENT] [unclear] Therefore, the final answer will be 105. [unclear]
[TUTOR] So it's just another way to divide. Of course, we can use short division, but it's always better to try out some different mental methods before going into the formal short division method, Kieran. Which means each crate will have 105 apples. So 5 105 equals to 525 apples, Kieran. Right? Can you try the part [unclear] now, Kieran? [Speaker:Kieran]... I'm going to do that. Was it clear? Were you able to hear me clearly?
[STUDENT] Yeah.
[TUTOR] Okay, cool. [unclear] [unclear]
[TUTOR] Okay, you can use the box tool.
[TUTOR] Okay, very good.
[TUTOR] So what's the calculation? [unclear]
[TUTOR] That's correct, Kieran. Nicely done. You can actually write it down. Oh, yes, it is. [Speaker:Tutor]...for the calculation and the answer. That's correct, Declan. [unclear]
[TUTOR] Right, if you can't find the division set— oh, there we go. Nicely done. So how much does this whole bar model equal to, Kieran?
[STUDENT] 48.
[TUTOR] It equals to 48.
[TUTOR] 48. Exactly, Kieran. So this is actually the sharing model for division. All right. Was it clear, Kieran?
[STUDENT] Yeah.
[TUTOR] Now we're going into the grouping model for division. Okay, let's look at the grouping model for division, which I will show you I will actually show you an example over here, and then you can apply that onto the [UNCLEAR]. Okay, Kieran? [Speaker:Kieran] Mm-hmm.
[TUTOR] So over here, what do we need to do is a school has 180 crayons. She put 12 crayons in each pot. So we've already
[TUTOR] Share it. You already shared it. We don't have to share it anymore. We've already shared it. Now here we didn't have to. We have to share it, but here they've already put it into each pot. And we know that we have 180 crayons, and we know that each pot has 12 crayons. Now we need to see how many pots we need.
[TUTOR] Here we already knew how many crates we had and how many apples we had. But we need to find— we had to find how many would go into each. Here we already have how many would go into each pot. Now we need to find how many pots we need. That is actually a grouping calculation, and still we need division. So 180 divided by 12. Okay, Kieran.
[STUDENT] [unclear] Right. Now what I would do is I can actually split 180 once again. This time I'm going to split 180 into 120 and a 60. The reason I split the 180 into 120 is, Kieran, because 120, I am dividing 180 by 12. So if I think about the 12 times table, I know that 12 times 10 is 120.
[STUDENT] [unclear] So 120 divided by 12 is 10, and I need to do 60 divided by 12, which is 5. Which means I need 15 pops. [unclear]
[STUDENT] Yeah.
[TUTOR] Right. Now let's take a look.
[TUTOR] Then, your turn, [UNCLEAR], shall we? [Speaker:Kieran]...and 6/10 in each tank. Each tank holds 9/5. [unclear]
[TUTOR] Very good. So how many fish tanks do we need?
[STUDENT] 12.
[TUTOR] Very good. Which means into how many parts will we divide the bar model into, Kieran?
[STUDENT] 12.
[TUTOR] Very good. And how many— how much would go into each box?
[STUDENT] 9.
[TUTOR] Wonderful, Kieran. Nicely explained. So did you see the difference between the sharing model for the vision and the for [unclear] the picture reading. Yeah.
[STUDENT] Okay.
[TUTOR] Now let's give this UDO question a try.
[STUDENT] There are 7 ghost parts. How many will [unclear] together? [unclear]
[TUTOR] One of the things we're discovering now is that many of the websites for parents
[TUTOR] Very good, Kieran. [unclear]
[STUDENT] First I did the addition, but then I realized it was subtraction, and then I just got— then I could go ahead and create that.
[TUTOR] Good job. So why did you decide to multiply, Kieran?
[STUDENT] Because it gives that one [unclear] 3 times as many grapes, which means that one ate 9 grapes and some ate more, so it was time for them to get out.
[TUTOR] Absolutely, Kieran. Now if you take a look at this bar model, what would come over here in this question mark?
[STUDENT] 4.
[TUTOR] 4. We have the 4 already over here.
[BACKGROUND] [unclear]
[STUDENT] 28, exactly. Kieran, why is it 28? Why is it a 28 and not a 4? [unclear]
[STUDENT] We need to know how many wills there were, and 4 is only one of the [unclear] wills.
[TUTOR] Exactly, Kieran. Good focus. Right, let's try part 3, shall we? [unclear]
[STUDENT] 96 feet into 4 feet by 10 feet. [UNCLEAR][No speech] [unclear]
[STUDENT] Oh, 4,000. [unclear]
[STUDENT] Mm-hmm. [unclear]
[TUTOR] You divided. I'm sorry, you multiplied.
[TUTOR] 96 times 12. You divided, okay. Why did you choose to divide Kieran this time? [unclear]
[STUDENT] Absolutely, yes, they're sharing them equally. Equally. So you focused on the keywords and you chose the calculation accordingly. Great job, Kieran. And here comes the last question. We'll give it a good try, shall we? [unclear] [unclear]
[TUTOR] 50p. Selling programs raises £20. How many programs are sold? [unclear]
[STUDENT] Is it one line? 2.2. Okay, can you tell me how you got 2.2, Kieran? [unclear]
[STUDENT] 2 pound 20 because we [unclear]
[STUDENT] 50p plus 50p. 50 plus 50 is 100. That'll be £1 and then £1.50 and then £2 and then selling programming reasons, £20. [unclear]
[TUTOR] Okay. So we have 50 pens, and what's the calculation, Kieran?
[STUDENT] 50 minus 20.
[TUTOR] 50 minus 20. And why are you taking away, Kieran? [unclear]
[TUTOR] Any reason for taking away? [unclear] [unclear]
[TUTOR] Okay, Kieran. Now over here, how much is each program?
[STUDENT] 50.
[TUTOR] Very good. And how many programs are they selling?
[TUTOR] I'm sorry, not how many programs. How much should they raise, Kieran?
[STUDENT] [unclear]
[TUTOR] £20, exactly. So what's the calculation in that case, Kieran? 50p. The [unclear] cost 50p. But then when you sell the programmes, you gain money, and then you would count up how many times people bought the programmes and take this away by the answer.
[TUTOR] Okay, but how many do we need to raise, Kieran? [unclear]
[TUTOR] Which means how many pounds should be raised through the program, Kieran? According to the question, you can underline the keywords. [unclear] [unclear] [Speaker:Kieran][No speech] [unclear]
[TUTOR] Absolutely, which means they need to raise £20. So how many 50 pence do you need to go to £20, Kieran? [unclear] Yes? Can you write it down over here, Kieran? [unclear]
[TUTOR] Yes, you can write in depth.
[TUTOR] Exactly. Which means, Kieran, how many programs have they sold?
[STUDENT] [unclear]
[TUTOR] Very good. And how many— how much is each program?
[STUDENT] 50p.
[TUTOR] Therefore, how much did they raise?
[TUTOR] How much did they raise in pounds after selling programs? How much did they raise, Kieran? [unclear] [unclear]
[TUTOR] Yes. Therefore, yes, £20. Therefore, Kieran, what's the calculation needed?
[STUDENT] 7 5 is 12. Then I knew I
[STUDENT] I have to add 1. [unclear]
[TUTOR] Mm-hmm. 20, yes.
[STUDENT] Times 2.
[TUTOR] 20 times 2. 20 times 2, yes, it would give us 40. But it would actually give us 40 pounds, Kieran, instead of just 40. Okay? So can you see that we have 20 over here? Can you see this 20? So you're going to split the 20 by what? What are you going to divide it by? What are you going to divide the 20 pounds by, Kieran? [unclear]
[TUTOR] 2. How much was that? [unclear] Hello? You're going to divide the £20 by what? How much is each program?
[STUDENT] 50p.
[TUTOR] Yes. So that is your calculation. Therefore, 20 divided by 50p equals to how much? [unclear]
[TUTOR] How much did we get? [Speaker:Kieran]... [UNCLEAR]
[TUTOR] Yes, we would get this final on 17/1.
[TUTOR] Okay. That's actually the calculation. Can you write down the calculation over here, Kieran? [unclear]
[TUTOR] 20 divided by 50 what? [unclear] [unclear]
[TUTOR] Good, very good. That's the calculation, Kieran. So was it clear?
[STUDENT] Yeah.
[TUTOR] Okay, Kieran. So, okay, so we have actually come to the end of the first lesson, and we have a little bit more time, so we'll try Take a quick look at the second lesson, which is we are continuing to actually solve real-life problems, but this time we're going to have some remainder. Right, let's start off with this learning goal question, shall we?
[STUDENT] [unclear]
[TUTOR] Mm-hmm. [unclear]
[TUTOR] 5. Okay. How many books are left over, Kieran? Can you give it a careful try? How did you get 5? [unclear]
[TUTOR] Yeah, but what are they asking over here in the question? [unclear]
[STUDENT] That's correct. [unclear] [unclear]
[TUTOR] All right, Kieran, we're actually— can you hear me?
[STUDENT] Yes.
[TUTOR] Okay, Kieran. So we actually— I'm sorry, we do not have enough time to complete the rest of the questions. But we do have a lot of questions to give it a try, so we'll give it a try during our next session. All right.
[TUTOR] Okay, Kieran. So I hope you enjoyed the session. Kieran definitely showed a very huge progress, especially in using BOM models today. Therefore, I'm ending the session with a huge star.
[TUTOR] And of course you can try out the quiz as well, Kieran. Okay. All right, Kieran, so see you next time and enjoy the rest of your week.
[STUDENT] Yes.
[TUTOR] Bye.
[STUDENT] Bye. [unclear]"
cyktuup,Adding money using the column method.,0.31530574,"Hello, how you doing?
Hi, how are you? I'm not feeling well.
Nah, it's just I don't really feel like doing Thursday today, but whatever.
No, I'm fine.
Well...
[unclear]
Say again?
What was the first thing you said?
Sorry, I don't understand the first bit. Like, what holidays?
Oh yeah, I like school holidays.
Going to Barbados. [unclear] That's really my first plan, and I might go camping. That's really it.
Yeah.
Yeah.
Yeah.
Yep.
Yeah. [unclear]
So 5 and 4 is 9. 5 and 7 is 12. Add the 1 to like £1.74, it'll be like 2 and 2, then 4. That's how I got the answer.
John buys one toy car and a pack of stickers.
£3.13.
I [unclear] [unclear]
[UNCLEAR] [unclear]
[unclear] [unclear]
Yes.
Can you double-check it, please?
10.
I will try to edit and see in a different— Place and see. So £13.50, correct?
Oh, [UNCLEAR].
10.
11.
11. Alright, okay.
What? So it's 1,200.
12. [unclear] 22 pounds.
No. Yeah, actually I got it again.
Yeah.
Yeah.
So £4.35 and £4.05 are like the most expensive.
I'm also [UNCLEAR].
Yeah.
[UNCLEAR]
[unclear]
Uh, yes, please.
This is subtracting, right?
[UNCLEAR] [unclear]
[unclear] [unclear]
[unclear] [unclear]
Um, no.
That was a guess.
Just 1. I have no other.
Yeah.
[unclear]
So we need to see what's the difference.
Bye. [unclear]","Hello.
Hi, Lachlan.
Oh. Why? That's strong.
Why, are you going to get sick or something?
You're fine? And you said you're not okay?
Okay. So y'all are getting holidays, right?
Y'all are getting holidays, right?
Y'all are getting holidays, isn't it?
School holidays?
Any plans for the big holidays?
Yeah, that's a good... Holiday planned out, isn't it, Lachlan?
Yeah.
All right. Now, so you know today is our last class, right?
Okay, so let's try to make it memorable for you and for me both, right? Shall we start off with the lesson, Lachlan?
Right, okay. So this lesson is about adding money using column method, right? So this is the learning goal question that you have, Lachlan. Shall we try it out, please?
Right. Would you mind telling me how you did this?
Correct. Excellent. Well done, Lachlan.
Well done. Right, so since you answered this correctly, straight moving to the [unclear] slide, right? So let's see what we have here.
Right. [unclear]
So how much does he spend altogether?
Correct, £3.13. So let's try to put the pound sign also when you are doing your other questions. Okay, okay, right now question B.
Right. £13.50. When you add £8.50, do you think that the answer is correct, Lachlan?
Yes, I think you have done a small mistake somewhere.
Oh yeah.
Okay, will it be 10 pounds— 10 bags here? Because 5 plus 5 is going to be how much?
10, and then you'll be putting 1 or a 0.
All right. [unclear]
£8.50, that's right. So these are the two numbers. Now, now when you add this number, what will you be getting? [unclear]
Is it 100 and— let's see. 0 plus 0 is going to be a 0. Right. 5 plus 5 is how much?
10. Then put a 0 and you carry forward the other one here. You put the decimal point here. 8 plus 3 is— sorry, 8 plus 3 is how much, Lachlan? [unclear]
11 plus this one is?
12.
Yeah?
How much is it?
Oh. Did you get it?
Yeah, you're right. Okay. So let's put the pound sign also since this is related to pounds. Okay. Is it all clear?
Lachlan?
All right. Excellent. Right. Now let's move on to the Go Further slide. [unclear]
What are you going to find first, Lachlan?
So £8.34, what is that answer? [unclear] [unclear] You have got £8.40, £8.34.
Yes, correct. So when you add those two together, you've got £8.40, correct. Then the least, what are the two numbers that you add?
Yes, but can you see there, that is the— okay, for the most, okay. And for the least, what are the two ones that you add? Are you sure that you add 3. £3.29 and £3.99. Are you sure?
Yes. Can we add it again and see whether we'll be getting £8.34? I think you added a different value. Let's see.
Ah, edit and see. Lachlan? [unclear]
Now can you see that you have added two different other [unclear] values. So the most he could have paid is £8.40, and the least would be £7.28. Correct. I think you added, uh, one other £4, uh, with something else. That's why you got £8.34.
Right, excellent. Well done. Lachlan? Excellent work. Right, any questions?
No. Oh, good. Right, excellent. Now let's see what we have in our next lesson. Okay. Same thing with subtracting money, that is using column method. Can you do the learning goal question?
Okay, so 5 and 3.
Oh, 5 minus 3, okay. [unclear]
Sorry. [unclear] [unclear]
Right, £6.28. Excellent. So £14.53, you take away from £8.25. That's correct. So the answer is going to be £6.28, right? So since you answered Answered this correctly, Lachlan, we'll be moving on to the You Do slide. So here you have two questions. Can we start off with Question A? [unclear]
Correct, £9.27. Correct. Next one. [unclear] [unclear]
Okay. Are you sure that it is £6.14?
Lachlan, how did you get a 4?
53, now 35.
Here it's 53, not 35. 53, Lachlan.
Correct. 6 pounds and 6 pence. Correct. Excellent. Well done.
Correct. Now let's move on to the Go Further slide, Lachlan. [unclear]
Correct. £7.87 is the amount of money she could have left after buying a treat. Right, most amount of money. Right. [unclear]
Correct, that's the answer. £5.63. That's excellent work, Lachlan. Well done. Right, we are done with this lesson also. So do you have any questions about subtracting?
No, I think you You did it really well. [unclear] Okay, excellent. And now let's see what we have in our next lesson. Okay, knowing common measure conversions, right? You have to put the signs to compare the measurements. Let's see how we are going to do it. [unclear]
Right. And can I know why you put that sign over there? [unclear]
It was a guess. Okay, right. Actually, how many grams would be there in 1 kilogram? Any idea?
Right. Okay, there would be 1000 grams. Grams in 1 kilogram. So whatever you put the answer, it's correct. But, uh, remember, in 1 kilogram there would be 1000 grams, uh, Lachlan. Understand?
Yes, right. Okay, so let's, uh, try and do a little bit of more work, uh, and we'll see how it's going to do it, right? So this is— here, this question, there are millimeters, centimeters, or meters. They say we can measure length of a classroom object using millimeter, centimeter, or meter. Now they say 10 millimeters is the same as 1 centimeter.
So they say 10 millimeters is 1 centimeter, means from 0 to 1, this is 1 centimeter. So there are 10 millimeters, that means small lines. Can you— have you seen on a ruler? So those are millimeter lines. So there are 10 millimeter lines in 1 centimeter. Right, right. So here, this pencil
How many centimeters is it long, Lachlan? [unclear]
How many centimeters is this pencil long?
Correct, it's 5 centimeters. So they say 1 centimeter is 10 millimeters. Then, huh, in millimeters, how much would it be, uh, the length? So 5 centimeters means— yes, correct, it's gonna be 50 millimeters, right? Excellent. So don't forget now, 10 millimeters is 1 centimeter, right? Okay, now question B. They say each block worth 10 centimeters. This worth 10 centimeters, so this is up to here, it's 100 centimeters, or you can call it 1 meter. And also they say 100 centimeters is the same as 1 meter. Yes. And here we have 200 meters, right? So now what you need to do is, uh, have they shown this one, right? You need to find a value of— no, you need to mark. Can you mark where 30 centimeters, half a meter, 120 centimeters, and 170 centimeters in this line? Can you show where 30 meters would be? [unclear]
Right, so 30 centimeters, correct, but you need to exactly draw here. It finishes exactly here. 30 centimeters finishes exactly here. If you put it somewhere in the middle, that means it will be somewhere around 25 centimeters. So 35 is exactly here, right? Okay. And then half a meter, where would you think half a meter be?
Right, half a meter. Do you think half a meter is more than 1 meter? Because this is 1 meter. So each one, you know, it's 10, right? So you said 30 is 30 centimeters.
So half a meter. If one meter is 100 centimeters, how much would be half a meter? Lachlan? [unclear]
Yes, there, but exactly if you mark it, you need to mark it here on this line. So that is half a meter, correct? Now you need to find 120 centimeters. Where would you think this 120 centimeters would be?
Yes, it would be exactly here. Correct. Now 170. 170. Let's see. [unclear] this is 120, 30, 40, 50, 60, 70 would be exactly this line here. So you need to mark 170 here and put a line. So if you mark it on the other side, it's going to be 160, right? Excellent. So remember, 100 centimeters is 1 meter. And 10 millimeters is 1 centimeter. Right, okay, excellent. Now let's see what we have in the Follow Me, Your Turn slide [UNCLEAR].
Right, so I'll be doing the Follow Me part, and once I'm done with it, you can do the Your Turn part if there's more time left over. Let's see.
Let's look at the units of measure used for capacity. This is milliliters and 1 liter. So for small measures in liquids, you can use the small spoon with milliliters, but the big bucket you can use to measure large quantities like liters. They say 1,000 milliliters is equal to 1 liter.
So that is what the, uh, this thing that they have given. Uh, 3,000 milliliters is 1 liter. Now let's see how much would be 3,000 milliliters. So 3,000 milliliters is gonna be 3 liters, because if 1 liter is 1,000 milliliters, 3,000 milliliters is 3 liters. Then they ask 210 milliliters. 210 milliliters, uh, add something, they say it will equal to 1 liter.
Uh, 210, if you add another 90, it's gonna be 300. That means 790 milliliters, if you add, it will become 1 liter. The other one, 1000 milliliters, if you take away 4— [unclear] 440 milliliters, it's gonna be 560 milliliters.
Right. Okay, I can see that you have already started doing it, Lachlan. Let's see. Correct. The first one is correct, 5,000 grams. Second one is correct, 630 grams. Next one. [unclear] [unclear]
You know what, Lachlan, we'll have to stop doing this thing. Okay, it's actually 720.
So I will just let you know, you need to do a subtraction and get the answer right. Well done, Lachlan. You completed almost 2 and a half lessons today. So excellent work today, and I really enjoyed teaching you, Lachlan, and I hope you also learned something and it was useful. And I wish you all the very best with your studies, and I I will be ending the session. And have happy holidays, and I'll see you when I see you, Lachlan, okay?","[TUTOR] Hello.
[BACKGROUND] [unclear]
[STUDENT] Hello, how you doing?
[TUTOR] Hi, Lachlan.
[STUDENT] Hi, how are you? I'm not feeling well.
[TUTOR] Oh. Why? That's strong.
[STUDENT] Nah, it's just I don't really feel like doing Thursday today, but whatever.
[TUTOR] Why, are you going to get sick or something?
[STUDENT] No, I'm fine.
[TUTOR] You're fine? And you said you're not okay?
[STUDENT] Well...
[STUDENT] [unclear]
[TUTOR] Okay. So y'all are getting holidays, right?
[STUDENT] Say again?
[TUTOR] Y'all are getting holidays, right?
[STUDENT] What was the first thing you said?
[TUTOR] Y'all are getting holidays, isn't it?
[STUDENT] Sorry, I don't understand the first bit. Like, what holidays?
[TUTOR] School holidays?
[STUDENT] Oh yeah, I like school holidays.
[TUTOR] Any plans for the big holidays?
[STUDENT] Going to Barbados. [unclear] That's really my first plan, and I might go camping. That's really it.
[TUTOR] Yeah, that's a good... Holiday planned out, isn't it, Lachlan?
[STUDENT] Yeah.
[TUTOR] Yeah.
[STUDENT] Yeah.
[TUTOR] All right. Now, so you know today is our last class, right?
[STUDENT] Yeah.
[TUTOR] Okay, so let's try to make it memorable for you and for me both, right? Shall we start off with the lesson, Lachlan?
[STUDENT] Yep.
[TUTOR] Right, okay. So this lesson is about adding money using column method, right? So this is the learning goal question that you have, Lachlan. Shall we try it out, please?
[STUDENT] Yeah. [unclear]
[TUTOR] Right. Would you mind telling me how you did this?
[STUDENT] So 5 and 4 is 9. 5 and 7 is 12. Add the 1 to like £1.74, it'll be like 2 and 2, then 4. That's how I got the answer.
[TUTOR] Correct. Excellent. Well done, Lachlan.
[TUTOR] Well done. Right, so since you answered this correctly, straight moving to the [unclear] slide, right? So let's see what we have here.
[STUDENT] John buys one toy car and a pack of stickers.
[TUTOR] Right. [unclear]
[TUTOR] So how much does he spend altogether?
[STUDENT] £3.13.
[TUTOR] Correct, £3.13. So let's try to put the pound sign also when you are doing your other questions. Okay, okay, right now question B.
[STUDENT] I [unclear] [unclear]
[STUDENT] [UNCLEAR] [unclear]
[STUDENT] [unclear] [unclear]
[TUTOR] Right. £13.50. When you add £8.50, do you think that the answer is correct, Lachlan?
[STUDENT] Yes.
[TUTOR] Yes, I think you have done a small mistake somewhere.
[TUTOR] Oh yeah.
[STUDENT] Can you double-check it, please?
[TUTOR] Okay, will it be 10 pounds— 10 bags here? Because 5 plus 5 is going to be how much?
[STUDENT] 10.
[TUTOR] 10, and then you'll be putting 1 or a 0.
[TUTOR] All right. [unclear]
[STUDENT] I will try to edit and see in a different— Place and see. So £13.50, correct?
[STUDENT] Oh, [UNCLEAR].
[TUTOR] £8.50, that's right. So these are the two numbers. Now, now when you add this number, what will you be getting? [unclear]
[TUTOR] Is it 100 and— let's see. 0 plus 0 is going to be a 0. Right. 5 plus 5 is how much?
[STUDENT] 10.
[TUTOR] 10. Then put a 0 and you carry forward the other one here. You put the decimal point here. 8 plus 3 is— sorry, 8 plus 3 is how much, Lachlan? [unclear]
[STUDENT] 11.
[TUTOR] 11 plus this one is?
[TUTOR] 12.
[STUDENT] 11. Alright, okay.
[TUTOR] Yeah?
[STUDENT] What? So it's 1,200.
[TUTOR] How much is it?
[STUDENT] 12. [unclear] 22 pounds.
[TUTOR] Oh. Did you get it?
[STUDENT] No. Yeah, actually I got it again.
[TUTOR] Yeah, you're right. Okay. So let's put the pound sign also since this is related to pounds. Okay. Is it all clear?
[STUDENT] Yeah.
[TUTOR] Lachlan?
[STUDENT] Yeah.
[TUTOR] All right. Excellent. Right. Now let's move on to the Go Further slide. [unclear]
[TUTOR] What are you going to find first, Lachlan?
[TUTOR] So £8.34, what is that answer? [unclear] [unclear] You have got £8.40, £8.34.
[STUDENT] So £4.35 and £4.05 are like the most expensive.
[TUTOR] Yes, correct. So when you add those two together, you've got £8.40, correct. Then the least, what are the two numbers that you add?
[STUDENT] I'm also [UNCLEAR].
[TUTOR] Yes, but can you see there, that is the— okay, for the most, okay. And for the least, what are the two ones that you add? Are you sure that you add 3. £3.29 and £3.99. Are you sure?
[STUDENT] Yeah.
[TUTOR] Yes. Can we add it again and see whether we'll be getting £8.34? I think you added a different value. Let's see.
[TUTOR] Ah, edit and see. Lachlan? [unclear]
[TUTOR] Now can you see that you have added two different other [unclear] values. So the most he could have paid is £8.40, and the least would be £7.28. Correct. I think you added, uh, one other £4, uh, with something else. That's why you got £8.34.
[STUDENT] [UNCLEAR]
[TUTOR] Right, excellent. Well done. Lachlan? Excellent work. Right, any questions?
[STUDENT] [unclear]
[TUTOR] No. Oh, good. Right, excellent. Now let's see what we have in our next lesson. Okay. Same thing with subtracting money, that is using column method. Can you do the learning goal question?
[STUDENT] Uh, yes, please.
[TUTOR] Okay, so 5 and 3.
[STUDENT] This is subtracting, right?
[TUTOR] Oh, 5 minus 3, okay. [unclear]
[TUTOR] Sorry. [unclear] [unclear]
[TUTOR] Right, £6.28. Excellent. So £14.53, you take away from £8.25. That's correct. So the answer is going to be £6.28, right? So since you answered Answered this correctly, Lachlan, we'll be moving on to the You Do slide. So here you have two questions. Can we start off with Question A? [unclear]
[TUTOR] Correct, £9.27. Correct. Next one. [unclear] [unclear]
[TUTOR] Okay. Are you sure that it is £6.14?
[TUTOR] Lachlan, how did you get a 4?
[STUDENT] [UNCLEAR] [unclear]
[TUTOR] 53, now 35.
[TUTOR] Here it's 53, not 35. 53, Lachlan.
[TUTOR] Correct. 6 pounds and 6 pence. Correct. Excellent. Well done.
[TUTOR] Correct. Now let's move on to the Go Further slide, Lachlan. [unclear]
[STUDENT] [unclear] [unclear]
[STUDENT] [unclear] [unclear]
[TUTOR] Correct. £7.87 is the amount of money she could have left after buying a treat. Right, most amount of money. Right. [unclear]
[TUTOR] Correct, that's the answer. £5.63. That's excellent work, Lachlan. Well done. Right, we are done with this lesson also. So do you have any questions about subtracting?
[STUDENT] Um, no.
[TUTOR] No, I think you You did it really well. [unclear] Okay, excellent. And now let's see what we have in our next lesson. Okay, knowing common measure conversions, right? You have to put the signs to compare the measurements. Let's see how we are going to do it. [unclear]
[TUTOR] Right. And can I know why you put that sign over there? [unclear]
[STUDENT] That was a guess.
[TUTOR] It was a guess. Okay, right. Actually, how many grams would be there in 1 kilogram? Any idea?
[STUDENT] Just 1. I have no other.
[TUTOR] Right. Okay, there would be 1000 grams. Grams in 1 kilogram. So whatever you put the answer, it's correct. But, uh, remember, in 1 kilogram there would be 1000 grams, uh, Lachlan. Understand?
[STUDENT] Yeah.
[TUTOR] Yes, right. Okay, so let's, uh, try and do a little bit of more work, uh, and we'll see how it's going to do it, right? So this is— here, this question, there are millimeters, centimeters, or meters. They say we can measure length of a classroom object using millimeter, centimeter, or meter. Now they say 10 millimeters is the same as 1 centimeter.
[TUTOR] So they say 10 millimeters is 1 centimeter, means from 0 to 1, this is 1 centimeter. So there are 10 millimeters, that means small lines. Can you— have you seen on a ruler? So those are millimeter lines. So there are 10 millimeter lines in 1 centimeter. Right, right. So here, this pencil
[TUTOR] How many centimeters is it long, Lachlan? [unclear]
[TUTOR] How many centimeters is this pencil long?
[TUTOR] Correct, it's 5 centimeters. So they say 1 centimeter is 10 millimeters. Then, huh, in millimeters, how much would it be, uh, the length? So 5 centimeters means— yes, correct, it's gonna be 50 millimeters, right? Excellent. So don't forget now, 10 millimeters is 1 centimeter, right? Okay, now question B. They say each block worth 10 centimeters. This worth 10 centimeters, so this is up to here, it's 100 centimeters, or you can call it 1 meter. And also they say 100 centimeters is the same as 1 meter. Yes. And here we have 200 meters, right? So now what you need to do is, uh, have they shown this one, right? You need to find a value of— no, you need to mark. Can you mark where 30 centimeters, half a meter, 120 centimeters, and 170 centimeters in this line? Can you show where 30 meters would be? [unclear]
[TUTOR] Right, so 30 centimeters, correct, but you need to exactly draw here. It finishes exactly here. 30 centimeters finishes exactly here. If you put it somewhere in the middle, that means it will be somewhere around 25 centimeters. So 35 is exactly here, right? Okay. And then half a meter, where would you think half a meter be?
[STUDENT] [unclear]
[TUTOR] Right, half a meter. Do you think half a meter is more than 1 meter? Because this is 1 meter. So each one, you know, it's 10, right? So you said 30 is 30 centimeters.
[TUTOR] So half a meter. If one meter is 100 centimeters, how much would be half a meter? Lachlan? [unclear]
[TUTOR] Yes, there, but exactly if you mark it, you need to mark it here on this line. So that is half a meter, correct? Now you need to find 120 centimeters. Where would you think this 120 centimeters would be?
[TUTOR] Yes, it would be exactly here. Correct. Now 170. 170. Let's see. [unclear] this is 120, 30, 40, 50, 60, 70 would be exactly this line here. So you need to mark 170 here and put a line. So if you mark it on the other side, it's going to be 160, right? Excellent. So remember, 100 centimeters is 1 meter. And 10 millimeters is 1 centimeter. Right, okay, excellent. Now let's see what we have in the Follow Me, Your Turn slide [UNCLEAR].
[TUTOR] Right, so I'll be doing the Follow Me part, and once I'm done with it, you can do the Your Turn part if there's more time left over. Let's see.
[TUTOR] Let's look at the units of measure used for capacity. This is milliliters and 1 liter. So for small measures in liquids, you can use the small spoon with milliliters, but the big bucket you can use to measure large quantities like liters. They say 1,000 milliliters is equal to 1 liter.
[TUTOR] So that is what the, uh, this thing that they have given. Uh, 3,000 milliliters is 1 liter. Now let's see how much would be 3,000 milliliters. So 3,000 milliliters is gonna be 3 liters, because if 1 liter is 1,000 milliliters, 3,000 milliliters is 3 liters. Then they ask 210 milliliters. 210 milliliters, uh, add something, they say it will equal to 1 liter.
[STUDENT] So we need to see what's the difference.
[TUTOR] Uh, 210, if you add another 90, it's gonna be 300. That means 790 milliliters, if you add, it will become 1 liter. The other one, 1000 milliliters, if you take away 4— [unclear] 440 milliliters, it's gonna be 560 milliliters.
[TUTOR] Right. Okay, I can see that you have already started doing it, Lachlan. Let's see. Correct. The first one is correct, 5,000 grams. Second one is correct, 630 grams. Next one. [unclear] [unclear]
[TUTOR] You know what, Lachlan, we'll have to stop doing this thing. Okay, it's actually 720.
[TUTOR] So I will just let you know, you need to do a subtraction and get the answer right. Well done, Lachlan. You completed almost 2 and a half lessons today. So excellent work today, and I really enjoyed teaching you, Lachlan, and I hope you also learned something and it was useful. And I wish you all the very best with your studies, and I I will be ending the session. And have happy holidays, and I'll see you when I see you, Lachlan, okay?
[STUDENT] Bye. [unclear]"
gbanpii,Solving real-life problems with bar models.,0.3174221,"Yeah.
Yeah.
Yeah.
Good.
Yeah.
Yeah.
Okay. It takes Elliot 7 minutes to walk to the park. It takes [unclear] minutes to walk to the park.
So times 7 by 4.
So how could numbers that are multiply of— easy— 4, 8, 12. No, 12. Wait.
Mm-hmm.
Flowers. I like math. I love math. Math is so good.
No, I'm outside in the hall.
Yeah, people like phony— like being silly now. [Speaker:Tutor]...yellow side. Okay, so we'll focus on our work now. What do you think about the question 8? [Speaker:Background] Okay, a regular hexagon has side— has sides of 7 centimeters. What is the perimeter?
So wait, 7, 14, 21, 28, 24, 28, and 24. [unclear]
8, 16.
I times 8 by 3.
Huh?
A egg box contains 6 eggs. I need 54 eggs. How many boxes should I buy? Yes. What do you think you have to do here?
Divide 6. [unclear] 6 divide 54.
Times, times, times, times.
Okay.
Hold on. 6, 12, 18, 24, 30, 36, 42.
48.
54.
9 times.
9, so— [unclear]
Okay.
Yeah, I know.
Yeah.
So I'm going like up to down.
Uh, wait, what?
8 times 10? Yeah, I mean, you need to share them. 8 times 10 is 80. So 8 times 9 can give us 81. If 8 times 10 gives you 80, is there— is that possible for us to— 8 times 9 can be 81? What do you think? [unclear] Yeah.
That's 80.
And then— [unclear] because 9 times 2 gives us 18.
Huh?
Uh, this week.
Yeah.
Today you will learn about solving real-life problems with bar models. First
There are 5 towers with 3 cubes in each tower. How many cubes are there altogether? [unclear]
7 times 4.
This one, Molly has 96 sweets to put into party bags. She shares them equally between 12 party bags. How many sweets will be in each bag. So you have to divide?
So I have to divide for this one. Now, wait, let me do shapes. [unclear] [unclear]
So then it will be?
So it's 12, 24, place it, place it. 12, 24, place it. 48.
60, 72.
84.
96.
Programs cost 50 [UNCLEAR].
Yeah.
[unclear]
Uh, wait, so they're asking— [unclear]
This whole thing is 6. So if you add another one, that'll make 6, 12, 12, 18. But if we do over more, That'll mean it'll be 24. So 18 is—
Number? [unclear]
Peas in 20 pounds?
One pound has how many? Two?
Yeah.
Yeah.
Wait, so...
Oh, 50 times 2. [unclear]
100.
Oh, so 50 times 20.
20... wait, what?
Wait, [unclear] You multiply 100 by 20, how much you will get? [unclear]
The same unit.
Uh... [unclear]
Times.
20.
Well, uh... [unclear]
Wait, so that means, uh, what? Wait.
So times 10, it will be 1,000.
So 2,000.
Uh-oh. Wherefore it goes up here?
I thought it goes up here next to sold.
Yeah.
Okay.
100p?
Oh, okay. Yeah, 50p.
So 50 cannot fit into 2.
So it will be 0.
And then that will be— there'll be a 2 down now, so I'll be coming. Still be down. [unclear]
And [UNCLEAR]. [Speaker:Tutor] Mm-hmm. What do you think now? How many programs are sold?
4a.
But you can do a long division or short division.
Uh, yeah.
What, the 2,000 at the bottom?
Oh, so what we did, we, uh, we got 100p and then times it by, uh, 20. So that gave us 2,000. So then we—
We multiply— we multiplied it because
Because we got 100p because 1 pound equals 100p.
Yeah.
And then we divide it by 2,000.
And then, uh, 50 couldn't fit into 2, so it would be a 0. And it can't fit into the 0 either. So then we'll try this one, and it will be 4. But this one, it has no remain— no remainder on it, so it must be a 0.
Okay. [unclear]
Oh my God.
Okay.
Bye. [unclear] [Speaker:Tutor]... [UNCLEAR] [unclear] [Speaker:Tutor]... [unclear]","The miss can see you. Need your headset on.
Hello?
Hi. Hi, Gideon. You can hear me, right?
Okay. How are you?
Good. Okay. So do you remember what we have learned in our last [UNCLEAR]? [Speaker:Gideon] Uh, yeah. The last one we did like short division.
Uh, short division. And we did this slide also. We have done up to the Follow Me slide. Do you remember the multiplication, the multiples?
You want to give it a try on learning goal and the prior learning again? Shall we go just to refresh our memory?
Okay. And you give it a try on learning goal.
Jack, 4 minutes as long— how long— no, how long can it take Jack to walk to the park? [unclear]
Okay, how did you get this 28, Gideon?
Great, good job. Okay, what about the prior learning?
Oh, do you like it? [unclear]
12, 16.
Wonderful. So you have done both really well, so I don't want to do the Follow me and you do study. Shall we go straight away? Your turn. [unclear] Shall we give it a try on the question 8? [unclear] Yes. So nice, isn't it, around your classroom?
Oh, is that so? Okay.
Have you heard about, have you done any questions with perimeter? [Speaker] Okay, uh, no.
Hello. [Speaker] So you don't know what is perimeter, is it? Okay, so there are two, uh, things called area and perimeter. So perimeter means the total of all these sides. [unclear] All these sides, we call it as perimeter. [Speaker] 7, 14,
Mm-hmm.
14, 21, 28, 35, 42. [unclear] Okay, so you have repeatedly add the 7. Okay, what about the question B then? It takes Ben 8 minutes— Ben 10— 8 minutes to walk to the school. It takes Tim— Timmy Turner— 3 times as long. How long does it take Timmy Turner
Mm-hmm. Okay.
Mm-hmm. What you have done here?
Mm-hmm. That's correct. And one thing is missing. [unclear]
There is one, one thing is missing in your answer.
Your answer is correct, but something is missing. What do you think? [unclear] Good job on figuring out that.
Is it 6 divide 54 or 54 divide 6?
We are grouping it, right? We are regrouping it. So then, uh, that means we are dividing. Now 54 eggs are there. You have to put into boxes of 6.
Okay. So here 6, another 6. What you have to do is you have to divide. [unclear]
You can write the bus stop method if you like, or you have another thing, whatever the method you like. [unclear] [Speaker] 0 at the 1 because remainder, right?
Mm-hmm. [Speaker] So 2, and then remainder 2. Is it 2? 6 times 2 is how much? No, because, uh, no, because could you add the 1? Because, um, why you have added the 1? To make it 6? I meant to add the 4. [unclear]
Uh, you have? Okay, shall we go with the 6 times table? Then you will easily figure this out.
Uh-huh. [unclear]
Uh-huh.
Uh-huh.
How do you— 9?
That's correct. So don't rush, okay? But it's better if you can put 9 boxes because they are asking how many boxes should I buy. So it's better to put 9 boxes. We have to complete, right?
If you are writing a sentence sort of a thing, we can do it for maths as well. Shall we write boxes? Gideon? B-O-X?
Yeah, okay, great, good job. Okay, now you have to complete the grid. Take your time, don't rush. [unclear] [unclear]
3, 6, 9, 12, 5. 18, 21, 8, [unclear]
Do you love to sing?
Okay. Why did you put 11 over there?
Oh, wait. Okay. [unclear] That's pretty fast. How are you figuring out this?
That's pretty fast. Okay.
Okay, good. [unclear]
Whip 8 times. [unclear]
8 times 9. 8 times 9. Think about— you want to go with the 9 times tables or 8 times tables?
Uh, can you tell me 8 times 10 is how much?
That's 8 times 10.
80. So then 8 times 9 should be, uh, something smaller than that or bigger than that?
Okay, so but you have written 81.
So is it smaller than 80? [unclear] What do you think? Ah, that's correct. Be careful what you are doing. Okay.
Okay.
Okay, that's how you have to figure that out. Correct. Okay, very well done.
Very well done, Gideon. Are you sitting for the SATs this May?
Are you sitting for the SATs this May?
This week, or is it in May?
May, right?
Okay. Okay. Now we'll go for the next one.
Hello. Okay, what is this one?
So here you get the visual impression on how to do that.
Oh, too big.
If you want, you can write the next one here. [unclear]
Mm-hmm. Then go for the [UNCLEAR]. [Speaker:Gideon] [unclear]
Mm-hmm. Okay. So you have done the repeated addition. Good. You can do the multiplication as well. 5 multiplied by 5. Okay, good.
Okay, good job. So you have done a good job here. So we directly go to the
You do [UNCLEAR]. Yes. Okay. There are 7 go-karts. How many wheels are there altogether? You know what is go-karts, right? [Speaker:Gideon] Yeah.
Okay. Let me see what action you have to do.
Uh-huh. That's correct.
Correct. In the Symbol tool, you can find the rate here. [unclear] Great. Oh, next one, okay. [unclear]
Tom Turbo ate 9 grapes. Sammy Copop ate 3 times as much grapes as Tom Turbo. How many grapes did Sammy eat?
So here, what you have to do again. [unclear]
Okay, so you wrote the actions here, but you didn't write the answer.
Yeah.
So 12 cannot fit into 9, so be 0, carry the 9 on.
96, so you have to see how much it fits into 96.
Yeah.
Mm-hmm.
Mm-hmm.
Yes.
8 times. Wonderful. Okay, what do you think here? So take your time to read and understand this, okay? You can do this.
Any PFP?
Selling programs raised £20. How many programs are sold?
What you have understood from here, Gideon?
Huh?
Yeah.
Wait, one pound.
One pound to make two pound, three pound. [unclear]
Here they say one program is 50p. Okay. So you can't take just only for the what they have shown. This is one program. Okay. But they have raised how much? Huh?
Now, it's a fundraiser.
It's a fundraiser, right?
Okay. So have you done fundraising for school or anything like that?
No.
No. Okay. So this is like, you know, for the charity purposes or for the school you can raise funds.
Oh yeah.
How can you make £20 from 50p? Think about 50p coins you have seen, right?
Yeah.
Oh, 50p coins. Damn.
So that will be like, this is 6. Wait on.
I think [unclear]
18 is the?
Give me a moment. Tell me how many peas are there in 20 pounds?
Yeah?
In 1 pound, how many peas are there?
No, no, no. I'm asking in general. 1 pound has how many peas?
Two piece? It's 100 piece, Gideon. 100 piece is equivalent to one pound. Is that clear?
This is regarding the money. If you give 100 piece to a shop or somewhere anywhere, they will give you one pound note. You have seen the p's and the pound notes, right? You have seen, isn't it?
Ah, okay. So now tell me, £1 is 100p. From 50p, how many p's do you need to make £1 then? From 50p... [unclear] 2, right? Very good.
Uh-huh. Now, can it be clear for you what we are doing?
Okay.
Uh-huh.
Is it we are times it?
So tell me, Tutor, uh, yeah, that's correct. So tell me, 20p has how many, uh, 20 pounds has how many p's?
20 pounds is equivalent to how many p's?
Okay, you have done 2 mistakes here in this what you have written. You have done 2 mistakes. One thing, We can't divide two units, two different units at once. We have to divide or multiply whatever the same unit. So you may— the other unit. [unclear]
Huh?
Yes. You have to convert this pound into these. How you are going to convert the pounds into paise?
Yeah?
Yeah, times it, but by what number? Okay, you have to times it. Correct. What number you times it? Okay, 20 times what number?
20 pounds.
We are timesing by 100. [unclear] Times it by 100 because 1 pound equals 100. Now I am looking for 20 pounds. How many hundreds are there? Can you tell me how much is that will be? The answer will be?
20 times 100.
Here? What? Yeah, okay.
Uh-huh.
2,000, correct. Can you type down, sir, 2,000 here?
Sorry?
No, no, no. We will sort it out. We will sort it out one step at a time. One step at a time. First complete this one to 2,000. You got clearly what we have done? Now, if I give £1, the shopkeeper will give me the 100 piece. If I give £20, he will give 2,000 piece. Is that clear?
Okay, how I convert? Now what you have to do is Now you have to do the division. Can you do the division with the bus stop method? You have to divide this number, 22,000, by 50.
Can you do that one? [unclear]
Do you want me to write down the— this thing?
So which will go— which number goes inside?
2000. Good. And what will be the outside?
No, now we are going to do this one.
50p. Okay, good. Can you now solve the question?
Mm-hmm.
Mm-hmm.
Then how much it will be? [unclear]
Uh-huh.
40. So can you explain how did you solve this equation? There are two steps in this equation to solve.
Uh, that is not at all problem. You can do whatever you want to do. The long division, you can do the short division. That's not an issue here. But there are two operations are involved. Two operations mean multiplication as well as division. Is that clear?
Okay, now can you tell me the steps that we followed here in this question? The steps that we followed. There are 2 steps we followed.
Uh, yeah.
Okay, why, why, why, why we multiplied 20 by 100? [unclear] Why we multiplied 20 by 100? Why?
Very good, well done. So always remember one thing, you can't divide any two units like liters and milliliters, you can't. [unclear] Kilograms and grams, you can't. Because always when you are doing an operation, like you know in maths we do multiplication, division, addition, subtraction, whatever the operation convert, convert the unit into same one unit. Is that clear?
Okay, so for that you are changing the unit here. That's why you multiply. And then go ahead. Then what you did? [unclear]
Uh-huh.
Okay, good job. That's correct. Uh... Done. Can you write the answer here, Gideon?
Is that the answer, Gideon? What is the answer that now we got? How many programs were sold?
Okay, okay. So always focus, Gideon, what we are doing. Like what is happening, because if we don't understand what is happening in the question, we can't solve the question. Okay? So always read. If you can't understand once, read it twice or thrice. It's okay. But unfortunately, we have to end the session now. I hope to see you next week.
Okay. Have a good day. Bye.","[BACKGROUND] [unclear]
[TUTOR] The miss can see you. Need your headset on.
[BACKGROUND] Gideon, can you hear me?
[STUDENT] Yeah.
[TUTOR] Hello?
[STUDENT] Yeah.
[TUTOR] Hi. Hi, Gideon. You can hear me, right?
[STUDENT] Yeah.
[TUTOR] Okay. How are you?
[STUDENT] Good.
[TUTOR] Good. Okay. So do you remember what we have learned in our last [UNCLEAR]? [Speaker:Gideon] Uh, yeah. The last one we did like short division.
[TUTOR] Uh, short division. And we did this slide also. We have done up to the Follow Me slide. Do you remember the multiplication, the multiples?
[STUDENT] Yeah.
[TUTOR] You want to give it a try on learning goal and the prior learning again? Shall we go just to refresh our memory?
[STUDENT] Yeah.
[TUTOR] Okay. And you give it a try on learning goal.
[STUDENT] Okay. It takes Elliot 7 minutes to walk to the park. It takes [unclear] minutes to walk to the park.
[TUTOR] Jack, 4 minutes as long— how long— no, how long can it take Jack to walk to the park? [unclear]
[BACKGROUND] Wait, 7, 14—
[BACKGROUND] I don't care, I need my— [unclear]
[TUTOR] Okay, how did you get this 28, Gideon?
[STUDENT] So times 7 by 4.
[TUTOR] Great, good job. Okay, what about the prior learning?
[STUDENT] So how could numbers that are multiply of— easy— 4, 8, 12. No, 12. Wait.
[TUTOR] Oh, do you like it? [unclear]
[STUDENT] Mm-hmm.
[TUTOR] 12, 16.
[STUDENT] Flowers. I like math. I love math. Math is so good.
[TUTOR] Wonderful. So you have done both really well, so I don't want to do the Follow me and you do study. Shall we go straight away? Your turn. [unclear] Shall we give it a try on the question 8? [unclear] Yes. So nice, isn't it, around your classroom?
[STUDENT] No, I'm outside in the hall.
[TUTOR] Oh, is that so? Okay.
[STUDENT] Yeah, people like phony— like being silly now. [Speaker:Tutor]...yellow side. Okay, so we'll focus on our work now. What do you think about the question 8? [Speaker:Background] Okay, a regular hexagon has side— has sides of 7 centimeters. What is the perimeter?
[TUTOR] Have you heard about, have you done any questions with perimeter? [Speaker] Okay, uh, no.
[TUTOR] Hello. [Speaker] So you don't know what is perimeter, is it? Okay, so there are two, uh, things called area and perimeter. So perimeter means the total of all these sides. [unclear] All these sides, we call it as perimeter. [Speaker] 7, 14,
[TUTOR] Mm-hmm.
[STUDENT] So wait, 7, 14, 21, 28, 24, 28, and 24. [unclear]
[TUTOR] 14, 21, 28, 35, 42. [unclear] Okay, so you have repeatedly add the 7. Okay, what about the question B then? It takes Ben 8 minutes— Ben 10— 8 minutes to walk to the school. It takes Tim— Timmy Turner— 3 times as long. How long does it take Timmy Turner
[TUTOR] Mm-hmm. Okay.
[STUDENT] 8, 16.
[TUTOR] Mm-hmm. What you have done here?
[STUDENT] I times 8 by 3.
[TUTOR] Mm-hmm. That's correct. And one thing is missing. [unclear]
[STUDENT] Huh?
[TUTOR] There is one, one thing is missing in your answer.
[TUTOR] Your answer is correct, but something is missing. What do you think? [unclear] Good job on figuring out that.
[STUDENT] A egg box contains 6 eggs. I need 54 eggs. How many boxes should I buy? Yes. What do you think you have to do here?
[STUDENT] Divide 6. [unclear] 6 divide 54.
[TUTOR] Is it 6 divide 54 or 54 divide 6?
[STUDENT] Times, times, times, times.
[TUTOR] We are grouping it, right? We are regrouping it. So then, uh, that means we are dividing. Now 54 eggs are there. You have to put into boxes of 6.
[STUDENT] Okay.
[TUTOR] Okay. So here 6, another 6. What you have to do is you have to divide. [unclear]
[TUTOR] You can write the bus stop method if you like, or you have another thing, whatever the method you like. [unclear] [Speaker] 0 at the 1 because remainder, right?
[TUTOR] Mm-hmm. [Speaker] So 2, and then remainder 2. Is it 2? 6 times 2 is how much? No, because, uh, no, because could you add the 1? Because, um, why you have added the 1? To make it 6? I meant to add the 4. [unclear]
[TUTOR] Uh, you have? Okay, shall we go with the 6 times table? Then you will easily figure this out.
[STUDENT] Hold on. 6, 12, 18, 24, 30, 36, 42.
[TUTOR] Uh-huh. [unclear]
[STUDENT] 48.
[TUTOR] Uh-huh.
[STUDENT] 54.
[TUTOR] Uh-huh.
[STUDENT] 9 times.
[TUTOR] How do you— 9?
[STUDENT] 9, so— [unclear]
[TUTOR] That's correct. So don't rush, okay? But it's better if you can put 9 boxes because they are asking how many boxes should I buy. So it's better to put 9 boxes. We have to complete, right?
[STUDENT] Okay.
[TUTOR] If you are writing a sentence sort of a thing, we can do it for maths as well. Shall we write boxes? Gideon? B-O-X?
[STUDENT] Yeah, I know.
[TUTOR] Yeah, okay, great, good job. Okay, now you have to complete the grid. Take your time, don't rush. [unclear] [unclear]
[TUTOR] 3, 6, 9, 12, 5. 18, 21, 8, [unclear]
[TUTOR] Do you love to sing?
[STUDENT] Yeah.
[TUTOR] Okay. Why did you put 11 over there?
[TUTOR] Oh, wait. Okay. [unclear] That's pretty fast. How are you figuring out this?
[TUTOR] That's pretty fast. Okay.
[STUDENT] So I'm going like up to down.
[TUTOR] Okay, good. [unclear]
[TUTOR] Whip 8 times. [unclear]
[TUTOR] 8 times 9. 8 times 9. Think about— you want to go with the 9 times tables or 8 times tables?
[STUDENT] Uh, wait, what?
[TUTOR] Uh, can you tell me 8 times 10 is how much?
[STUDENT] 8 times 10? Yeah, I mean, you need to share them. 8 times 10 is 80. So 8 times 9 can give us 81. If 8 times 10 gives you 80, is there— is that possible for us to— 8 times 9 can be 81? What do you think? [unclear] Yeah.
[TUTOR] That's 8 times 10.
[STUDENT] That's 80.
[TUTOR] 80. So then 8 times 9 should be, uh, something smaller than that or bigger than that?
[BACKGROUND] Smaller.
[TUTOR] Okay, so but you have written 81.
[TUTOR] So is it smaller than 80? [unclear] What do you think? Ah, that's correct. Be careful what you are doing. Okay.
[TUTOR] Okay.
[STUDENT] And then— [unclear] because 9 times 2 gives us 18.
[TUTOR] Okay, that's how you have to figure that out. Correct. Okay, very well done.
[TUTOR] Very well done, Gideon. Are you sitting for the SATs this May?
[STUDENT] Huh?
[TUTOR] Are you sitting for the SATs this May?
[STUDENT] Uh, this week.
[TUTOR] This week, or is it in May?
[BACKGROUND] May.
[TUTOR] May, right?
[STUDENT] Yeah.
[TUTOR] Okay. Okay. Now we'll go for the next one.
[TUTOR] Hello. Okay, what is this one?
[STUDENT] Today you will learn about solving real-life problems with bar models. First
[BACKGROUND] Arnold buys 5 jars of sweets. There are 35 sweets in a jar. How many sweets does he buy altogether?
[TUTOR] So here you get the visual impression on how to do that.
[BACKGROUND] Yes. [unclear]
[TUTOR] Oh, too big.
[TUTOR] If you want, you can write the next one here. [unclear]
[TUTOR] Mm-hmm. Then go for the [UNCLEAR]. [Speaker:Gideon] [unclear]
[TUTOR] Mm-hmm. Okay. So you have done the repeated addition. Good. You can do the multiplication as well. 5 multiplied by 5. Okay, good.
[STUDENT] There are 5 towers with 3 cubes in each tower. How many cubes are there altogether? [unclear]
[TUTOR] Okay, good job. So you have done a good job here. So we directly go to the
[TUTOR] You do [UNCLEAR]. Yes. Okay. There are 7 go-karts. How many wheels are there altogether? You know what is go-karts, right? [Speaker:Gideon] Yeah.
[TUTOR] Okay. Let me see what action you have to do.
[STUDENT] 7 times 4.
[TUTOR] Uh-huh. That's correct.
[TUTOR] Correct. In the Symbol tool, you can find the rate here. [unclear] Great. Oh, next one, okay. [unclear]
[TUTOR] Tom Turbo ate 9 grapes. Sammy Copop ate 3 times as much grapes as Tom Turbo. How many grapes did Sammy eat?
[TUTOR] So here, what you have to do again. [unclear]
[BACKGROUND] What is the answer?
[TUTOR] Okay, so you wrote the actions here, but you didn't write the answer.
[STUDENT] This one, Molly has 96 sweets to put into party bags. She shares them equally between 12 party bags. How many sweets will be in each bag. So you have to divide?
[TUTOR] Yeah.
[STUDENT] So I have to divide for this one. Now, wait, let me do shapes. [unclear] [unclear]
[TUTOR] So 12 cannot fit into 9, so be 0, carry the 9 on.
[STUDENT] So then it will be?
[TUTOR] 96, so you have to see how much it fits into 96.
[TUTOR] Yeah.
[STUDENT] So it's 12, 24, place it, place it. 12, 24, place it. 48.
[TUTOR] Mm-hmm.
[STUDENT] 60, 72.
[TUTOR] Mm-hmm.
[STUDENT] 84.
[TUTOR] Yes.
[STUDENT] 96.
[TUTOR] 8 times. Wonderful. Okay, what do you think here? So take your time to read and understand this, okay? You can do this.
[STUDENT] Programs cost 50 [UNCLEAR].
[TUTOR] Any PFP?
[STUDENT] Yeah.
[TUTOR] Selling programs raised £20. How many programs are sold?
[BACKGROUND] Hmm.
[TUTOR] What you have understood from here, Gideon?
[STUDENT] [unclear]
[TUTOR] Huh?
[BACKGROUND] Have you understood this question?
[TUTOR] Yeah.
[BACKGROUND] Okay, what they are saying here? Can you explain to me?
[TUTOR] Wait, one pound.
[BACKGROUND] Uh-huh.
[TUTOR] One pound to make two pound, three pound. [unclear]
[TUTOR] Here they say one program is 50p. Okay. So you can't take just only for the what they have shown. This is one program. Okay. But they have raised how much? Huh?
[TUTOR] Now, it's a fundraiser.
[BACKGROUND] Yeah.
[TUTOR] It's a fundraiser, right?
[BACKGROUND] [unclear]
[TUTOR] Okay. So have you done fundraising for school or anything like that?
[BACKGROUND] Okay, I have a question for you now.
[TUTOR] No.
[BACKGROUND] No.
[TUTOR] No. Okay. So this is like, you know, for the charity purposes or for the school you can raise funds.
[BACKGROUND] What about the fire door? This, they have raised £20, £20 by selling programs. You know the computer programs or the gaming programs you can sell, right?
[TUTOR] Oh yeah.
[BACKGROUND] Okay, so they, they sold same program or one program, think the same program. For one program is 50p. Here they are asking How to make £20 out of 50p?
[STUDENT] Uh, wait, so they're asking— [unclear]
[TUTOR] How can you make £20 from 50p? Think about 50p coins you have seen, right?
[TUTOR] Yeah.
[BACKGROUND] Okay, how many coins do you need to make £20 from 50p coins?
[TUTOR] Oh, 50p coins. Damn.
[BACKGROUND] How do you think? What you have to do?
[TUTOR] So that will be like, this is 6. Wait on.
[TUTOR] I think [unclear]
[STUDENT] This whole thing is 6. So if you add another one, that'll make 6, 12, 12, 18. But if we do over more, That'll mean it'll be 24. So 18 is—
[TUTOR] 18 is the?
[STUDENT] Number? [unclear]
[TUTOR] Give me a moment. Tell me how many peas are there in 20 pounds?
[STUDENT] Peas in 20 pounds?
[TUTOR] Yeah?
[BACKGROUND] Peas in a 20-pound bag.
[TUTOR] In 1 pound, how many peas are there?
[BACKGROUND] There's 2.
[TUTOR] No, no, no. I'm asking in general. 1 pound has how many peas?
[BACKGROUND] [unclear]
[STUDENT] One pound has how many? Two?
[TUTOR] Two piece? It's 100 piece, Gideon. 100 piece is equivalent to one pound. Is that clear?
[STUDENT] Yeah.
[TUTOR] This is regarding the money. If you give 100 piece to a shop or somewhere anywhere, they will give you one pound note. You have seen the p's and the pound notes, right? You have seen, isn't it?
[STUDENT] Yeah.
[TUTOR] Ah, okay. So now tell me, £1 is 100p. From 50p, how many p's do you need to make £1 then? From 50p... [unclear] 2, right? Very good.
[STUDENT] Wait, so...
[TUTOR] Uh-huh. Now, can it be clear for you what we are doing?
[STUDENT] Oh, 50 times 2. [unclear]
[TUTOR] Okay.
[STUDENT] 100.
[TUTOR] Uh-huh.
[STUDENT] Oh, so 50 times 20.
[TUTOR] Is it we are times it?
[TUTOR] So tell me, Tutor, uh, yeah, that's correct. So tell me, 20p has how many, uh, 20 pounds has how many p's?
[STUDENT] 20... wait, what?
[TUTOR] 20 pounds is equivalent to how many p's?
[STUDENT] Wait, [unclear] You multiply 100 by 20, how much you will get? [unclear]
[TUTOR] Okay, you have done 2 mistakes here in this what you have written. You have done 2 mistakes. One thing, We can't divide two units, two different units at once. We have to divide or multiply whatever the same unit. So you may— the other unit. [unclear]
[TUTOR] Huh?
[STUDENT] The same unit.
[TUTOR] Yes. You have to convert this pound into these. How you are going to convert the pounds into paise?
[STUDENT] Uh... [unclear]
[TUTOR] Yeah?
[STUDENT] Times.
[TUTOR] Yeah, times it, but by what number? Okay, you have to times it. Correct. What number you times it? Okay, 20 times what number?
[STUDENT] 20.
[TUTOR] 20 pounds.
[TUTOR] We are timesing by 100. [unclear] Times it by 100 because 1 pound equals 100. Now I am looking for 20 pounds. How many hundreds are there? Can you tell me how much is that will be? The answer will be?
[STUDENT] Well, uh... [unclear]
[TUTOR] 20 times 100.
[STUDENT] Wait, so that means, uh, what? Wait.
[TUTOR] Here? What? Yeah, okay.
[STUDENT] So times 10, it will be 1,000.
[TUTOR] Uh-huh.
[STUDENT] So 2,000.
[TUTOR] 2,000, correct. Can you type down, sir, 2,000 here?
[STUDENT] Uh-oh. Wherefore it goes up here?
[TUTOR] Sorry?
[STUDENT] I thought it goes up here next to sold.
[TUTOR] No, no, no. We will sort it out. We will sort it out one step at a time. One step at a time. First complete this one to 2,000. You got clearly what we have done? Now, if I give £1, the shopkeeper will give me the 100 piece. If I give £20, he will give 2,000 piece. Is that clear?
[STUDENT] Yeah.
[TUTOR] Okay, how I convert? Now what you have to do is Now you have to do the division. Can you do the division with the bus stop method? You have to divide this number, 22,000, by 50.
[STUDENT] Okay.
[TUTOR] Can you do that one? [unclear]
[TUTOR] Do you want me to write down the— this thing?
[BACKGROUND] Oh yeah, please.
[TUTOR] So which will go— which number goes inside?
[BACKGROUND] Uh, 20,000? What, 2,000?
[TUTOR] 2000. Good. And what will be the outside?
[STUDENT] 100p?
[TUTOR] No, now we are going to do this one.
[STUDENT] Oh, okay. Yeah, 50p.
[TUTOR] 50p. Okay, good. Can you now solve the question?
[STUDENT] So 50 cannot fit into 2.
[TUTOR] Mm-hmm.
[STUDENT] So it will be 0.
[TUTOR] Mm-hmm.
[STUDENT] And then that will be— there'll be a 2 down now, so I'll be coming. Still be down. [unclear]
[TUTOR] Then how much it will be? [unclear]
[TUTOR] Uh-huh.
[STUDENT] And [UNCLEAR]. [Speaker:Tutor] Mm-hmm. What do you think now? How many programs are sold?
[STUDENT] 4a.
[TUTOR] 40. So can you explain how did you solve this equation? There are two steps in this equation to solve.
[STUDENT] But you can do a long division or short division.
[TUTOR] Uh, that is not at all problem. You can do whatever you want to do. The long division, you can do the short division. That's not an issue here. But there are two operations are involved. Two operations mean multiplication as well as division. Is that clear?
[STUDENT] Uh, yeah.
[TUTOR] Okay, now can you tell me the steps that we followed here in this question? The steps that we followed. There are 2 steps we followed.
[STUDENT] What, the 2,000 at the bottom?
[TUTOR] Uh, yeah.
[STUDENT] Oh, so what we did, we, uh, we got 100p and then times it by, uh, 20. So that gave us 2,000. So then we—
[TUTOR] Okay, why, why, why, why we multiplied 20 by 100? [unclear] Why we multiplied 20 by 100? Why?
[STUDENT] We multiply— we multiplied it because
[STUDENT] Because we got 100p because 1 pound equals 100p.
[TUTOR] Very good, well done. So always remember one thing, you can't divide any two units like liters and milliliters, you can't. [unclear] Kilograms and grams, you can't. Because always when you are doing an operation, like you know in maths we do multiplication, division, addition, subtraction, whatever the operation convert, convert the unit into same one unit. Is that clear?
[STUDENT] Yeah.
[TUTOR] Okay, so for that you are changing the unit here. That's why you multiply. And then go ahead. Then what you did? [unclear]
[STUDENT] And then we divide it by 2,000.
[TUTOR] Uh-huh.
[STUDENT] And then, uh, 50 couldn't fit into 2, so it would be a 0. And it can't fit into the 0 either. So then we'll try this one, and it will be 4. But this one, it has no remain— no remainder on it, so it must be a 0.
[TUTOR] Okay, good job. That's correct. Uh... Done. Can you write the answer here, Gideon?
[STUDENT] Okay. [unclear]
[TUTOR] Is that the answer, Gideon? What is the answer that now we got? How many programs were sold?
[STUDENT] Oh my God.
[TUTOR] Okay, okay. So always focus, Gideon, what we are doing. Like what is happening, because if we don't understand what is happening in the question, we can't solve the question. Okay? So always read. If you can't understand once, read it twice or thrice. It's okay. But unfortunately, we have to end the session now. I hope to see you next week.
[STUDENT] Okay.
[TUTOR] Okay. Have a good day. Bye.
[STUDENT] Bye. [unclear] [Speaker:Tutor]... [UNCLEAR] [unclear] [Speaker:Tutor]... [unclear]"
mymikbw,Solving real-life problems with bar models.,0.31781542,"Hello?
Yeah, I can hear you.
Good. [unclear]
Bar models.
Yeah.
Okay. [unclear] [unclear]
Because they are the same life.
Wait, no, so there's 1, 2, 3, 4, 5, 6, 7, and then there's going to be 8 [unclear] in the middle, and then 9. [unclear]
Yeah.
Right, you need to go to your classroom. It's not your job to get them all to the classroom, okay? Go away and you need to go and use one hand only. [unclear]
quick.
Before using bar models, we can look at how to use pictures to help us solve problems.
Okay. [unclear] [unclear]
[unclear]
It says, um, I think it's by them, by— [unclear]
Oh, was she coloring? [unclear]
[UNCLEAR] [unclear]
[unclear] This is going to be our new book when we come down here. Okay? [unclear]
Because—
Because there's 6 here and 6 [unclear] 2 is 4.
Yeah.
And so this side is 4.
5, 4, 5, 6, 3, 2, 1.
How would you know this? [unclear]
It can still be 13 minutes.
No, you'll love it.
And then we know, um, where my sister has to finish then.
The school playground is made up of 3 spaces. The largest space has a [unclear] of 60 feet. The middle space has a [unclear] of 40 feet. What is the perimeter of the whole playground? [unclear]
Yeah. When solving multiplication and division problems, a bar model is a useful tool.
Uh-huh.
Okay. [unclear] [unclear]
Sir, um... [unclear]
Shall I keep it?
Okay.
The hat looks like... [unclear]
You could group them.
That means that pink spaces are [UNCLEAR].
Okay.
7.
Yes. [unclear]
10 times 7, so 37.
Uh-huh, because there's a 5.
Okay. So how many 5s? [unclear]
21.
Because it would be 7 feet.
Okay. [unclear] [unclear]
Okay.
Okay.
Okay.
Okay.
I don't get how I'm doing 82 and not 62. I don't get how I'm doing 82 and not 62.
Yeah, I'm tired. I'm tired today. [unclear] Yeah. [unclear] [unclear]
Yeah, it says the bullet goes [UNCLEAR].
Okay, yeah, that's fine. [unclear]
Okay.
Solve these problems and write the calculation needed for each. There are 7 go-karts. How many wheels are there altogether? [unclear]
The question is to like— [unclear] This line is also joining stuff because when it is not there anymore, it wouldn't be the same. [unclear]
Well, I think so. [unclear]
Okay. How much would it cost all together?
5... [unclear]
The theme is...
Yeah. [unclear]
This is 62 per liter. This one. Yeah. [unclear]
Yes.
Is it a multiplication?
Why?
[UNCLEAR] [unclear]
Because there's like a little bit of one line.
Can you say that again, please?
Because they want to know how many, like, egg boxes they can build.
Yeah. [unclear]
One half.
So what we could do first, we can write our 12 times 2 together. So 12, 24, 36, 48, and then this would be... [unclear] Very good. Now we are moving on to the last. [unclear]
Okay. Programs cost 50 pence. Selling programs raises £20. How many programs are sold?
50 times... 50 times 4, maybe? [unclear] [unclear]
Yeah, I did.
Exactly.
Thank you.
Okay.
Uh-huh.
Yeah.
Okay. [unclear]
Because...
Very magic. [unclear]
Yeah.
Uh-huh.
Yeah.
Okay.
Yeah.
Um, 7 books are left over.
Uh-huh.
Um, it's clear. So it's 25. [unclear]
Okay.
Uh-huh.
Okay.
36.
Yeah. 5. [unclear]
Do you want to go to the other place? We can't because there's a wall here. So then— [unclear] So 22 or 252?
Oh, okay. [unclear]
Pardon?
Yeah.
Oh, okay. So, all right. [unclear]
So that means...
animals...
2000, and then you see... [UNCLEAR] [unclear]
Before thinking about remainders, it is useful to know your multiples.
Okay. [unclear]
Okay.
Okay.
Okay. [unclear]
First of all, how many [unclear] is 5 plus 2, 0, into 20, which is 1, remaining the 8. So how many things have the 8? How much times table sign I need to write for 6?
Okay. [unclear] [unclear]
I can't find the other factor for the last Okay, [UNCLEAR].
Okay, I'll do 2 over here, okay?
How many cats can you buy in total?
So what you have to do is—
[unclear]
[unclear]
25.
Yes.
with... [UNCLEAR]...shorter, straighter hair. [UNCLEAR]
Yeah.
So he's correct on 1 because 1 plus 9 is 9.
Yeah, okay. [unclear]
In a Harry Potter sheet, there are 4 digits.
You guys all right? Do you need help? [unclear]
[UNCLEAR] [unclear]
[unclear] [unclear]
Wait, right, we're listening in here. [unclear]
So we learned about how remainders can help with life problems. Well, actually, uh, sort of, yeah. But did you understand the concept?
Yeah.
No.
Uh-huh.
Bye. [unclear]","Hello?
Hello, Aiden, can you hear me?
Aiden, so welcome back to the session. So how has your day been today?
All right. So Aiden, what do you think you're going to learn today about?
Exactly. So solving real-life problems with bar models, right?
So, have you done this kind of question?
Okay, so if so, then can you try the prior learning and the learning goal, please?
Is it— is it times?
Times.
All right, very good.
Now, Aiden, can you read this sentence to me, please?
Right, so here we have the division, and we have two sections, grouping and the sharing. Here we have the multiplication, right? I hope you can do this question. Can you try this by yourself? Just take your own time, no problem.
[unclear]
Finished.
Yellow is 1.
You got a single bed one.
Right.
18.
Yeah.
I don't want to do reading. I don't want to do reading.
Yeah.
In the middle.
Okay, now Aiden, can you read this sentence to me, please?
So what do you understand by the question? Using a bar model to help solve multiplication and division.
Right, very good. Okay, I hope you can do this question.
Okay, let's give it a try then.
What did you understand when you said that?
Very good, very good.
Yeah.
Yeah.
It looks like this. [unclear]
Oh, hold on. [unclear]
[unclear]
So now let's move on to the next slide, which is T. Follow me and your turn.
So here we are going to look at sharing model for division. You can see a farmer picks 520 apples from a field. So she puts them equally into 5 crates. Okay, so how many apples does she put in each crate?
So you can see that we have drawn the model to show this problem. 525 apples, right? If you put them equally into 5 crates, so how much would that be? To find that, what we do is we divide 525 And then you put your 4, sorry.
Divided by? [unclear]
So the answer would be?
105. Do you know what is the easiest way to do this? You know how I did this so fast?
Divided the 500 by 5, which is 100. Okay, then 25 by 5. So if I divide 500 by 5, it's 10. [unclear]
Yeah, right. So now can you try your turn?
0. And then put together that only 5 again. 6. Because you add everything in your head and you add them together. Put the 0 back down. And then this one will be 10. And the rest will be 10. [unclear] [unclear]
[unclear]
Here you can just write 14 down.
Okay.
Aiden, we have another follow me and your turn.
The grouping model for division. Okay. Now you see a school has 180 crayons. [unclear]
They put 12 crowns in each pot. So how many pots do they need? First, we are going to draw a bar model to show the problem. Okay?
180 crowns. They put 12 crowns in each pot. Okay?
See that? So how many pots do they need? So— [unclear]
180. To find that, I have to divide 180 by 12. The answer would be 15. Okay.
Now you have to try your turn.
Okay. [unclear] [unclear]
Yeah. [unclear]
So this is a very good effort, okay?
But only thing is that you have to— you don't have to do it this way. You can simply do it like this.
So can you read this sentence?
Very good. Okay. So try to work hard on this.
Okay.
If you find it difficult, you can ask me, okay?
Yes. There are 21 people in the class and we know that they all have to pay their enrolment together. What do you know of the discount code? How much would it cost all together?
Great.
Okay.
Can you see there are 7 books?
Okay.
Yeah.
Okay.
Because it says how many wheels are all together, so... [unclear] [unclear]
Yeah.
I think so.
So here, all that bit now, paper, [unclear] [unclear]
So it's probably the middle, but I can't see it. [unclear]
So, like, they're sharing them?
So they want to build a nest on the tree? [unclear]
Yeah. [unclear]
So what calculation do you think is needed for you to solve this problem?
Was it? You're gonna take your own time and think?
Okay. [unclear]
Would it be 40 programmes for sold? [unclear]
Would 40 programs be sold?
Okay.
Wait, pardon?
So can you try this question?
Something very similar like what we did before, okay?
Why is the hat on top of the tree like that?
What do we know about the hat? It's really, really, really...
So he lived under here. [unclear] She's like, can you remember? There was a little nest on the hat on there.
That's what the whole story is about, this giant hat and then lots of animals. So he has the bear, remember? He has the stork, the dove, the owl, the canary. [unclear] I think that might be it. All want to build a nest onto his hat. And then by the end, he won't feel lonely because now he's got a little [UNCLEAR].
In regards to this one here, there are 27 books, right?
Yes?
So imagine we have a book cupboard here.
And in this cupboard we have 27 books, all [UNCLEAR].
So what the Tutor does is that About.
Altogether here we have 25, right?
So we have 27 books altogether. So the teacher put 5 books on each table. 2 books are left over. Is that clear, or you want me to explain that again?
So now the question is, there are 27 books, okay?
So we have 27 books here.
Okay?
The teacher puts 5 books on each table. [unclear]
So how many books are left over?
Right. So you see, you have 25— 27 books. You have 27 books. Okay. And you put 5 books on each table, right?
Altogether it's 25 here, right? So you had 27 books, you put 5 books on each table. So 27 take away 25.
2 is the answer. Okay.
Pardon? What do you mean by the term leftover? [unclear]
Okay, just imagine you have It's like this, okay? This is nothing to get complicated. So just imagine a teacher has 27 books, okay? Imagine you have 5 friends. [unclear]
So including you, it's 5 friends. He gives 5 books to one girl, so she gives another book, another 5 to another girl, okay? Another 5 to another, right? So she gives away 25.
Out of 27 books, right? So when you have 27 books and when you give away 25, how much is remaining? [unclear] Now you understand?
So when they say you to write the first 5 multiples of 6, so it's like this. Let they say you write the first multiples, 5 multiples of 5. [unclear]
Okay, then you write 5, 10, 15, 20, 25, and so on. So here you have to write the multiples of 6.
Yeah.
Yeah.
You'd have to do that as well.
Now let's move on to the next slide. So can you read this sentence?
Right, so here you can make use of this chart to help you. First of all, you have to write the 4 times table.
Then the 6 times table, 7, and then 8.
So 6 and 8, you can write about 5 or 6 multiples is enough. Okay?
Not more than that is not needed. Okay?
Just 6 is enough.
dear, can you have a look at this?
Okay, so 2. [unclear]
5.
What's something you like about playing with Mango so far?
25.
43 pennies.
to live with. No, hang on, let me double-check. Yes, with. Do you know how to spell with? Or what's one that you don't like? [UNCLEAR]
Do you like his hat?
What do you like about his hat? [unclear]
He put [unclear] 16, 2, 3, 4, 5, 6, 7, 8, 9, 10, 11, 12.
He's also correct on 11. [unclear]
Can you write 2 more multiples?
add the 1 to the first digit.
Yeah, so 32. And then you have to do...
We couldn't see them and one of the TAs helped us.
Okay, put the 4 there. 8 times 4 equals 32, and 10 equals 36. And fraction it, and then take the 0.3, and then 2 times 5 equals 10. [unclear]
Okay, Aiden, we have less than one minute to end the session. So can you give me a quick reflection on what we learned today?
Right. So you have any questions? No?
Yes? Right. So, uh, Aiden, thanks for joining for today's session on time. So I hope you have a great, uh, weekend again, day ahead. Okay? So I hope to see you. See you next week. So make sure you attempt your quizzes and fill your forms, okay?
Right. So, bye.","[BACKGROUND] [unclear]
[TUTOR] Hello?
[STUDENT] Hello?
[TUTOR] Hello, Aiden, can you hear me?
[STUDENT] Yeah, I can hear you.
[TUTOR] Aiden, so welcome back to the session. So how has your day been today?
[STUDENT] Good. [unclear]
[TUTOR] All right. So Aiden, what do you think you're going to learn today about?
[STUDENT] Bar models.
[TUTOR] Exactly. So solving real-life problems with bar models, right?
[TUTOR] So, have you done this kind of question?
[STUDENT] Yeah.
[TUTOR] Okay, so if so, then can you try the prior learning and the learning goal, please?
[STUDENT] Okay. [unclear] [unclear]
[STUDENT] Because they are the same life.
[STUDENT] Wait, no, so there's 1, 2, 3, 4, 5, 6, 7, and then there's going to be 8 [unclear] in the middle, and then 9. [unclear]
[TUTOR] Is it— is it times?
[STUDENT] Yeah.
[TUTOR] Times.
[STUDENT] Right, you need to go to your classroom. It's not your job to get them all to the classroom, okay? Go away and you need to go and use one hand only. [unclear]
[TUTOR] All right, very good.
[STUDENT] quick.
[TUTOR] Now, Aiden, can you read this sentence to me, please?
[STUDENT] Before using bar models, we can look at how to use pictures to help us solve problems.
[TUTOR] Right, so here we have the division, and we have two sections, grouping and the sharing. Here we have the multiplication, right? I hope you can do this question. Can you try this by yourself? Just take your own time, no problem.
[STUDENT] Okay. [unclear] [unclear]
[STUDENT] [unclear]
[STUDENT] It says, um, I think it's by them, by— [unclear]
[TUTOR] [unclear]
[TUTOR] Finished.
[STUDENT] Oh, was she coloring? [unclear]
[STUDENT] [UNCLEAR] [unclear]
[STUDENT] [unclear] This is going to be our new book when we come down here. Okay? [unclear]
[STUDENT] Because—
[STUDENT] Because there's 6 here and 6 [unclear] 2 is 4.
[TUTOR] Yellow is 1.
[STUDENT] Yeah.
[TUTOR] You got a single bed one.
[STUDENT] And so this side is 4.
[TUTOR] Right.
[STUDENT] 5, 4, 5, 6, 3, 2, 1.
[TUTOR] 18.
[STUDENT] How would you know this? [unclear]
[TUTOR] Yeah.
[STUDENT] It can still be 13 minutes.
[TUTOR] I don't want to do reading. I don't want to do reading.
[STUDENT] No, you'll love it.
[TUTOR] Yeah.
[STUDENT] And then we know, um, where my sister has to finish then.
[TUTOR] In the middle.
[STUDENT] The school playground is made up of 3 spaces. The largest space has a [unclear] of 60 feet. The middle space has a [unclear] of 40 feet. What is the perimeter of the whole playground? [unclear]
[TUTOR] Okay, now Aiden, can you read this sentence to me, please?
[STUDENT] Yeah. When solving multiplication and division problems, a bar model is a useful tool.
[TUTOR] So what do you understand by the question? Using a bar model to help solve multiplication and division.
[TUTOR] Right, very good. Okay, I hope you can do this question.
[STUDENT] Uh-huh.
[TUTOR] Okay, let's give it a try then.
[STUDENT] Okay. [unclear] [unclear]
[TUTOR] What did you understand when you said that?
[STUDENT] Sir, um... [unclear]
[TUTOR] Very good, very good.
[STUDENT] Shall I keep it?
[TUTOR] Yeah.
[STUDENT] Okay.
[TUTOR] Yeah.
[STUDENT] The hat looks like... [unclear]
[TUTOR] It looks like this. [unclear]
[STUDENT] You could group them.
[TUTOR] Oh, hold on. [unclear]
[STUDENT] That means that pink spaces are [UNCLEAR].
[TUTOR] [unclear]
[TUTOR] So now let's move on to the next slide, which is T. Follow me and your turn.
[STUDENT] Okay.
[TUTOR] So here we are going to look at sharing model for division. You can see a farmer picks 520 apples from a field. So she puts them equally into 5 crates. Okay, so how many apples does she put in each crate?
[STUDENT] 7.
[TUTOR] So you can see that we have drawn the model to show this problem. 525 apples, right? If you put them equally into 5 crates, so how much would that be? To find that, what we do is we divide 525 And then you put your 4, sorry.
[TUTOR] Divided by? [unclear]
[STUDENT] Yes. [unclear]
[TUTOR] So the answer would be?
[STUDENT] 10 times 7, so 37.
[TUTOR] 105. Do you know what is the easiest way to do this? You know how I did this so fast?
[STUDENT] Uh-huh, because there's a 5.
[TUTOR] Divided the 500 by 5, which is 100. Okay, then 25 by 5. So if I divide 500 by 5, it's 10. [unclear]
[TUTOR] Yeah, right. So now can you try your turn?
[STUDENT] Okay. So how many 5s? [unclear]
[STUDENT] 21.
[TUTOR] 0. And then put together that only 5 again. 6. Because you add everything in your head and you add them together. Put the 0 back down. And then this one will be 10. And the rest will be 10. [unclear] [unclear]
[TUTOR] [unclear]
[STUDENT] Because it would be 7 feet.
[TUTOR] Here you can just write 14 down.
[TUTOR] Okay.
[STUDENT] Okay. [unclear] [unclear]
[TUTOR] Aiden, we have another follow me and your turn.
[STUDENT] Okay.
[TUTOR] The grouping model for division. Okay. Now you see a school has 180 crayons. [unclear]
[TUTOR] They put 12 crowns in each pot. So how many pots do they need? First, we are going to draw a bar model to show the problem. Okay?
[STUDENT] Okay.
[TUTOR] 180 crowns. They put 12 crowns in each pot. Okay?
[STUDENT] Okay.
[TUTOR] See that? So how many pots do they need? So— [unclear]
[TUTOR] 180. To find that, I have to divide 180 by 12. The answer would be 15. Okay.
[STUDENT] Okay.
[TUTOR] Now you have to try your turn.
[TUTOR] Okay. [unclear] [unclear]
[STUDENT] I don't get how I'm doing 82 and not 62. I don't get how I'm doing 82 and not 62.
[TUTOR] Yeah. [unclear]
[STUDENT] Yeah, I'm tired. I'm tired today. [unclear] Yeah. [unclear] [unclear]
[STUDENT] Yeah, it says the bullet goes [UNCLEAR].
[TUTOR] So this is a very good effort, okay?
[TUTOR] But only thing is that you have to— you don't have to do it this way. You can simply do it like this.
[STUDENT] Okay, yeah, that's fine. [unclear]
[STUDENT] Okay.
[TUTOR] So can you read this sentence?
[STUDENT] Solve these problems and write the calculation needed for each. There are 7 go-karts. How many wheels are there altogether? [unclear]
[TUTOR] Very good. Okay. So try to work hard on this.
[TUTOR] Okay.
[STUDENT] The question is to like— [unclear] This line is also joining stuff because when it is not there anymore, it wouldn't be the same. [unclear]
[STUDENT] Well, I think so. [unclear]
[TUTOR] If you find it difficult, you can ask me, okay?
[STUDENT] Okay. How much would it cost all together?
[STUDENT] 5... [unclear]
[TUTOR] Yes. There are 21 people in the class and we know that they all have to pay their enrolment together. What do you know of the discount code? How much would it cost all together?
[STUDENT] The theme is...
[TUTOR] Great.
[STUDENT] Yeah. [unclear]
[TUTOR] Okay.
[STUDENT] This is 62 per liter. This one. Yeah. [unclear]
[TUTOR] Can you see there are 7 books?
[STUDENT] Yes.
[TUTOR] Okay.
[STUDENT] Is it a multiplication?
[TUTOR] Yeah.
[TUTOR] Okay.
[STUDENT] Why?
[TUTOR] Because it says how many wheels are all together, so... [unclear] [unclear]
[TUTOR] Yeah.
[STUDENT] [UNCLEAR] [unclear]
[TUTOR] I think so.
[STUDENT] Because there's like a little bit of one line.
[TUTOR] So here, all that bit now, paper, [unclear] [unclear]
[TUTOR] So it's probably the middle, but I can't see it. [unclear]
[STUDENT] Can you say that again, please?
[STUDENT] Because they want to know how many, like, egg boxes they can build.
[TUTOR] So, like, they're sharing them?
[STUDENT] Yeah. [unclear]
[TUTOR] So they want to build a nest on the tree? [unclear]
[STUDENT] One half.
[TUTOR] Yeah. [unclear]
[STUDENT] So what we could do first, we can write our 12 times 2 together. So 12, 24, 36, 48, and then this would be... [unclear] Very good. Now we are moving on to the last. [unclear]
[STUDENT] Okay. Programs cost 50 pence. Selling programs raises £20. How many programs are sold?
[TUTOR] So what calculation do you think is needed for you to solve this problem?
[STUDENT] 50 times... 50 times 4, maybe? [unclear] [unclear]
[TUTOR] Was it? You're gonna take your own time and think?
[STUDENT] Yeah, I did.
[TUTOR] Okay. [unclear]
[TUTOR] Would it be 40 programmes for sold? [unclear]
[TUTOR] Would 40 programs be sold?
[STUDENT] Exactly.
[TUTOR] Okay.
[BACKGROUND] Very good. Okay, I'm so proud of you, Aiden.
[STUDENT] Thank you.
[BACKGROUND] Now let's move on to the new list. Okay. [unclear]
[TUTOR] Wait, pardon?
[BACKGROUND] Right, today you're going to learn about solving real-life problems with remainder. Okay?
[STUDENT] Okay.
[BACKGROUND] If you look at this question, can you tell me, learn this [unclear] or something very new you're learning about?
[STUDENT] Uh-huh.
[TUTOR] So can you try this question?
[STUDENT] Yeah.
[TUTOR] Something very similar like what we did before, okay?
[STUDENT] Okay. [unclear]
[TUTOR] Why is the hat on top of the tree like that?
[STUDENT] Because...
[TUTOR] What do we know about the hat? It's really, really, really...
[STUDENT] Very magic. [unclear]
[TUTOR] So he lived under here. [unclear] She's like, can you remember? There was a little nest on the hat on there.
[STUDENT] Yeah.
[TUTOR] That's what the whole story is about, this giant hat and then lots of animals. So he has the bear, remember? He has the stork, the dove, the owl, the canary. [unclear] I think that might be it. All want to build a nest onto his hat. And then by the end, he won't feel lonely because now he's got a little [UNCLEAR].
[TUTOR] In regards to this one here, there are 27 books, right?
[STUDENT] Uh-huh.
[TUTOR] Yes?
[STUDENT] Yeah.
[TUTOR] So imagine we have a book cupboard here.
[STUDENT] Okay.
[TUTOR] And in this cupboard we have 27 books, all [UNCLEAR].
[STUDENT] Yeah.
[TUTOR] So what the Tutor does is that About.
[STUDENT] Um, 7 books are left over.
[TUTOR] Altogether here we have 25, right?
[STUDENT] Uh-huh.
[TUTOR] So we have 27 books altogether. So the teacher put 5 books on each table. 2 books are left over. Is that clear, or you want me to explain that again?
[STUDENT] Um, it's clear. So it's 25. [unclear]
[TUTOR] So now the question is, there are 27 books, okay?
[STUDENT] Okay.
[TUTOR] So we have 27 books here.
[STUDENT] Uh-huh.
[TUTOR] Okay?
[STUDENT] Okay.
[TUTOR] The teacher puts 5 books on each table. [unclear]
[TUTOR] So how many books are left over?
[STUDENT] 36.
[TUTOR] Right. So you see, you have 25— 27 books. You have 27 books. Okay. And you put 5 books on each table, right?
[STUDENT] Yeah. 5. [unclear]
[TUTOR] Altogether it's 25 here, right? So you had 27 books, you put 5 books on each table. So 27 take away 25.
[STUDENT] Do you want to go to the other place? We can't because there's a wall here. So then— [unclear] So 22 or 252?
[TUTOR] 2 is the answer. Okay.
[STUDENT] Oh, okay. [unclear]
[TUTOR] Pardon? What do you mean by the term leftover? [unclear]
[STUDENT] Pardon?
[TUTOR] Okay, just imagine you have It's like this, okay? This is nothing to get complicated. So just imagine a teacher has 27 books, okay? Imagine you have 5 friends. [unclear]
[TUTOR] So including you, it's 5 friends. He gives 5 books to one girl, so she gives another book, another 5 to another girl, okay? Another 5 to another, right? So she gives away 25.
[TUTOR] Out of 27 books, right? So when you have 27 books and when you give away 25, how much is remaining? [unclear] Now you understand?
[STUDENT] Yeah.
[TUTOR] So when they say you to write the first 5 multiples of 6, so it's like this. Let they say you write the first multiples, 5 multiples of 5. [unclear]
[TUTOR] Okay, then you write 5, 10, 15, 20, 25, and so on. So here you have to write the multiples of 6.
[STUDENT] Oh, okay. So, all right. [unclear]
[TUTOR] Yeah.
[STUDENT] So that means...
[TUTOR] Yeah.
[STUDENT] animals...
[TUTOR] You'd have to do that as well.
[STUDENT] 2000, and then you see... [UNCLEAR] [unclear]
[TUTOR] Now let's move on to the next slide. So can you read this sentence?
[STUDENT] Before thinking about remainders, it is useful to know your multiples.
[TUTOR] Right, so here you can make use of this chart to help you. First of all, you have to write the 4 times table.
[STUDENT] Okay. [unclear]
[TUTOR] Then the 6 times table, 7, and then 8.
[STUDENT] Okay.
[TUTOR] So 6 and 8, you can write about 5 or 6 multiples is enough. Okay?
[STUDENT] Okay.
[TUTOR] Not more than that is not needed. Okay?
[STUDENT] Okay. [unclear]
[STUDENT] First of all, how many [unclear] is 5 plus 2, 0, into 20, which is 1, remaining the 8. So how many things have the 8? How much times table sign I need to write for 6?
[TUTOR] Just 6 is enough.
[STUDENT] Okay. [unclear] [unclear]
[STUDENT] I can't find the other factor for the last Okay, [UNCLEAR].
[TUTOR] dear, can you have a look at this?
[STUDENT] Okay, I'll do 2 over here, okay?
[TUTOR] Okay, so 2. [unclear]
[STUDENT] How many cats can you buy in total?
[TUTOR] 5.
[STUDENT] So what you have to do is—
[TUTOR] What's something you like about playing with Mango so far?
[STUDENT] [unclear]
[TUTOR] 25.
[STUDENT] [unclear]
[TUTOR] 43 pennies.
[STUDENT] 25.
[STUDENT] Yes.
[TUTOR] to live with. No, hang on, let me double-check. Yes, with. Do you know how to spell with? Or what's one that you don't like? [UNCLEAR]
[STUDENT] with... [UNCLEAR]...shorter, straighter hair. [UNCLEAR]
[TUTOR] Do you like his hat?
[STUDENT] Yeah.
[TUTOR] What do you like about his hat? [unclear]
[TUTOR] He put [unclear] 16, 2, 3, 4, 5, 6, 7, 8, 9, 10, 11, 12.
[STUDENT] So he's correct on 1 because 1 plus 9 is 9.
[TUTOR] He's also correct on 11. [unclear]
[TUTOR] Can you write 2 more multiples?
[STUDENT] Yeah, okay. [unclear]
[TUTOR] add the 1 to the first digit.
[STUDENT] In a Harry Potter sheet, there are 4 digits.
[TUTOR] Yeah, so 32. And then you have to do...
[STUDENT] You guys all right? Do you need help? [unclear]
[STUDENT] [UNCLEAR] [unclear]
[STUDENT] [unclear] [unclear]
[TUTOR] We couldn't see them and one of the TAs helped us.
[STUDENT] Wait, right, we're listening in here. [unclear]
[TUTOR] Okay, put the 4 there. 8 times 4 equals 32, and 10 equals 36. And fraction it, and then take the 0.3, and then 2 times 5 equals 10. [unclear]
[TUTOR] Okay, Aiden, we have less than one minute to end the session. So can you give me a quick reflection on what we learned today?
[STUDENT] So we learned about how remainders can help with life problems. Well, actually, uh, sort of, yeah. But did you understand the concept?
[STUDENT] Yeah.
[TUTOR] Right. So you have any questions? No?
[STUDENT] No.
[TUTOR] Yes? Right. So, uh, Aiden, thanks for joining for today's session on time. So I hope you have a great, uh, weekend again, day ahead. Okay? So I hope to see you. See you next week. So make sure you attempt your quizzes and fill your forms, okay?
[STUDENT] Uh-huh.
[TUTOR] Right. So, bye.
[STUDENT] Bye. [unclear]"
gxwchen,Solving real-life problems with remainders.,0.31858185,"I can hear you.
Yeah.
Can I?
I'm really sorry, I can't hear you. It seems to be too low.
Hi, can you hear me?
Yeah, is it loud enough?
Perfect. I'll pass you back to Lachlan.
Thank you. [unclear]
Yes, I can hear you.
There are 18 children in this school playing football.
Pardon?
Mm-hmm. How much is the remainder? [unclear]
Yeah.
Yeah.
[unclear]
5.
5.
Can you check with the D part once again? It says complete pom-poms. How many pom-poms will be completed? So tell me what would be the answer if it's about a complete pom-pom.
I don't understand what you're talking about.
[unclear]
The complete pom-pom can be made within 28 minutes. That is, when we start multiplying this 7 and the 4 whole together, how much do you get? 7 times 4. How much do we get when we multiply 7 and 4 together?
Um, can you check it once again? It is 20.
[unclear]
[unclear]
Yes?
Um...
3 complete trays, isn't it? So this is the completed trays, and we have just got 1 apple left over. Even if we start doing the bust-off method to work out this question, we can still get the same answer. Now we are going to divide the 13 by a 4 because we are adding 4 apples in. Each tray. So we check for whether we can divide 4 by a 1. Like, let's say whether you find 4 in 1. No, there is no 4 in a 1. So we don't find the groups of 4 in a 1. So it's a 0 there. And now we have to consider 13.
So if we check with the 4 times table, it's 4, 8, 12, and then we got 16, 20, it goes on. So 13 is very close to 12, which is 4 times 3. So I write 3 here and we will get a remainder of 1.
Yeah, I'm okay.
Yeah.
I can't finish tonight, so can you do this?
Yeah.
42 is 3, 4, 5 times 7.
[unclear]
Here I get...
Yeah. [unclear]
8 times. [unclear]
Okay. Can you check with the audio?
Hello.
[unclear]
Yes, I can hear you. Can you hear me?
Alright, so this question clearly says that it is a 2-digit number, and when we divide the number by 5, we get 2 remainder, and when we divide the number by 8, we get 1 remainder. So can you give a try listing down the multiples of 5 over here?
We need to do 5 9 10 11 12 13 14 15 16 17 18 19 20 21 22 23 24 25 26 27 28 29 30 31 32 33 34 35 36 37 38 39 40 41 42 43 44 45 46 47 48 49 50 51 52 53 54 55 56 57 58 59 60 61 62 63 64 65 60 61 62 63 64 65 60 61 62 63 64 65 60 61 62 63 64 65 60 61 62 63 64 65 60 61 62 63
Yeah.
Yes, I can hear you.
Mm-hmm.
Yes, we can hear you.
1. 16
[unclear]","Oh, hi, Lachlan. Can you hear me? [unclear]
Yeah, I can hear you, but not that loud. Can you hear me, Lachlan?
Okay, so your voice is too low.
Mm-hmm. All right, Lachlan, so
How are you today? [unclear]
Hello, how are you? [Speaker:Lachlan]... [UNCLEAR]
Hello, Lachlan. I can't hear you, I'm sorry. Can you hear me? [unclear]
Okay, Lachlan, can you say hello?
All right, Lachlan. So I can hear you, but in a very low voice. All right.
So how are you today? How are you? Hello? Lachlan, how are you today? [unclear]
Lachlan, can you get the help from the adult in the room? Your voice is not that clear. I'm really sorry about that. Can you get the help of the adult in the room? [unclear] [unclear]
Hello?
She's... [unclear]
Hello, can you hear me? [unclear]
I'll try refreshing from my end. [unclear]
Hello, can you hear me?
Hello?
Yeah, now it's better. I can hear you.
Yes, it's loud enough. Thank you.
Okay, sure. Thank you.
Hi, Lachlan. Can you hear me?
Okay, that's great. So how are you today? How are you? How was your day today? [unclear] Wonderful. Good to hear that. So did you do anything interesting today, Lachlan?
Did you do anything interesting? [unclear] Okay, all right, Lachlan. So today's lesson— yes? Do you want to say something? Okay, so today's lesson is about—
Today's lesson is going to be about solving real-life problems with remainders. And we have to get started with [unclear] slide, C part. OK? We're going to get started working out with this part. Can you start reading?
Exactly, that was awesome reading the question there, Lachlan. As a first tip, can you give a try underlining the keywords? [unclear] [unclear]
Yes. [Speaker:Lachlan]... [UNCLEAR]
And we're going to travel by car, so each car will take 4 children. The question is how many cars we need. So how are we going to work out this question, Lachlan? [unclear]
Yes, bus stop method. So can you give a try working on it, Lachlan? [unclear]
So how are we going to work this part out, Lachlan? What is the first step? [unclear]
Yes. [unclear]
So how many times 4 goes into 18? [unclear]
That would be 4.
Exactly, there we go, Lachlan. That was awesome effort in working out with the question.
Okay, so Lachlan, you have to find the number of cars we need. How many cars do we need if you are going to take 4 children in one car? And there are 18 children in total. How many cars do you need? How many children can we take with 4 cars? Exactly. How did you find that it's 5 cars, Lachlan? [unclear]
5. [unclear]
Exactly, that was amazing explanation there. Okay, what some students they do is they write only 4 cars. But then we have 2 children left. We have to take them in another car. So therefore, 4 and 1 car equals 5 cars in total. So these 4 cars will have 4 children in it, but the final car that we are taking will have 2 children in it. Are we all good with that, Lachlan?
Now let's start working out with the D part. Can you start reading? [unclear]
It took 7 minutes to make a pom-pom. [unclear] Complete pom-pom can be made in 30 minutes.
Yes, so you define how many pom-poms we can finish within 30 minutes. So how are we going to work out this question, Lachlan? [Speaker:Lachlan]...
What method are you going to use to work out this question? [unclear] Exactly, there we go. So let's start working out that question. So Lachlan, can you give a try working on it?
Okay, Lachlan, you can— yes, there we go. [unclear] Excellent job there, Lachlan. [unclear]
How are we going to work out this part, Lachlan? What's the first step? Great job.
And then carry the 3 over to make it 30. [unclear] [unclear]
All right, there we go. Good job in working this part out, Lachlan. So what would be the answer that you would place in the blank? Let's read this question one more time. It takes 7 minutes to make a pom-pom.
How many? The question says how many complete pom-poms can be made within 30 minutes. So you have to find the completed pom-pom. So how many complete pom-poms can we make, Lachlan? [unclear]
Yes, Lachlan, how many complete pom-poms can we make?
Can you check with your answers once again? How much is a complete pom-pom?
Pardon?
Okay, can you explain me how you got 5 there? [unclear]
For the first one we did, I answered the next one again. It will take me to session. Oh, I was looking at the wrong thing.
Yes. [unclear]
Pardon?
Okay, so we have to find now in 7 minutes you can make
One pom-pom. Okay, so we have to find in 30 minutes how many pom-poms can be made, and this is going to be a complete pom-pom. So what would be the answer that we would get to identify the complete pom-pom here?
So we have got the answer as 5. Can you tell me the reason for answer? For getting the answer as 5? [unclear]
Okay, great. So good job there, Lachlan. But then when we look into it, We got 4 and remainder 2, right? So which one is complete one? This is a remainder. Is this remaining 2 is a complete one or an incomplete one? [unclear]
It's an incomplete one. We have just— we have not completed. We have just got 2 minutes left. So within 2 minutes we can't make one pom-pom. We need at least 7 minutes to make. So this is 2 minutes, which is the remainder.
Okay.
You get 26.
Check with the 7 times table. 7 times 1 is 7. 7 times 2 is 14. And 7 times 3 is? [unclear] How much is 7 times 3, Lachlan? [unclear]
21. And 7 times 4 is? [unclear]
28. So it takes 28 minutes to complete 4 pom-poms.
Isn't it, Lachlan?
So which means we have got 2 minutes left. We have not completed the pom-pom. Because to complete the pom-pom we need 7 minutes, but we have 2 minutes which is a remainder. So how many complete pom-poms will be there?
The completed one. [unclear]
Yes. How much is the completed pom-poms?
Pardon? [unclear] Okay, so is it a 2? [unclear] Okay, so the number that we write here as the quotient is going to be the number of parts that we have completed. That is how we do the division. So if we can complete one pom-pom within 17 7 minutes. Within 30 minutes, how many pom-poms can be completed? So we did 30 divided by 7, and we got the answer as 4. And then only we identified the remaining number of minutes, which is 2, and we placed it over here. That is the remaining number of minutes, which is 2.
So how many pom-poms did we complete?
Completely. How much did you get as your answer when you divided 30 by 7?
4 remainder 2. So this is the remaining amount. Is it a complete compound that we have written as 2 here?
Pardon? Is it a completed pom-pom over here which is remained too? [unclear] Yes, Lachlan.
Lachlan?
Is it a completed pom-pom over here which is a remainder too? [unclear]
Okay, so Lachlan, let me take you to this particular slide over here. Let's work this part out together. Can you start reading?
Can you start reading, Lachlan? [unclear]
We have— yes, Lachlan, you can start reading. [unclear]
Okay, the question says that we have 13 apples. If you start counting over here, we got 13 apples. 1, 2, 3, 4, 5, 6, 7, 8, 9, 10, 11, 12, 13. And we are going to place 4 in each tray. So you find that they have divided this into trays, right? 1, 2, and 3. So how many complete trays you can make here? [unclear]
Yes, we got 3 remainder 1. So how many complete trays you were able to make?
Right.
Yeah.
[unclear]
Okay, so we can make 3 complete trays from this. Can you see there are 3 over here? 3 holes. So the 3 complete trays can be made using 30 apples, while 1 will be left over. Are we okay with that, Lachlan? So this shows the complete amount.
While remainder shows the remaining amount. If the question is about the complete something, complete tray, or it can be complete of something, we have to choose this quotient, which is a whole number.
While when they tell you about the total, then you can choose the other one as well. So they're asking for the complete 3. Okay, are we all good with that, Lachlan? [unclear]
Pardon?
All right, so now tell me the answer for this question you have worked with. How many complete Pom-poms can be made. [unclear]
There we go, Lachlan. Can you start placing the answers here? Have you placed the answers, Lachlan?
How much should you please?
There we go. So great job there, Lachlan. So it's the 4 complete pom-poms that can be made. This 2 is the remainder. We're not going to consider that since they have used the word complete here. Are we all good with that?
So now let's start moving on to the next slide, which is go further slide.
Can you start reading? Yes, start reading. [unclear] [unclear]
So how are we going to work out this question? So as a first step, can you start underlining the keywords? Underline the keywords. [unclear]
Can you see it?
So the question says that Tara is thinking of a 2-digit number, and when you start dividing that number by 5, you get 2 remainder. While if you start dividing the same number, same the same 2-digit number by 8, you get 1 remainder. So you have to check for what number she was thinking about. So what must be that 2-digit number that she might be thinking about?
[unclear] Okay, so 42. Can you explain me how you got that answer?
I had that. I just guessed because I don't know [UNCLEAR]. [Speaker:Tutor] Okay, so you found 42. Let's check with that answer. So the question says that when it is divided by 5, you get 2 remainders. So let's start dividing 42 by 5 to check whether we get 2 remainders. Okay.
So can you start dividing 42 by 5? Let's check whether we get 2 remainder there. [unclear]
Yes, so can you give a try working on it? 42 divided by 5.
Okay, with 2 being there, that makes 4 under 3. [unclear]
What do we do next, Lachlan?
So we'll check for how many times 5 goes into 42.
And how much is a remainder? [unclear] Yes, so first one is correct. So first one, it says when you divide by 5, you get 2 remainder. This is right. Now let's check with if we divide the same number, which is 42, by 8, are we getting a remainder of 1? That's the other checking that we have to do. So the same number which is 42 that you have selected, we are going to divide by 8 and see. So can you give a try dividing this by 8 to check whether we get 1 as our remainder? [unclear]
Yes, Lachlan.
Yes, that's right. So we get a 0. We get a 0 over here. And what do we do next? Are you working on it, Lachlan? [unclear] [unclear]
4.
Can you place the answers there, Lachlan?
Okay. [unclear] [unclear]
Can you check it once again?
Okay, let's try the 8 times table. 8, 16, 24, 32, 40, 48. So Lachlan, can you tell me what number would be placed here? 42 divided by 8 equals to? [unclear]
There we go. So can you start placing that, Lachlan? [Speaker:Lachlan]... [UNCLEAR]
Hello? Hi, Lachlan. Can you hear me? [unclear]
Hello? No, I can't hear you. I'm sorry. Can you hear me, Lachlan?
Microphone, please. [unclear]
Okay. [unclear] Thank you. [unclear]
Hello? Hello, Lachlan? Hello? I can hear you now. Can you say hello, please?
Yes.
So Lachlan, can you check with the [UNCLEAR]? How much do you get when you divide 42 by 8? Check with the 8 times table. [Speaker:Lachlan] It's 5.
Yes, exactly. Yes, it's 5, remainder 2 as you said. Good job, Lachlan, in working this part out. Now Lachlan, can you tell me, is 42 the right number?
How did you find that it's not the right number? [unclear] Exactly, yes, Lachlan, there we go. Great explanation there. First part was correct with 42, but when we move to the second part, we are getting 2 as the remainder, not 1. If it was 1, then that's right. Since it is 2, 2, then it's not correct. Okay? So do you need any help in working out this question, Lachlan, or do you wish to give a try one more time?
Yes, Lachlan? Lachlan, are you going to give a try one more time? [unclear]
I can't hear you. Hello, can you hear me? Can you hear me, Lachlan?
Yeah, I can hear you now. It's better now. Alright, so Lachlan, can you tell me, can you try this question one more time or do you need any help? [unclear]
I need some help with this.
Can you quickly list down the multiples of 5 over here?
Yes. So this is how we have to attempt this type of question.
So yes, list around 5 multiples of 5.
5, 10, 15, 20, [unclear] 25. Yes, great. Now it says when it is divided by 8, the remainder is 1. So we also need an 8 times table. Can you start writing down the multiples of 8 over here? Around 4 multiples of 8. [unclear]
Yes, 8. [unclear]
There we go. The question says when that number, when the 2-digit number is divided by 5, we get 2 remainders. So what I want you to do is, since it says 2 remainders, now can you start adding 2 with the multiples of 5 that you have written?
Each time I want you to add a 2 with the multiple. Can you choose a different color from the color group, please? Any of your favorite color. [unclear] Now we are going to add 2 each time with the multiple of 5. So 5 add 2 is how much?
7.
Yes, 7. Place 7 here and do the same with the rest of the multiples. You're going to add over here so that it's easy to find. So straight to the 5, place a 7. [unclear]
Continue doing it. 15 and 2. [unclear] Yes, good job. For the rest of the multiples as well. [unclear] Can you check with the 20? How much do we get when we add 20 and 2 together? [unclear]
Okay, so we are done finding adding 2 to each multiple. So how much do you think that you have to add with 8 to find the answer?
Yes, Lachlan? Lachlan?
Yes, how much do you think that you have to add with 8 to find the answer? [unclear]
Can you hear me?
Lachlan, can you hear me?
Yeah, I can hear you now. So, Lachlan, can you tell me how much do we add with 8 to find the answer? [unclear]
When it comes to dividing by 5 and the remainder is 2, we add the remainder with the multiples of 5. So how much do you think that you have to add with the multiples of 8 to find in the answer? [unclear] Yes, you can give a try, Lachlan. It's okay if it is wrong or correct. How much are we adding with the multiples of 8? [unclear]
Yes, Lachlan?
Is it a 4? What was the remainder given when you divide a number by 8? What's the remainder given, Lachlan? [unclear]
Hello, Lachlan? [unclear]
Can you hear me?
Alright, Lachlan. So what's the remainder given when it comes to dividing by 8? When it is divided by 8, the remainder is?
1. So you have to add 1 with the multiples of 8. How much do you get when you add 1 with the multiples of 8? 8 1 is? Yeah,
1? Continue finding [unclear] the rest of the multiples. Yes.
Exactly, there we go. So excellent job, Lachlan, in placing the numbers. Now, Lachlan, can you tell me what's the common number that you find in both number sets? What's the common number?
What number appears in both the lists?
17. So that is the number that she is thinking of. Are we all good with that, Lachlan? Can you place 17 over here? Can you type in 17? Yes, there we go. Lachlan is a good job in attempting this question. They are good working up.
So Lachlan, can you tell me the mistake the students could make when they do questions like this? [unclear]
All right. Okay, Lachlan, we are running out of time. Shall we move on to reflection? [unclear]
So I would say that you did a good job in working out the questions and writing down the multiples as well. So good job there, Lachlan. And that's it for today then. Meet you in our next session. Bye. Have a wonderful day.
Bye. [unclear]","[BACKGROUND] [unclear]
[TUTOR] Oh, hi, Lachlan. Can you hear me? [unclear]
[TUTOR] Yeah, I can hear you, but not that loud. Can you hear me, Lachlan?
[STUDENT] I can hear you.
[TUTOR] Okay, so your voice is too low.
[STUDENT] Yeah.
[TUTOR] Mm-hmm. All right, Lachlan, so
[TUTOR] How are you today? [unclear]
[TUTOR] Hello, how are you? [Speaker:Lachlan]... [UNCLEAR]
[TUTOR] Hello, Lachlan. I can't hear you, I'm sorry. Can you hear me? [unclear]
[TUTOR] Okay, Lachlan, can you say hello?
[STUDENT] Can I?
[TUTOR] All right, Lachlan. So I can hear you, but in a very low voice. All right.
[TUTOR] So how are you today? How are you? Hello? Lachlan, how are you today? [unclear]
[TUTOR] Lachlan, can you get the help from the adult in the room? Your voice is not that clear. I'm really sorry about that. Can you get the help of the adult in the room? [unclear] [unclear]
[TUTOR] Hello?
[TUTOR] She's... [unclear]
[TUTOR] Hello, can you hear me? [unclear]
[STUDENT] I'm really sorry, I can't hear you. It seems to be too low.
[TUTOR] I'll try refreshing from my end. [unclear]
[TUTOR] Hello, can you hear me?
[TUTOR] Hello?
[STUDENT] Hi, can you hear me?
[TUTOR] Yeah, now it's better. I can hear you.
[STUDENT] Yeah, is it loud enough?
[TUTOR] Yes, it's loud enough. Thank you.
[STUDENT] Perfect. I'll pass you back to Lachlan.
[TUTOR] Okay, sure. Thank you.
[STUDENT] Thank you. [unclear]
[TUTOR] Hi, Lachlan. Can you hear me?
[STUDENT] Yes, I can hear you.
[TUTOR] Okay, that's great. So how are you today? How are you? How was your day today? [unclear] Wonderful. Good to hear that. So did you do anything interesting today, Lachlan?
[TUTOR] Did you do anything interesting? [unclear] Okay, all right, Lachlan. So today's lesson— yes? Do you want to say something? Okay, so today's lesson is about—
[TUTOR] Today's lesson is going to be about solving real-life problems with remainders. And we have to get started with [unclear] slide, C part. OK? We're going to get started working out with this part. Can you start reading?
[STUDENT] There are 18 children in this school playing football.
[TUTOR] Exactly, that was awesome reading the question there, Lachlan. As a first tip, can you give a try underlining the keywords? [unclear] [unclear]
[TUTOR] Yes. [Speaker:Lachlan]... [UNCLEAR]
[BACKGROUND] Exactly, there we go, Lachlan. Yes, good job in underlining the keywords. So there are 18 children that you want to take to the school football match.
[TUTOR] And we're going to travel by car, so each car will take 4 children. The question is how many cars we need. So how are we going to work out this question, Lachlan? [unclear]
[STUDENT] Pardon?
[TUTOR] Yes, bus stop method. So can you give a try working on it, Lachlan? [unclear]
[TUTOR] So how are we going to work this part out, Lachlan? What is the first step? [unclear]
[TUTOR] Yes. [unclear]
[TUTOR] So how many times 4 goes into 18? [unclear]
[TUTOR] That would be 4.
[STUDENT] Mm-hmm. How much is the remainder? [unclear]
[TUTOR] Exactly, there we go, Lachlan. That was awesome effort in working out with the question.
[STUDENT] Yeah.
[TUTOR] Okay, so Lachlan, you have to find the number of cars we need. How many cars do we need if you are going to take 4 children in one car? And there are 18 children in total. How many cars do you need? How many children can we take with 4 cars? Exactly. How did you find that it's 5 cars, Lachlan? [unclear]
[TUTOR] 5. [unclear]
[TUTOR] Exactly, that was amazing explanation there. Okay, what some students they do is they write only 4 cars. But then we have 2 children left. We have to take them in another car. So therefore, 4 and 1 car equals 5 cars in total. So these 4 cars will have 4 children in it, but the final car that we are taking will have 2 children in it. Are we all good with that, Lachlan?
[STUDENT] Yeah.
[TUTOR] Now let's start working out with the D part. Can you start reading? [unclear]
[TUTOR] It took 7 minutes to make a pom-pom. [unclear] Complete pom-pom can be made in 30 minutes.
[TUTOR] Yes, so you define how many pom-poms we can finish within 30 minutes. So how are we going to work out this question, Lachlan? [Speaker:Lachlan]...
[TUTOR] What method are you going to use to work out this question? [unclear] Exactly, there we go. So let's start working out that question. So Lachlan, can you give a try working on it?
[TUTOR] Okay, Lachlan, you can— yes, there we go. [unclear] Excellent job there, Lachlan. [unclear]
[TUTOR] How are we going to work out this part, Lachlan? What's the first step? Great job.
[TUTOR] And then carry the 3 over to make it 30. [unclear] [unclear]
[TUTOR] All right, there we go. Good job in working this part out, Lachlan. So what would be the answer that you would place in the blank? Let's read this question one more time. It takes 7 minutes to make a pom-pom.
[TUTOR] How many? The question says how many complete pom-poms can be made within 30 minutes. So you have to find the completed pom-pom. So how many complete pom-poms can we make, Lachlan? [unclear]
[TUTOR] Yes, Lachlan, how many complete pom-poms can we make?
[STUDENT] [unclear]
[TUTOR] Can you check with your answers once again? How much is a complete pom-pom?
[STUDENT] 5.
[TUTOR] Pardon?
[STUDENT] 5.
[TUTOR] Okay, can you explain me how you got 5 there? [unclear]
[TUTOR] For the first one we did, I answered the next one again. It will take me to session. Oh, I was looking at the wrong thing.
[STUDENT] Can you check with the D part once again? It says complete pom-poms. How many pom-poms will be completed? So tell me what would be the answer if it's about a complete pom-pom.
[TUTOR] Yes. [unclear]
[TUTOR] Pardon?
[STUDENT] I don't understand what you're talking about.
[TUTOR] Okay, so we have to find now in 7 minutes you can make
[TUTOR] One pom-pom. Okay, so we have to find in 30 minutes how many pom-poms can be made, and this is going to be a complete pom-pom. So what would be the answer that we would get to identify the complete pom-pom here?
[STUDENT] [unclear]
[TUTOR] So we have got the answer as 5. Can you tell me the reason for answer? For getting the answer as 5? [unclear]
[TUTOR] Okay, great. So good job there, Lachlan. But then when we look into it, We got 4 and remainder 2, right? So which one is complete one? This is a remainder. Is this remaining 2 is a complete one or an incomplete one? [unclear]
[TUTOR] It's an incomplete one. We have just— we have not completed. We have just got 2 minutes left. So within 2 minutes we can't make one pom-pom. We need at least 7 minutes to make. So this is 2 minutes, which is the remainder.
[TUTOR] Okay.
[STUDENT] The complete pom-pom can be made within 28 minutes. That is, when we start multiplying this 7 and the 4 whole together, how much do you get? 7 times 4. How much do we get when we multiply 7 and 4 together?
[TUTOR] You get 26.
[STUDENT] Um, can you check it once again? It is 20.
[TUTOR] Check with the 7 times table. 7 times 1 is 7. 7 times 2 is 14. And 7 times 3 is? [unclear] How much is 7 times 3, Lachlan? [unclear]
[TUTOR] 21. And 7 times 4 is? [unclear]
[TUTOR] 28. So it takes 28 minutes to complete 4 pom-poms.
[TUTOR] Isn't it, Lachlan?
[STUDENT] [unclear]
[TUTOR] So which means we have got 2 minutes left. We have not completed the pom-pom. Because to complete the pom-pom we need 7 minutes, but we have 2 minutes which is a remainder. So how many complete pom-poms will be there?
[TUTOR] The completed one. [unclear]
[TUTOR] Yes. How much is the completed pom-poms?
[TUTOR] Pardon? [unclear] Okay, so is it a 2? [unclear] Okay, so the number that we write here as the quotient is going to be the number of parts that we have completed. That is how we do the division. So if we can complete one pom-pom within 17 7 minutes. Within 30 minutes, how many pom-poms can be completed? So we did 30 divided by 7, and we got the answer as 4. And then only we identified the remaining number of minutes, which is 2, and we placed it over here. That is the remaining number of minutes, which is 2.
[TUTOR] So how many pom-poms did we complete?
[TUTOR] Completely. How much did you get as your answer when you divided 30 by 7?
[STUDENT] [unclear]
[TUTOR] 4 remainder 2. So this is the remaining amount. Is it a complete compound that we have written as 2 here?
[BACKGROUND] No, it's not.
[TUTOR] Pardon? Is it a completed pom-pom over here which is remained too? [unclear] Yes, Lachlan.
[TUTOR] Lachlan?
[STUDENT] Yes?
[TUTOR] Is it a completed pom-pom over here which is a remainder too? [unclear]
[TUTOR] Okay, so Lachlan, let me take you to this particular slide over here. Let's work this part out together. Can you start reading?
[TUTOR] Can you start reading, Lachlan? [unclear]
[TUTOR] We have— yes, Lachlan, you can start reading. [unclear]
[TUTOR] Okay, the question says that we have 13 apples. If you start counting over here, we got 13 apples. 1, 2, 3, 4, 5, 6, 7, 8, 9, 10, 11, 12, 13. And we are going to place 4 in each tray. So you find that they have divided this into trays, right? 1, 2, and 3. So how many complete trays you can make here? [unclear]
[TUTOR] Yes, we got 3 remainder 1. So how many complete trays you were able to make?
[STUDENT] Um...
[TUTOR] Right.
[STUDENT] 3 complete trays, isn't it? So this is the completed trays, and we have just got 1 apple left over. Even if we start doing the bust-off method to work out this question, we can still get the same answer. Now we are going to divide the 13 by a 4 because we are adding 4 apples in. Each tray. So we check for whether we can divide 4 by a 1. Like, let's say whether you find 4 in 1. No, there is no 4 in a 1. So we don't find the groups of 4 in a 1. So it's a 0 there. And now we have to consider 13.
[TUTOR] Yeah.
[STUDENT] So if we check with the 4 times table, it's 4, 8, 12, and then we got 16, 20, it goes on. So 13 is very close to 12, which is 4 times 3. So I write 3 here and we will get a remainder of 1.
[TUTOR] [unclear]
[TUTOR] Okay, so we can make 3 complete trays from this. Can you see there are 3 over here? 3 holes. So the 3 complete trays can be made using 30 apples, while 1 will be left over. Are we okay with that, Lachlan? So this shows the complete amount.
[TUTOR] While remainder shows the remaining amount. If the question is about the complete something, complete tray, or it can be complete of something, we have to choose this quotient, which is a whole number.
[TUTOR] While when they tell you about the total, then you can choose the other one as well. So they're asking for the complete 3. Okay, are we all good with that, Lachlan? [unclear]
[TUTOR] Pardon?
[STUDENT] Yeah, I'm okay.
[TUTOR] All right, so now tell me the answer for this question you have worked with. How many complete Pom-poms can be made. [unclear]
[TUTOR] There we go, Lachlan. Can you start placing the answers here? Have you placed the answers, Lachlan?
[STUDENT] Yeah.
[TUTOR] How much should you please?
[STUDENT] I can't finish tonight, so can you do this?
[TUTOR] There we go. So great job there, Lachlan. So it's the 4 complete pom-poms that can be made. This 2 is the remainder. We're not going to consider that since they have used the word complete here. Are we all good with that?
[BACKGROUND] Yes.
[TUTOR] So now let's start moving on to the next slide, which is go further slide.
[TUTOR] Can you start reading? Yes, start reading. [unclear] [unclear]
[TUTOR] So how are we going to work out this question? So as a first step, can you start underlining the keywords? Underline the keywords. [unclear]
[TUTOR] Can you see it?
[STUDENT] Yeah.
[TUTOR] So the question says that Tara is thinking of a 2-digit number, and when you start dividing that number by 5, you get 2 remainder. While if you start dividing the same number, same the same 2-digit number by 8, you get 1 remainder. So you have to check for what number she was thinking about. So what must be that 2-digit number that she might be thinking about?
[TUTOR] [unclear] Okay, so 42. Can you explain me how you got that answer?
[TUTOR] I had that. I just guessed because I don't know [UNCLEAR]. [Speaker:Tutor] Okay, so you found 42. Let's check with that answer. So the question says that when it is divided by 5, you get 2 remainders. So let's start dividing 42 by 5 to check whether we get 2 remainders. Okay.
[TUTOR] So can you start dividing 42 by 5? Let's check whether we get 2 remainder there. [unclear]
[TUTOR] Yes, so can you give a try working on it? 42 divided by 5.
[STUDENT] 42 is 3, 4, 5 times 7.
[TUTOR] Okay, with 2 being there, that makes 4 under 3. [unclear]
[TUTOR] What do we do next, Lachlan?
[STUDENT] [unclear]
[TUTOR] So we'll check for how many times 5 goes into 42.
[TUTOR] And how much is a remainder? [unclear] Yes, so first one is correct. So first one, it says when you divide by 5, you get 2 remainder. This is right. Now let's check with if we divide the same number, which is 42, by 8, are we getting a remainder of 1? That's the other checking that we have to do. So the same number which is 42 that you have selected, we are going to divide by 8 and see. So can you give a try dividing this by 8 to check whether we get 1 as our remainder? [unclear]
[TUTOR] Yes, Lachlan.
[STUDENT] Here I get...
[TUTOR] Yes, that's right. So we get a 0. We get a 0 over here. And what do we do next? Are you working on it, Lachlan? [unclear] [unclear]
[TUTOR] 4.
[TUTOR] Can you place the answers there, Lachlan?
[STUDENT] Yeah. [unclear]
[TUTOR] Okay. [unclear] [unclear]
[TUTOR] Can you check it once again?
[STUDENT] 8 times. [unclear]
[TUTOR] Okay, let's try the 8 times table. 8, 16, 24, 32, 40, 48. So Lachlan, can you tell me what number would be placed here? 42 divided by 8 equals to? [unclear]
[TUTOR] There we go. So can you start placing that, Lachlan? [Speaker:Lachlan]... [UNCLEAR]
[TUTOR] Hello? Hi, Lachlan. Can you hear me? [unclear]
[TUTOR] Hello? No, I can't hear you. I'm sorry. Can you hear me, Lachlan?
[STUDENT] Okay. Can you check with the audio?
[TUTOR] Microphone, please. [unclear]
[TUTOR] Okay. [unclear] Thank you. [unclear]
[TUTOR] Hello? Hello, Lachlan? Hello? I can hear you now. Can you say hello, please?
[STUDENT] Hello.
[TUTOR] Yes.
[TUTOR] So Lachlan, can you check with the [UNCLEAR]? How much do you get when you divide 42 by 8? Check with the 8 times table. [Speaker:Lachlan] It's 5.
[TUTOR] Yes, exactly. Yes, it's 5, remainder 2 as you said. Good job, Lachlan, in working this part out. Now Lachlan, can you tell me, is 42 the right number?
[TUTOR] How did you find that it's not the right number? [unclear] Exactly, yes, Lachlan, there we go. Great explanation there. First part was correct with 42, but when we move to the second part, we are getting 2 as the remainder, not 1. If it was 1, then that's right. Since it is 2, 2, then it's not correct. Okay? So do you need any help in working out this question, Lachlan, or do you wish to give a try one more time?
[STUDENT] [unclear]
[TUTOR] Yes, Lachlan? Lachlan, are you going to give a try one more time? [unclear]
[TUTOR] I can't hear you. Hello, can you hear me? Can you hear me, Lachlan?
[STUDENT] Yes, I can hear you. Can you hear me?
[TUTOR] Yeah, I can hear you now. It's better now. Alright, so Lachlan, can you tell me, can you try this question one more time or do you need any help? [unclear]
[TUTOR] I need some help with this.
[STUDENT] Alright, so this question clearly says that it is a 2-digit number, and when we divide the number by 5, we get 2 remainder, and when we divide the number by 8, we get 1 remainder. So can you give a try listing down the multiples of 5 over here?
[TUTOR] Can you quickly list down the multiples of 5 over here?
[TUTOR] Yes. So this is how we have to attempt this type of question.
[TUTOR] So yes, list around 5 multiples of 5.
[TUTOR] 5, 10, 15, 20, [unclear] 25. Yes, great. Now it says when it is divided by 8, the remainder is 1. So we also need an 8 times table. Can you start writing down the multiples of 8 over here? Around 4 multiples of 8. [unclear]
[TUTOR] Yes, 8. [unclear]
[TUTOR] There we go. The question says when that number, when the 2-digit number is divided by 5, we get 2 remainders. So what I want you to do is, since it says 2 remainders, now can you start adding 2 with the multiples of 5 that you have written?
[TUTOR] Each time I want you to add a 2 with the multiple. Can you choose a different color from the color group, please? Any of your favorite color. [unclear] Now we are going to add 2 each time with the multiple of 5. So 5 add 2 is how much?
[TUTOR] 7.
[TUTOR] Yes, 7. Place 7 here and do the same with the rest of the multiples. You're going to add over here so that it's easy to find. So straight to the 5, place a 7. [unclear]
[TUTOR] Continue doing it. 15 and 2. [unclear] Yes, good job. For the rest of the multiples as well. [unclear] Can you check with the 20? How much do we get when we add 20 and 2 together? [unclear]
[TUTOR] Okay, so we are done finding adding 2 to each multiple. So how much do you think that you have to add with 8 to find the answer?
[STUDENT] We need to do 5 9 10 11 12 13 14 15 16 17 18 19 20 21 22 23 24 25 26 27 28 29 30 31 32 33 34 35 36 37 38 39 40 41 42 43 44 45 46 47 48 49 50 51 52 53 54 55 56 57 58 59 60 61 62 63 64 65 60 61 62 63 64 65 60 61 62 63 64 65 60 61 62 63 64 65 60 61 62 63 64 65 60 61 62 63
[TUTOR] Yes, Lachlan? Lachlan?
[STUDENT] Yeah.
[TUTOR] Yes, how much do you think that you have to add with 8 to find the answer? [unclear]
[TUTOR] Can you hear me?
[TUTOR] Lachlan, can you hear me?
[STUDENT] Yes, I can hear you.
[TUTOR] Yeah, I can hear you now. So, Lachlan, can you tell me how much do we add with 8 to find the answer? [unclear]
[TUTOR] When it comes to dividing by 5 and the remainder is 2, we add the remainder with the multiples of 5. So how much do you think that you have to add with the multiples of 8 to find in the answer? [unclear] Yes, you can give a try, Lachlan. It's okay if it is wrong or correct. How much are we adding with the multiples of 8? [unclear]
[TUTOR] Yes, Lachlan?
[STUDENT] Mm-hmm.
[TUTOR] Is it a 4? What was the remainder given when you divide a number by 8? What's the remainder given, Lachlan? [unclear]
[TUTOR] Hello, Lachlan? [unclear]
[TUTOR] Can you hear me?
[STUDENT] Yes, we can hear you.
[TUTOR] Alright, Lachlan. So what's the remainder given when it comes to dividing by 8? When it is divided by 8, the remainder is?
[TUTOR] 1. So you have to add 1 with the multiples of 8. How much do you get when you add 1 with the multiples of 8? 8 1 is? Yeah,
[STUDENT] 1. 16
[TUTOR] 1? Continue finding [unclear] the rest of the multiples. Yes.
[TUTOR] Exactly, there we go. So excellent job, Lachlan, in placing the numbers. Now, Lachlan, can you tell me what's the common number that you find in both number sets? What's the common number?
[STUDENT] [unclear]
[TUTOR] What number appears in both the lists?
[TUTOR] 17. So that is the number that she is thinking of. Are we all good with that, Lachlan? Can you place 17 over here? Can you type in 17? Yes, there we go. Lachlan is a good job in attempting this question. They are good working up.
[TUTOR] So Lachlan, can you tell me the mistake the students could make when they do questions like this? [unclear]
[TUTOR] All right. Okay, Lachlan, we are running out of time. Shall we move on to reflection? [unclear]
[TUTOR] So I would say that you did a good job in working out the questions and writing down the multiples as well. So good job there, Lachlan. And that's it for today then. Meet you in our next session. Bye. Have a wonderful day.
[TUTOR] Bye. [unclear]"
djkqtko,Solving real-life problems with bar models.,0.31922278,"Hello?
Hello?
Okay.
Yes.
Good.
Good.
Okay.
Okay. So let's see how we can solve these questions. Can you start from the first one?
Armaud buys 5 jars of sweets and there are 35 sweets in a jar. How many sweets does he buy altogether? [unclear] [unclear]
Because 30 times 5 and then 5 times the 5.
60. So 60 times 25. Equals 85.
Okay.
Done.
There are 7 go-karts. How many wheels would a go-kart have? Okay, so 4 times 7, 28. [unclear]
28.
Oh, 4.
Because 96 divided by 12.
8. [unclear]
That would be 20 pounds. [unclear]
Mm-hmm.
20 pounds divided by 50p.
And I can't hear you again. What happened?
I don't know.
So 50 divided by 20. 50 divided by 20 is [UNCLEAR]. [Speaker:TUTOR] Okay, calculation is right. So here you have put 2,000 divided by 50, yeah?
[unclear]
Okay.
In 200s, how many 50s are there? [unclear]
40.
Yes.
First you would do 2, 1, 2, add 1. [Speaker:Tariq Tariq]...divided by 54, and then you want to do 2,000 divided by thing, and then do the other thing, you get 40. [Speaker:Tutor] Okay. So can you write the answer 40 here in this blank?
Okay.
1.0...
Okay.
No.
Oh, um, um, um, I don't know. [unclear]
You convert into pounds or decimals.
So... [unclear]
Hello?
Yeah. So there are some people... [Speaker] The teacher puts 5 on each table. How many books? [unclear] [Speaker] 22.
Yeah.
27 divided by 5.
So basically the thing is, it is [UNCLEAR]. [Speaker:Tutor] Okay, so they're asking you what is the leftover, only the leftover. What is the remainder?
2. Yes. So remainders is all about the leftovers that we have, yeah? So you can just put 2 there. Alright?
Okay, great. Then try the second question.
Um, 3. How many groups have they made?
6.
2.
Yeah, 6 remainder 2. Good work. Exactly. 3 remainder 1.
It's 8, 8, 8, remainder 3.
No.
[unclear]
Mm-hmm.
Okay. But we can't leave them like that, isn't it?
So 2 are remaining here. Okay. So this is the calculation. But 2 leftovers are there. We can't leave the children as it is. So what I'm gonna do is I'm gonna give a 10 for these 2 children as well. So altogether I need 8 tens here. Did you understand that? Okay, let me see your part.
34, take 5 remainder. [unclear] 5 full plates of biscuits can be made.
Okay. Then I'll give you more questions to try. Can you do them?
Yes. [Speaker:Tutor]...32 divided by 6? [Speaker:Tariq Tariq] Yes.
No.
No.
Yes. [unclear]
Oh, 17. [unclear]
With 3. So, 2 remain. Wait, sorry. Yes, yes, yes. And 19 remain the 3 and the 2. [unclear]
Okay.
4. [unclear]
I'm sorry, wait. It is full.
So there are 18 children to take to— to a school football match. Each car can take 4 children. How many cars are needed? [unclear]
I'm sorry, what?
Yes.
No.
Okay.
Oh, yeah. If [unclear] what length your bun will be? [unclear] [Speaker:Tutor]... [UNCLEAR] [unclear] [Speaker:Tutor]... [unclear]
Mm-hmm.
Okay. I'll give you one more chance to do question D. This is not the correct answer, but you have given in 10 minutes, yeah? But they're asking you how many pom-poms they can make. [unclear]
Yes. They can make 35. How come 35? Read the question once again.
[unclear] It takes 7 minutes to make a pump. How many complete pump pumps can be made in 30 minutes? So you do 7 divided by 30. [unclear]
7 divided by 7.
7 divided by 7. [unclear] [unclear]
One takes 7 minutes.
4 would take [unclear] minutes.
2 minutes.
No.
No.
Reading the question carefully.
You provide another car and round up the answer. So you get 5, yeah? But in cases like question B, if they ask you how many complete pom-poms you can make, then you have to round down the answer, and you don't care about the leftovers. Leftover minutes. Okay?
Okay.
Tara is thinking of a 2-digit number. When the number is divided by 5, the remainder is 2. When it is divided by 8, the remainder is 1. What number could she be thinking of? [unclear]
[unclear]
[unclear]
[unclear] [unclear] [Speaker:Tariq Tariq] [unclear] [unclear]
I'm in 20. [unclear]
8, 16, 24, 32, 40, 50, 56.
Yeah. And then you should get a remainder of 2 for the multiple of 5. And then—
I know it. I know it.
No, no, no. [unclear]
What is the leftover for 5?
Remainder 2. Okay. So then what you have to do is add 2 to the multiples of 5. What is 5 2? 10 [unclear] 2? 17, 22, [unclear]
9.
9. [unclear] 17.
17.
1.
So first, you would write down the multiples and then you would make this big large square and then you put 7, 12, 17, 22, and add it or something, whatever. And then after that, you're going to add it and then you're going to find the most common [unclear] thing, and then after, that's the answer.
By adding the remainder.
No.
Yes.
109.
192.
Because 300 subtract 200 with 100, and then with the 100 you would add— you have to subtract the 4 and the 92, which would give 90, and then you add that together. [unclear]
The what?
How's the answer 10?
You get 10. [unclear]
Okay.","Hello? And can you hear me? [unclear] Hello?
I can't hear you, Tariq. Can you refresh your page?
Hello? Hello? And I can't hear you.
Okay. I'll refresh my page then. Okay. Say hello. Let's see whether I can hear you. [unclear]
What's wrong? And can you get help from your Teacher there?
Say, I can't hear you. [unclear]
Hello?
Now I can hear. Can you hear me?
Okay. Can you hear me?
Okay, great. I can hear you as well. All right. After a very long time, how are you?
Okay, how was school today?
Okay, nice. So, and today you have a new lesson to do. Shall we look into it?
Okay, so today's lesson for you is solving real-life problems with bar models. Okay?
How did you get 625?
30 times 5. Do and see whether you get 600. What is 5 times 3? [unclear]
No, Yan. 30 times 5. [unclear]
150. And then you do the next one, which is 5 times 5, yeah? So you get a total of?
Okay, good. So the answer is 175. Okay?
Great. Let's do the next one.
Okay, that is quick. 15. I'll give you more questions to practice. Can you start from question 1?
Okay, good job. So in one go-kart, how many wheels are there?
One go-kart?
4, yes. So 7 go-karts have 28 wheels. Alright, let's see the next one. [unclear] [unclear]
Okay, good work. So here's a high-five for your good working out, Leander. That was quick.
Yeah, that's correct. It is 8. Why did you put a 7 there?
96 divided by 12 is 8.
Yes, that's 8. Okay, let's do one more question in this lesson. [unclear]
Mm-hmm.
How come it is 2,000? [unclear] Look into the bar model. The total is £20. They're asking you how many programs are sold to get £20.
20 divided by 50?
30?
Okay. Then what is the answer you would get? [unclear] [unclear]
Are you working it out?
Okay. Okay, now I hear you. [unclear] [unclear]
Try, try, try and see.
Now do the normal division. Start from this column and do until the end. You'll get the answer. Do we have 50 in 2s? [unclear]
I'm sorry?
Not 400, but it is— it has to be something with 4. Let's see this part, yeah?
In 200s, how many 50s are there?
Oh, you have put 20,000 here. That's the mistake. It is not 20,000, 2,000. Now do and see. You'll get the answer. [unclear]
40. What was the answer?
40, yes. So 40 is the answer. 40 programs has to be sold to get how much? 20 pounds. Do the other way around and say 50p. Times 40, do you get 2 pounds?
Okay. So can you tell me another way that you can do this? [unclear] Sorry?
Okay. So what you can do instead is, Cassian, you can change 50p into a decimal, yeah?
So 50p in decimal, what do you get?
Can you type it on the screen and show me? In decimals, what is the answer? [unclear] Exactly, 0.5. Yeah, so you can do 20 divide by 0.5 to get answer as well. All right.
Okay, so these are the two methods that you can follow to get your answer. One way is converting, having the 50 as it is and converting the 20 to 2,000 and doing the division, or else you can divide 50 You can convert 50 into decimals and then do the division as well. All right?
Okay, so do you have any questions in this part?
All right, then tell me, what did you learn from this lesson?
I guess you learned a lot in this part. Division. Tell me the two methods that you learned in this question. [unclear] And I don't know. What is the first method? You either convert the pounds or the cents.
Yes. Okay, great. Right, let's move on with the next lessons. Give me a minute. Let me load it for you. [unclear] Okay, great.
The next lesson for you is solving real-life problems with remainders, Tariq. Can you try it out?
Mm-hmm.
Yeah. Can you hear me?
How many? [Speaker] 22.
They're asking you how many books are left over. [unclear] Okay, so in each table, how am I meant to know how many tables are there?
She's putting 5 books on each table, yeah?
You have 27 books, then what is the calculation you can do?
Yeah.
2.
Alright.
Write the following multiples of gold. First 5 multiples of 6.
So 6 is a multiple of 6, 12, 18, 24. [unclear]
Yes, 6, 12, 18, 24, 30. Okay, good job. Now let's go on with— okay, let's do this. Can you read it out? [unclear] [Speaker:Tutor]...when there is nothing left over in a division calculation. [Speaker:Tariq Tariq] Yeah. So a remainder arises when there is something left over in a division calculation. Okay? So the remainder is basically the leftover that we have. All right? So in this array, Cassian, how many counters do we have in total? [unclear] How many circles do we have in total? [unclear]
There are 32 circles. And they have made how many equal groups?
Yeah. So they have made 6 groups equally. But how many are remaining now? [unclear] How many are remaining?
2. So how would you write the answer here?
6. [unclear]
Why is it 80 here? Why did you put an 80 here? [unclear] Don't know? Why you don't know? How did you get that answer then?
Yeah, 8 remainder 3. Okay, good. Let's go on. Do you have any questions in this part? [unclear] Yes, Tariq Tariq? Any questions?
Okay, then let's go on with the next one. I'll do the follow-me part as usual. Okay? Once I complete it, you do your turn. Alright?
So when solving world problems, we need to make sense of the remainder. 4 children can fit in a tent. How many tents are needed for 30 children? Yeah? So this is a real world question, Cassian. Okay? There are 30 children. Only 4 children can fit into a tent. Then how many tens are needed? That is the question we have. Yeah. So we— I'm gonna take groups of 4 children and put it in— put them into each tent. All right. And when I do this, I get 1, 2, 3, 4, 5, 6, 7.
7 tens.
But 2 children are remaining.
Mm-hmm.
Mm-hmm.
Yes. Okay, good work. Is a high five for completing it independently. Okay? So do you have any questions in this part?
No.
Which one of these division calculations have a remainder of 2? [unclear]
[unclear]
7 divided by 3?
11 divided by 4?
18 divided by 8.
Okay. Good working out. So these are the remainders that we have, yeah? So the first calculation, how much would be remaining? 17 divided by 7?
Oh, sorry, what?
Yeah. How much would be remaining?
Okay, so here it is a 3, yeah?
These are correct. They have a remainder of 2. How about this? Yeah, one there. 11 divided by 4, how much is remaining?
Is it full?
Yeah. Remainder 3, isn't it? So it is 2 remainder 3. All right? [unclear] Okay, great. Let's go to question B.
Question B.
It takes 7 minutes to make a pom-pom. [unclear]
Question C, is the answer correct?
There are 18 children, okay? In one car you can take 4 children. How many children would be remaining?
Can you leave them and go? [unclear] Can you leave those two children and go?
You have 18 children, okay?
And each car can take up to 4 children, yeah? So now 4 cars are going, but you still have 2 children left. Can you leave them like that and go?
No. Then what should you do for them? [unclear] Yeah, you have to get a new car for them, Tariq Tariq. Yeah? Then how many cars do we need to have in total?
Yes, how many cars in total do we need? [unclear] Exactly, you need 5 cars, yeah? You can't leave those children like that and go, alright? Right? These are real-world problems, Tariq Tariq. So you have to think whether you can leave the leftover or take the leftover with you. Okay?
Okay. So let's go to question B. You left it. Can you try that out?
They're asking you what is the length of the bunting that will be left over. [unclear] What's that answer? [unclear]
Oh yeah, that's the correct one. 4 meters, yeah? You have to put the meters here. If not, the answer would be wrong. Alright?
Okay, good. Read the question really well before you answer it, alright?
Can you hear me?
7 divided by 7.
7 divided by 7.
Okay, so how many complete pom-poms can you make? [unclear]
Yeah?
Yes, and how many complete pom-poms can you make? [unclear] Yeah, so 4 pom-poms can— you can make 4 pom-poms. And how many total minutes would it go?
Then 4 would take how many minutes? A total of?
Exactly, 28 minutes. So they have a total of 30 minutes, yeah? How many minutes would be left?
2 minutes. So can you make a pompom using that 2 minutes?
No. Okay, great. So do you have any questions in this part? Any questions?
Okay. So here's a thumbs up for completing all these questions really well. And yeah, so in these type of questions, what do you— Like, what do you focus on? What do you have to focus on in these type of questions? [unclear]
I'm sorry?
Yes, reading the question carefully. And also, you have to decide whether to round the answer down or up, yeah? So let's say you get a question like this where you have 18 children, yeah? You can't leave them alone. You have to take the leftovers, so you provide the—
[unclear]
Okay, great. Then I'll give you another one. Write out.
Okay, let's write 12 here and then check whether These criteria are met, okay? When it is divided by 5, the remainder is 2.
Oh yeah. In this part it is correct. But how about this criteria? Will it match? [unclear]
16, 18, 19, 20.
Shall I give you a small hint? [Speaker] Yes, please.
Okay. So here, can you tell me the multiples of 5? [Speaker] 5, 10, 15, 20, 25, 30, 35, 40, 45, 60. No, 45, 50, 55, 60.
45, 60? Okay. Done. So let's have it this side and tell me the multiples of it.
Okay, right. So now these are the multiples of 5 and the multiples of 8. Yeah.
Yeah?
This side you should get a remainder of 1. This side you should get a remainder of 2. So how can you do that?
[unclear]
Remainder 2.
24, 26.
Yeah, okay. Keep the numbers like this. Go to the 8 multiples. How much should you add here? The leftover is?
Leftover is 1, yeah. 9.
Okay. Now check these two sides. What number is common? [unclear] From this list and from this list, which number is common?
17. So what is the number she is thinking of?
17. Divide 17 by 5. What is the remainder you get? [unclear] Divide 17 by 8. What is the remainder you get?
1. So how would you do these type of questions? Can you explain me?
Okay, so how did I get these numbers, 7, 12, 17, and stuff? How did I get them?
Yeah, exactly. So when you get questions like this, first list down the multiples and then add them with their remainders so that you get the common answer out of it. Okay? Right. So do you have any questions in this part?
Okay. Tell me, what did you learn from this lesson? [unclear]
Find the number Tutor is thinking of. That is what you learnt.
Okay. So when they give you the remainder and the number to divide by, you know how to find the answer, yeah?
Okay, great. Right, so I'll give you another lesson. Right, so one line per turn. Give me a minute. [unclear]
Okay, so now the lesson is about choosing a mental or a written method. Can you try the first one? [unclear] [unclear]
395, yes.
How about the next one?
How did you get 190 here?
The answer is 10, Isolde.
The answer is 10.
Count and see. 304 subtract 294.
Okay, okay, okay.
Okay, right. So that's all for today's session, Tariq Tariq. You did a very good work, all right? So let's continue this in our next week's session. Before you go, please do the quiz and fill the feedback form, all right? Have a nice day. Bye-bye.","[STUDENT] Hello?
[BACKGROUND] [unclear]
[TUTOR] Hello? And can you hear me? [unclear] Hello?
[TUTOR] I can't hear you, Tariq. Can you refresh your page?
[TUTOR] Hello? Hello? And I can't hear you.
[TUTOR] Okay. I'll refresh my page then. Okay. Say hello. Let's see whether I can hear you. [unclear]
[TUTOR] What's wrong? And can you get help from your Teacher there?
[TUTOR] Say, I can't hear you. [unclear]
[TUTOR] Hello?
[STUDENT] Hello?
[TUTOR] Now I can hear. Can you hear me?
[STUDENT] Okay.
[TUTOR] Okay. Can you hear me?
[STUDENT] Yes.
[TUTOR] Okay, great. I can hear you as well. All right. After a very long time, how are you?
[STUDENT] Good.
[TUTOR] Okay, how was school today?
[STUDENT] Good.
[TUTOR] Okay, nice. So, and today you have a new lesson to do. Shall we look into it?
[STUDENT] Okay.
[TUTOR] Okay, so today's lesson for you is solving real-life problems with bar models. Okay?
[STUDENT] Okay. So let's see how we can solve these questions. Can you start from the first one?
[STUDENT] Armaud buys 5 jars of sweets and there are 35 sweets in a jar. How many sweets does he buy altogether? [unclear] [unclear]
[TUTOR] How did you get 625?
[STUDENT] Because 30 times 5 and then 5 times the 5.
[TUTOR] 30 times 5. Do and see whether you get 600. What is 5 times 3? [unclear]
[STUDENT] 60. So 60 times 25. Equals 85.
[TUTOR] No, Yan. 30 times 5. [unclear]
[BACKGROUND] 150.
[TUTOR] 150. And then you do the next one, which is 5 times 5, yeah? So you get a total of?
[TUTOR] Okay, good. So the answer is 175. Okay?
[STUDENT] Okay.
[TUTOR] Great. Let's do the next one.
[STUDENT] Done.
[TUTOR] Okay, that is quick. 15. I'll give you more questions to practice. Can you start from question 1?
[STUDENT] There are 7 go-karts. How many wheels would a go-kart have? Okay, so 4 times 7, 28. [unclear]
[TUTOR] Okay, good job. So in one go-kart, how many wheels are there?
[STUDENT] 28.
[TUTOR] One go-kart?
[STUDENT] Oh, 4.
[TUTOR] 4, yes. So 7 go-karts have 28 wheels. Alright, let's see the next one. [unclear] [unclear]
[TUTOR] Okay, good work. So here's a high-five for your good working out, Leander. That was quick.
[TUTOR] Yeah, that's correct. It is 8. Why did you put a 7 there?
[STUDENT] Because 96 divided by 12.
[TUTOR] 96 divided by 12 is 8.
[STUDENT] 8. [unclear]
[TUTOR] Yes, that's 8. Okay, let's do one more question in this lesson. [unclear]
[TUTOR] Mm-hmm.
[STUDENT] That would be 20 pounds. [unclear]
[BACKGROUND] Why do you say 20?
[TUTOR] How come it is 2,000? [unclear] Look into the bar model. The total is £20. They're asking you how many programs are sold to get £20.
[TUTOR] 20 divided by 50?
[STUDENT] Mm-hmm.
[TUTOR] 30?
[STUDENT] 20 pounds divided by 50p.
[TUTOR] Okay. Then what is the answer you would get? [unclear] [unclear]
[TUTOR] Are you working it out?
[STUDENT] And I can't hear you again. What happened?
[TUTOR] Okay. Okay, now I hear you. [unclear] [unclear]
[BACKGROUND] So first you would do 200, whatever. Let's do 2,000, and that would— [unclear]
[BACKGROUND] So, that's 2,000 divided by 50. 2,000 divided by 50 is—
[STUDENT] I don't know.
[TUTOR] Try, try, try and see.
[STUDENT] So 50 divided by 20. 50 divided by 20 is [UNCLEAR]. [Speaker:TUTOR] Okay, calculation is right. So here you have put 2,000 divided by 50, yeah?
[TUTOR] Now do the normal division. Start from this column and do until the end. You'll get the answer. Do we have 50 in 2s? [unclear]
[TUTOR] I'm sorry?
[STUDENT] [unclear]
[TUTOR] Not 400, but it is— it has to be something with 4. Let's see this part, yeah?
[STUDENT] Okay.
[TUTOR] In 200s, how many 50s are there?
[STUDENT] In 200s, how many 50s are there? [unclear]
[TUTOR] Oh, you have put 20,000 here. That's the mistake. It is not 20,000, 2,000. Now do and see. You'll get the answer. [unclear]
[TUTOR] 40. What was the answer?
[STUDENT] 40.
[TUTOR] 40, yes. So 40 is the answer. 40 programs has to be sold to get how much? 20 pounds. Do the other way around and say 50p. Times 40, do you get 2 pounds?
[STUDENT] Yes.
[TUTOR] Okay. So can you tell me another way that you can do this? [unclear] Sorry?
[STUDENT] First you would do 2, 1, 2, add 1. [Speaker:Tariq Tariq]...divided by 54, and then you want to do 2,000 divided by thing, and then do the other thing, you get 40. [Speaker:Tutor] Okay. So can you write the answer 40 here in this blank?
[STUDENT] Okay.
[TUTOR] Okay. So what you can do instead is, Cassian, you can change 50p into a decimal, yeah?
[TUTOR] So 50p in decimal, what do you get?
[STUDENT] 1.0...
[TUTOR] Can you type it on the screen and show me? In decimals, what is the answer? [unclear] Exactly, 0.5. Yeah, so you can do 20 divide by 0.5 to get answer as well. All right.
[TUTOR] Okay, so these are the two methods that you can follow to get your answer. One way is converting, having the 50 as it is and converting the 20 to 2,000 and doing the division, or else you can divide 50 You can convert 50 into decimals and then do the division as well. All right?
[STUDENT] Okay.
[TUTOR] Okay, so do you have any questions in this part?
[STUDENT] No.
[TUTOR] All right, then tell me, what did you learn from this lesson?
[STUDENT] Oh, um, um, um, I don't know. [unclear]
[TUTOR] I guess you learned a lot in this part. Division. Tell me the two methods that you learned in this question. [unclear] And I don't know. What is the first method? You either convert the pounds or the cents.
[STUDENT] You convert into pounds or decimals.
[TUTOR] Yes. Okay, great. Right, let's move on with the next lessons. Give me a minute. Let me load it for you. [unclear] Okay, great.
[TUTOR] The next lesson for you is solving real-life problems with remainders, Tariq. Can you try it out?
[STUDENT] So... [unclear]
[TUTOR] Mm-hmm.
[STUDENT] Hello?
[TUTOR] Yeah. Can you hear me?
[STUDENT] Yeah. So there are some people... [Speaker] The teacher puts 5 on each table. How many books? [unclear] [Speaker] 22.
[TUTOR] How many? [Speaker] 22.
[TUTOR] They're asking you how many books are left over. [unclear] Okay, so in each table, how am I meant to know how many tables are there?
[TUTOR] She's putting 5 books on each table, yeah?
[STUDENT] Yeah.
[TUTOR] You have 27 books, then what is the calculation you can do?
[STUDENT] 27 divided by 5.
[TUTOR] Yeah.
[STUDENT] So basically the thing is, it is [UNCLEAR]. [Speaker:Tutor] Okay, so they're asking you what is the leftover, only the leftover. What is the remainder?
[TUTOR] 2.
[STUDENT] 2. Yes. So remainders is all about the leftovers that we have, yeah? So you can just put 2 there. Alright?
[TUTOR] Alright.
[STUDENT] Okay, great. Then try the second question.
[TUTOR] Write the following multiples of gold. First 5 multiples of 6.
[TUTOR] So 6 is a multiple of 6, 12, 18, 24. [unclear]
[TUTOR] Yes, 6, 12, 18, 24, 30. Okay, good job. Now let's go on with— okay, let's do this. Can you read it out? [unclear] [Speaker:Tutor]...when there is nothing left over in a division calculation. [Speaker:Tariq Tariq] Yeah. So a remainder arises when there is something left over in a division calculation. Okay? So the remainder is basically the leftover that we have. All right? So in this array, Cassian, how many counters do we have in total? [unclear] How many circles do we have in total? [unclear]
[TUTOR] There are 32 circles. And they have made how many equal groups?
[STUDENT] Um, 3. How many groups have they made?
[STUDENT] 6.
[TUTOR] Yeah. So they have made 6 groups equally. But how many are remaining now? [unclear] How many are remaining?
[STUDENT] 2.
[TUTOR] 2. So how would you write the answer here?
[TUTOR] 6. [unclear]
[STUDENT] Yeah, 6 remainder 2. Good work. Exactly. 3 remainder 1.
[TUTOR] Why is it 80 here? Why did you put an 80 here? [unclear] Don't know? Why you don't know? How did you get that answer then?
[STUDENT] It's 8, 8, 8, remainder 3.
[TUTOR] Yeah, 8 remainder 3. Okay, good. Let's go on. Do you have any questions in this part? [unclear] Yes, Tariq Tariq? Any questions?
[STUDENT] No.
[TUTOR] Okay, then let's go on with the next one. I'll do the follow-me part as usual. Okay? Once I complete it, you do your turn. Alright?
[STUDENT] [unclear]
[TUTOR] So when solving world problems, we need to make sense of the remainder. 4 children can fit in a tent. How many tents are needed for 30 children? Yeah? So this is a real world question, Cassian. Okay? There are 30 children. Only 4 children can fit into a tent. Then how many tens are needed? That is the question we have. Yeah. So we— I'm gonna take groups of 4 children and put it in— put them into each tent. All right. And when I do this, I get 1, 2, 3, 4, 5, 6, 7.
[TUTOR] 7 tens.
[STUDENT] Mm-hmm.
[TUTOR] But 2 children are remaining.
[TUTOR] Mm-hmm.
[STUDENT] Okay. But we can't leave them like that, isn't it?
[TUTOR] Mm-hmm.
[STUDENT] So 2 are remaining here. Okay. So this is the calculation. But 2 leftovers are there. We can't leave the children as it is. So what I'm gonna do is I'm gonna give a 10 for these 2 children as well. So altogether I need 8 tens here. Did you understand that? Okay, let me see your part.
[STUDENT] 34, take 5 remainder. [unclear] 5 full plates of biscuits can be made.
[TUTOR] Yes. Okay, good work. Is a high five for completing it independently. Okay? So do you have any questions in this part?
[TUTOR] No.
[STUDENT] Okay. Then I'll give you more questions to try. Can you do them?
[TUTOR] Which one of these division calculations have a remainder of 2? [unclear]
[TUTOR] [unclear]
[STUDENT] Yes. [Speaker:Tutor]...32 divided by 6? [Speaker:Tariq Tariq] Yes.
[TUTOR] 7 divided by 3?
[STUDENT] No.
[TUTOR] 11 divided by 4?
[STUDENT] No.
[TUTOR] 18 divided by 8.
[STUDENT] Yes. [unclear]
[TUTOR] Okay. Good working out. So these are the remainders that we have, yeah? So the first calculation, how much would be remaining? 17 divided by 7?
[TUTOR] Oh, sorry, what?
[STUDENT] Oh, 17. [unclear]
[TUTOR] Yeah. How much would be remaining?
[STUDENT] With 3. So, 2 remain. Wait, sorry. Yes, yes, yes. And 19 remain the 3 and the 2. [unclear]
[TUTOR] Okay, so here it is a 3, yeah?
[STUDENT] Okay.
[TUTOR] These are correct. They have a remainder of 2. How about this? Yeah, one there. 11 divided by 4, how much is remaining?
[STUDENT] 4. [unclear]
[TUTOR] Is it full?
[STUDENT] I'm sorry, wait. It is full.
[TUTOR] Yeah. Remainder 3, isn't it? So it is 2 remainder 3. All right? [unclear] Okay, great. Let's go to question B.
[STUDENT] So there are 18 children to take to— to a school football match. Each car can take 4 children. How many cars are needed? [unclear]
[TUTOR] Question B.
[TUTOR] It takes 7 minutes to make a pom-pom. [unclear]
[TUTOR] Question C, is the answer correct?
[BACKGROUND] Yes, but there's going to be some money.
[TUTOR] There are 18 children, okay? In one car you can take 4 children. How many children would be remaining?
[TUTOR] Can you leave them and go? [unclear] Can you leave those two children and go?
[STUDENT] I'm sorry, what?
[TUTOR] You have 18 children, okay?
[STUDENT] Yes.
[TUTOR] And each car can take up to 4 children, yeah? So now 4 cars are going, but you still have 2 children left. Can you leave them like that and go?
[STUDENT] No.
[TUTOR] No. Then what should you do for them? [unclear] Yeah, you have to get a new car for them, Tariq Tariq. Yeah? Then how many cars do we need to have in total?
[TUTOR] Yes, how many cars in total do we need? [unclear] Exactly, you need 5 cars, yeah? You can't leave those children like that and go, alright? Right? These are real-world problems, Tariq Tariq. So you have to think whether you can leave the leftover or take the leftover with you. Okay?
[STUDENT] Okay.
[TUTOR] Okay. So let's go to question B. You left it. Can you try that out?
[STUDENT] Oh, yeah. If [unclear] what length your bun will be? [unclear] [Speaker:Tutor]... [UNCLEAR] [unclear] [Speaker:Tutor]... [unclear]
[TUTOR] They're asking you what is the length of the bunting that will be left over. [unclear] What's that answer? [unclear]
[TUTOR] Oh yeah, that's the correct one. 4 meters, yeah? You have to put the meters here. If not, the answer would be wrong. Alright?
[STUDENT] Mm-hmm.
[TUTOR] Okay, good. Read the question really well before you answer it, alright?
[STUDENT] Okay. I'll give you one more chance to do question D. This is not the correct answer, but you have given in 10 minutes, yeah? But they're asking you how many pom-poms they can make. [unclear]
[TUTOR] Can you hear me?
[STUDENT] Yes. They can make 35. How come 35? Read the question once again.
[STUDENT] [unclear] It takes 7 minutes to make a pump. How many complete pump pumps can be made in 30 minutes? So you do 7 divided by 30. [unclear]
[TUTOR] 7 divided by 7.
[STUDENT] 7 divided by 7.
[TUTOR] 7 divided by 7.
[STUDENT] 7 divided by 7. [unclear] [unclear]
[TUTOR] Okay, so how many complete pom-poms can you make? [unclear]
[TUTOR] Yeah?
[TUTOR] Yes, and how many complete pom-poms can you make? [unclear] Yeah, so 4 pom-poms can— you can make 4 pom-poms. And how many total minutes would it go?
[STUDENT] One takes 7 minutes.
[TUTOR] Then 4 would take how many minutes? A total of?
[STUDENT] 4 would take [unclear] minutes.
[TUTOR] Exactly, 28 minutes. So they have a total of 30 minutes, yeah? How many minutes would be left?
[STUDENT] 2 minutes.
[TUTOR] 2 minutes. So can you make a pompom using that 2 minutes?
[STUDENT] No.
[TUTOR] No. Okay, great. So do you have any questions in this part? Any questions?
[STUDENT] No.
[TUTOR] Okay. So here's a thumbs up for completing all these questions really well. And yeah, so in these type of questions, what do you— Like, what do you focus on? What do you have to focus on in these type of questions? [unclear]
[TUTOR] I'm sorry?
[STUDENT] Reading the question carefully.
[TUTOR] Yes, reading the question carefully. And also, you have to decide whether to round the answer down or up, yeah? So let's say you get a question like this where you have 18 children, yeah? You can't leave them alone. You have to take the leftovers, so you provide the—
[TUTOR] [unclear]
[STUDENT] You provide another car and round up the answer. So you get 5, yeah? But in cases like question B, if they ask you how many complete pom-poms you can make, then you have to round down the answer, and you don't care about the leftovers. Leftover minutes. Okay?
[STUDENT] Okay.
[TUTOR] Okay, great. Then I'll give you another one. Write out.
[STUDENT] Tara is thinking of a 2-digit number. When the number is divided by 5, the remainder is 2. When it is divided by 8, the remainder is 1. What number could she be thinking of? [unclear]
[STUDENT] [unclear]
[TUTOR] Okay, let's write 12 here and then check whether These criteria are met, okay? When it is divided by 5, the remainder is 2.
[STUDENT] [unclear]
[TUTOR] Oh yeah. In this part it is correct. But how about this criteria? Will it match? [unclear]
[STUDENT] [unclear] [unclear] [Speaker:Tariq Tariq] [unclear] [unclear]
[TUTOR] 16, 18, 19, 20.
[STUDENT] I'm in 20. [unclear]
[BACKGROUND] Because if it was 9, it's 1. [Speaker] Because if it was 9, it would [unclear] for the 8, but I don't know, so I gave up. Hello?
[TUTOR] Shall I give you a small hint? [Speaker] Yes, please.
[TUTOR] Okay. So here, can you tell me the multiples of 5? [Speaker] 5, 10, 15, 20, 25, 30, 35, 40, 45, 60. No, 45, 50, 55, 60.
[TUTOR] 45, 60? Okay. Done. So let's have it this side and tell me the multiples of it.
[STUDENT] 8, 16, 24, 32, 40, 50, 56.
[TUTOR] Okay, right. So now these are the multiples of 5 and the multiples of 8. Yeah.
[STUDENT] Yeah. And then you should get a remainder of 2 for the multiple of 5. And then—
[STUDENT] I know it. I know it.
[TUTOR] Yeah?
[STUDENT] No, no, no. [unclear]
[TUTOR] This side you should get a remainder of 1. This side you should get a remainder of 2. So how can you do that?
[TUTOR] [unclear]
[STUDENT] What is the leftover for 5?
[TUTOR] Remainder 2.
[STUDENT] Remainder 2. Okay. So then what you have to do is add 2 to the multiples of 5. What is 5 2? 10 [unclear] 2? 17, 22, [unclear]
[TUTOR] 24, 26.
[TUTOR] Yeah, okay. Keep the numbers like this. Go to the 8 multiples. How much should you add here? The leftover is?
[STUDENT] 9.
[TUTOR] Leftover is 1, yeah. 9.
[STUDENT] 9. [unclear] 17.
[TUTOR] Okay. Now check these two sides. What number is common? [unclear] From this list and from this list, which number is common?
[STUDENT] 17.
[TUTOR] 17. So what is the number she is thinking of?
[TUTOR] 17. Divide 17 by 5. What is the remainder you get? [unclear] Divide 17 by 8. What is the remainder you get?
[STUDENT] 1.
[TUTOR] 1. So how would you do these type of questions? Can you explain me?
[STUDENT] So first, you would write down the multiples and then you would make this big large square and then you put 7, 12, 17, 22, and add it or something, whatever. And then after that, you're going to add it and then you're going to find the most common [unclear] thing, and then after, that's the answer.
[TUTOR] Okay, so how did I get these numbers, 7, 12, 17, and stuff? How did I get them?
[STUDENT] By adding the remainder.
[TUTOR] Yeah, exactly. So when you get questions like this, first list down the multiples and then add them with their remainders so that you get the common answer out of it. Okay? Right. So do you have any questions in this part?
[STUDENT] No.
[TUTOR] Okay. Tell me, what did you learn from this lesson? [unclear]
[TUTOR] Find the number Tutor is thinking of. That is what you learnt.
[STUDENT] Yes.
[TUTOR] Okay. So when they give you the remainder and the number to divide by, you know how to find the answer, yeah?
[TUTOR] Okay, great. Right, so I'll give you another lesson. Right, so one line per turn. Give me a minute. [unclear]
[TUTOR] Okay, so now the lesson is about choosing a mental or a written method. Can you try the first one? [unclear] [unclear]
[TUTOR] 395, yes.
[STUDENT] 109.
[TUTOR] How about the next one?
[STUDENT] 192.
[TUTOR] How did you get 190 here?
[STUDENT] Because 300 subtract 200 with 100, and then with the 100 you would add— you have to subtract the 4 and the 92, which would give 90, and then you add that together. [unclear]
[TUTOR] The answer is 10, Isolde.
[STUDENT] The what?
[TUTOR] The answer is 10.
[STUDENT] How's the answer 10?
[TUTOR] Count and see. 304 subtract 294.
[TUTOR] Okay, okay, okay.
[STUDENT] You get 10. [unclear]
[TUTOR] Okay, right. So that's all for today's session, Tariq Tariq. You did a very good work, all right? So let's continue this in our next week's session. Before you go, please do the quiz and fill the feedback form, all right? Have a nice day. Bye-bye.
[STUDENT] Okay."
nkkozwb,Solving real-life problems with bar models.,0.32126856,"Okay. [unclear] I am done.
Yeah.
It's been good.
[unclear] reading.
Only the morning.
yes.
[unclear] [unclear]
Yeah, I remember.
Sorry. [unclear]
Yes. You have to write— you have to do all your transceivers.
I need help.
Yeah.
That would be 6, I'm saying.
I mean 3 times— no, 3 times 8.
Yes, I can hear you.
[unclear] 5, when you multiply by some number, you need— you will be getting 45. Any idea what is that number? 5, when you multiply it by something, you'll be getting this 45. Any idea what is the number? [unclear]
9.
Um, so 9 times 8 is 81.
[unclear] 64?
72?
[unclear]
2 and what?
[unclear] You would do this, you would use the
7 times— 7 times 2.
Um, is it 14? 7 times 5? Not really. Or 5 times 7? Correct. Right now, the next 2 numbers— this number and this number— then you'll be getting the answer for this column.
So 7 times 8. [unclear] [unclear]
Yes. [unclear]
[unclear]
[unclear] goal.
Uh, yes please. [unclear]
46.
Yep, I'm just looking out. [unclear] [Speaker] It just goes like that? [unclear]
If I do 4 times 3, which is—
I need help with question C.
18.
The finale. [unclear]
[unclear]
[unclear]
28 divided by 10. [unclear]
[unclear]
Mm-hmm.
Okay. Yoki got 3 sets of colored pencils for his birthday. Each pack contains 27 colored pencils. How many colored pencils does he have in total?
You need [unclear] 3 times 27.
[unclear]
Because he got 3 sets of colored pencils.
No.
Yes.
Mm-hmm.
Yeah, 175. Yes, excellent.
There are 7 go-karts. How many wheels are there altogether?
So what do you have to do here? Did you read the question properly? Molly has 96 [unclear] sweets to put into party bags. She shares them equally between 12 party bags. Divide.
Okay.
Yeah.
Yes, I have no questions.
Yeah.
Is this our last [UNCLEAR]?
All right. Programs cost 50p. Selling programs raises 20. How many programs are sold? 50 times 20. I mean 50 plus 20. 70p. [unclear]
50 times 20.
[unclear]
It's 40.
I used my brain.
I used my brain.
It was easy.
Yeah. [unclear]
Okay.
Divide 9 apples into 3 equal groups.
[unclear]
It was easy.
right.
Bye.","Hello, is anyone there? Hello?
Hi.
I'm good, but your voice is very loud. Is it? Maybe you can reduce your volume in the headset.
Okay. Done?
Right. So how's your day, Bram?
Good. What did you do today at school?
Mm-hmm. What else?
Oh, so that's all that you did. Okay, right. So shall we start off with the lesson, Bram?
Right. Can you remember last week you have done using multiplication and division facts up to 12 times 12? So you have completed the learning goal question and also you have done the You Do slide. Can you go through these 3 questions and see whether you can remember it, Bram?
Yeah, you remember? Excellent, right. So today you have— anyway, last week you have finished these 3 questions also. So today you have to go further slide. Can you read it and try to answer? This table, yeah, multiplication grid. [unclear]
Now, do you know how this works, this grid?
Yes, now, so all your timetables— in the sense, can you see this blue, uh, rows here and into this side? So here you have a 3, here you have a 5. 3, if you multiply it by 5, you'll be getting the answer 15, right? So you have put a 10 here. So 3, if you multiply it by 10, you will not be getting 24. So So you have to be careful what you are putting here. Okay? [unclear]
Right, no problem. Right. So 3 times. Did you understand? 3 times 5 is 15, isn't it, Bram?
Yes. Now when you come into this column, the 3 is still there and you need to multiply it by some number. So 3 times some number is going to be 24. Any idea what is that number in 3 times table? [unclear]
Yeah, 3 times 6, is it 24?
How much is 3 times 6, Bram?
Yes, 3 times 8 is 24, correct. So you can put 8 here. So we know that this column that This part is 8, right? Can you find this? [unclear] We can't find this because we don't know the answer, isn't it? Bram?
So we don't know what to put here because we don't know what's the answer that they have got, right? Now then we go into to the second line, this line, right? Let's see. Something when you multiply by 5, we don't know what it is because they have not given the answer. Right here, now we know. We have got the answer 48. 48, when you multiply it by 8 and some other number, you will be getting 48. Any idea what is that number going to be? So that number we can put it here. What is that number? [unclear] 9? Is 9 8? Okay. 8 times 8, is it 48? Bram? [unclear] 6 times 8, correct. 6 times 8 is 48. And 6 times 5 also you have done this as?
30. Correct. Right, okay. So then the next one, we can't fill these up because still we don't know what it is. Then the next one, 5 times when you multiply it by something, you'll be getting 45. Any idea what it is going to be?
9, correct. 5 times 9 is 45. 45. And we can get the answer here also because 9 and 8, you can multiply it together and get this answer here. What's that answer?
Not really. Double-check again. How much would be 9 times 8?
Not really.
Yes, 72. Correct. Right, so now here, now we know it's gonna be 18. So 9, if you multiply it by some number, this number here, you need to get 18. What's the number that you think that we need to put here?
2, correct. Excellent. And you can fill up these 2 blanks also by looking at these 2 numbers. Can you fill it up, Bram? [unclear]
Pardon?
Can you fill up?
Can you fill up these two answers also in this column?
Will it be 9? How did you get 9? You need to multiply this number and this number. [unclear]
Which number?
This number. Here, this is the line and this line. When you multiply these two numbers together, how much would you be getting?
Correct, 12. Right. Now you can fill up these two blanks also. Can we see how you are going to do it?
7 times 2? Not really. 7 times 5. This and this, then you'll be getting this answer. 7 times 5, how much is it? [unclear]
Not really. You have to double-check again. It's something to do with 50s, but not 52 or 54. Correct. 7 times 8 is 56. So did you understand how to do if you get a question like this?
Yes. So, all right. So here, this number to this number, this number to this number. So that particular column, if you multiply, you'll be getting that particular column's answers, right? Any questions, Bram?
No questions? All clear? Yeah, right. Okay, now I'll be moving on to the other lesson since you don't have any questions, Bram. Let's see what we have. Okay, multiplying two-digit numbers. Right. Use jotting or format method to solve the following. Right. How are you going to?
For learning goal, use jotting or format method to solve the following. [Speaker] 32. [unclear] Times 3. So 2 times 3 would be 6. And 3 times 2 would be 6. 3 would mean 9. [unclear]
Correct. Yes, excellent. That's the correct answer. 96 is— you can write the answer. That's 96 here. Right, excellent. Well done. Okay. Okay, so since you answered this correctly, Bram, I'll be moving on to the You Do slide. Okay, you have 4 questions. Shall we try with the first one?
Correct.
Next one?
12. [unclear] [unclear]
Correct. Excellent. Now question C.
You need help? [unclear]
How are you going to multiply 26 times 3? There is an exchange also happening here, isn't it? 26, when you multiply it—
Yeah, around 80, correct.
78, correct. Next one.
Yeah, also there will be an exchange happening.
It was the same with [UNCLEAR].
That's the answer, Bram, that you got. [unclear]
Yes, 70, same answer, isn't it? Same answer as 78. Excellent, right. Well done in completing all these 4 questions really well. Any questions, Bram?
No questions. So you use the formal method for all these 4 questions, isn't it?
Yeah, right. Okay, now let's see what we have in the You Do slide. Okay.
Can you read it and try to answer it? [unclear]
Yes, how are you going to solve this?
Correct. [unclear]
Correct, 81. And can I know why you multiplied it by 3?
Yes, correct. He got 3 sets of colored pencils. And since each pack contains 27, yes, excellent thinking there. Well done.
So do you have any more questions, Bram?
Related to this lesson? So was it all clear?
Yeah, these are easy lessons, isn't it? [unclear] Yeah, it will refresh your memory, right? So I hope you have done all these lessons at school, right?
Yeah, okay. So since you don't have any questions, Bram, I'll be moving on to the other lesson. Let's see. Okay. Solving Real-Life Problems with Bar Models. Have you seen bar models before?
Yeah? Okay. Let's see how you solve the learning goal question. [unclear]
Arnold buys 5 jars of sweets. There are 35 sweets in each jar. How many sweets does he buy altogether? 5 times 35. [unclear]
And done.
Right. Well done. So since you answered this correctly, I'll be moving on to the You Do slides. So let's see how we are going to do. There are 3 questions. Let's start with the first one. [unclear]
7 times 4, 28. [unclear]
Right, excellent. Question B? [Speaker] So, 9 grapes. Some ate 3 times as many grapes. 9 times 3. 9 times 3 is 27.
Correct. [unclear]
Molly has 96 sweets to put in party bags. She sells them equally. 96 times 12.
Exactly, you need to divide because it says she shares them equally between 12 party bags, right? Okay. [unclear]
That's correct. The answer, 12 times 8 is 96. So the answer is 8.
It needs to be— here you need to put 96 actually, divide by 12. Always the bigger number you need to divide it by the smaller number. So the 96 [UNCLEAR]. So 96 is here and 12 you need to put here. Okay?
Can we change the two numbers? [unclear]
96, Bram, not 98. Yeah, 96. [unclear]
Still you have put 98.
Great. Excellent. So 96, when you divide it by 12, you'll be getting the answer as 8. Excellent, right? Is it all clear?
Yes, so all what you need is you need to read it really well, because otherwise the multiplications and the divisions calculations, you might get it wrong sometimes. Yeah, so always read the questions. [unclear] Okay, right. So since you don't have any questions, uh, let's put the division sign. Since you don't have any questions, I'll be moving on to the Go Further slide here.
All right, shall we try out this?
We have about 6 minutes. Let's see if we can finish this before time. We can maybe perhaps go into another lesson and finish one or two slides from that also. It all depends how we do it.
Okay, did you read the question properly, Bram?
They say— [unclear] Okay, programmes cost 50 pence, and the selling programmes raises to £20. How many programmes are sold? You need to find how many programmes are sold. So one programme is 50 pence. When you sell the programmes, they have— Got money as £20. So how many programs are sold for £20? Because one program is 50 pence. Any idea how you are going to do it and what calculation is needed to solve this?
You need to do... [unclear]
Yes, and can I know what did you do to get 40?
And?
And I look that [unclear] doubled it for you. You doubled it. Actually, the calculation that you need to solve this is you need to divide this 20 pounds from 50 pence. That is 0.5.
Yeah, so 0— 50 pence plus 50 pence, you'll be getting, uh, a £1. So like that, if you check how many, that you know that you will be getting 40. So how many programs are sold? You can put the answer as 40. Correct. [unclear] [unclear]
Excellent. Right. Right. So we are done with this lesson also, Bram. What do you think about the lesson that we completed?
Easy, yeah. So both the lessons that we completed was easy for you, isn't it, Bram? But I hope that it refreshed your memory.
Yeah?
Yes. Okay. Right. Let's see. We have about 2 minutes remaining. I will just go through the learning goal question. And let's see what we have here. Finding fractions of a set of objects. Right. So you have a learning goal question.
How's your fraction knowledge, Bram?
Okay. All right. Okay. So let's see how we are going to do the learning goal question. [unclear] [unclear]
Okay, so here—
All right, you can start the prior learning question also. [unclear] Yes, this is correct. Yes, the prior learning question is correct. Actually here, Bram, to find 1/4 of 12 pairs, any idea how we are going to do it? How to find one part of it, these 12 pairs?
Okay, but this you need to divide into 4 equal parts, right? So when you divide it into 4 equal parts, it's not gonna be 4 pairs. But we will not have time to discuss about this, Bram. So we'll start fresh from this lesson next week. So excellent work today. So what do you think about the lessons that we completed?
Easy, right? It was a good lesson, but I hope that it refreshed your memory of how to just read some questions carefully. And can you remember the multiplication [UNCLEAR]?
that we did. Yeah? And if you get a question like this, now you know how to do it, right, Bram?
Yes. Okay, excellent work today, Bram. So keep up your amazing work. And once I end the session, you'll be getting some questions. Try to do those as well. Okay? So have a nice day, Bram. I'll see you soon. Okay?
Bye.
Bye.","[BACKGROUND] [unclear]
[TUTOR] Hello, is anyone there? Hello?
[BACKGROUND] Hi, Bram.
[TUTOR] Hi.
[BACKGROUND] How are you?
[TUTOR] I'm good, but your voice is very loud. Is it? Maybe you can reduce your volume in the headset.
[STUDENT] Okay. [unclear] I am done.
[TUTOR] Okay. Done?
[STUDENT] Yeah.
[TUTOR] Right. So how's your day, Bram?
[STUDENT] It's been good.
[TUTOR] Good. What did you do today at school?
[STUDENT] [unclear] reading.
[TUTOR] Mm-hmm. What else?
[STUDENT] Only the morning.
[TUTOR] Oh, so that's all that you did. Okay, right. So shall we start off with the lesson, Bram?
[STUDENT] yes.
[TUTOR] Right. Can you remember last week you have done using multiplication and division facts up to 12 times 12? So you have completed the learning goal question and also you have done the You Do slide. Can you go through these 3 questions and see whether you can remember it, Bram?
[STUDENT] [unclear] [unclear]
[STUDENT] Yeah, I remember.
[TUTOR] Yeah, you remember? Excellent, right. So today you have— anyway, last week you have finished these 3 questions also. So today you have to go further slide. Can you read it and try to answer? This table, yeah, multiplication grid. [unclear]
[STUDENT] Sorry. [unclear]
[TUTOR] Now, do you know how this works, this grid?
[STUDENT] Yes. You have to write— you have to do all your transceivers.
[TUTOR] Yes, now, so all your timetables— in the sense, can you see this blue, uh, rows here and into this side? So here you have a 3, here you have a 5. 3, if you multiply it by 5, you'll be getting the answer 15, right? So you have put a 10 here. So 3, if you multiply it by 10, you will not be getting 24. So So you have to be careful what you are putting here. Okay? [unclear]
[STUDENT] I need help.
[TUTOR] Right, no problem. Right. So 3 times. Did you understand? 3 times 5 is 15, isn't it, Bram?
[STUDENT] Yeah.
[BACKGROUND] Yeah.
[TUTOR] Yes. Now when you come into this column, the 3 is still there and you need to multiply it by some number. So 3 times some number is going to be 24. Any idea what is that number in 3 times table? [unclear]
[STUDENT] That would be 6, I'm saying.
[TUTOR] Yeah, 3 times 6, is it 24?
[TUTOR] How much is 3 times 6, Bram?
[STUDENT] I mean 3 times— no, 3 times 8.
[TUTOR] Yes, 3 times 8 is 24, correct. So you can put 8 here. So we know that this column that This part is 8, right? Can you find this? [unclear] We can't find this because we don't know the answer, isn't it? Bram?
[STUDENT] Yes, I can hear you.
[TUTOR] So we don't know what to put here because we don't know what's the answer that they have got, right? Now then we go into to the second line, this line, right? Let's see. Something when you multiply by 5, we don't know what it is because they have not given the answer. Right here, now we know. We have got the answer 48. 48, when you multiply it by 8 and some other number, you will be getting 48. Any idea what is that number going to be? So that number we can put it here. What is that number? [unclear] 9? Is 9 8? Okay. 8 times 8, is it 48? Bram? [unclear] 6 times 8, correct. 6 times 8 is 48. And 6 times 5 also you have done this as?
[TUTOR] 30. Correct. Right, okay. So then the next one, we can't fill these up because still we don't know what it is. Then the next one, 5 times when you multiply it by something, you'll be getting 45. Any idea what it is going to be?
[STUDENT] [unclear] 5, when you multiply by some number, you need— you will be getting 45. Any idea what is that number? 5, when you multiply it by something, you'll be getting this 45. Any idea what is the number? [unclear]
[STUDENT] 9.
[TUTOR] 9, correct. 5 times 9 is 45. 45. And we can get the answer here also because 9 and 8, you can multiply it together and get this answer here. What's that answer?
[STUDENT] Um, so 9 times 8 is 81.
[TUTOR] Not really. Double-check again. How much would be 9 times 8?
[STUDENT] [unclear] 64?
[TUTOR] Not really.
[STUDENT] 72?
[TUTOR] Yes, 72. Correct. Right, so now here, now we know it's gonna be 18. So 9, if you multiply it by some number, this number here, you need to get 18. What's the number that you think that we need to put here?
[STUDENT] [unclear]
[TUTOR] 2, correct. Excellent. And you can fill up these 2 blanks also by looking at these 2 numbers. Can you fill it up, Bram? [unclear]
[TUTOR] Pardon?
[BACKGROUND] Sorry.
[TUTOR] Can you fill up?
[BACKGROUND] No problem.
[TUTOR] Can you fill up these two answers also in this column?
[BACKGROUND] Correct.
[TUTOR] Will it be 9? How did you get 9? You need to multiply this number and this number. [unclear]
[TUTOR] Which number?
[STUDENT] 2 and what?
[TUTOR] This number. Here, this is the line and this line. When you multiply these two numbers together, how much would you be getting?
[TUTOR] Correct, 12. Right. Now you can fill up these two blanks also. Can we see how you are going to do it?
[STUDENT] [unclear] You would do this, you would use the
[STUDENT] 7 times— 7 times 2.
[TUTOR] 7 times 2? Not really. 7 times 5. This and this, then you'll be getting this answer. 7 times 5, how much is it? [unclear]
[STUDENT] Um, is it 14? 7 times 5? Not really. Or 5 times 7? Correct. Right now, the next 2 numbers— this number and this number— then you'll be getting the answer for this column.
[STUDENT] So 7 times 8. [unclear] [unclear]
[TUTOR] Not really. You have to double-check again. It's something to do with 50s, but not 52 or 54. Correct. 7 times 8 is 56. So did you understand how to do if you get a question like this?
[STUDENT] Yes. [unclear]
[TUTOR] Yes. So, all right. So here, this number to this number, this number to this number. So that particular column, if you multiply, you'll be getting that particular column's answers, right? Any questions, Bram?
[STUDENT] [unclear]
[TUTOR] No questions? All clear? Yeah, right. Okay, now I'll be moving on to the other lesson since you don't have any questions, Bram. Let's see what we have. Okay, multiplying two-digit numbers. Right. Use jotting or format method to solve the following. Right. How are you going to?
[STUDENT] [unclear] goal.
[TUTOR] For learning goal, use jotting or format method to solve the following. [Speaker] 32. [unclear] Times 3. So 2 times 3 would be 6. And 3 times 2 would be 6. 3 would mean 9. [unclear]
[TUTOR] Correct. Yes, excellent. That's the correct answer. 96 is— you can write the answer. That's 96 here. Right, excellent. Well done. Okay. Okay, so since you answered this correctly, Bram, I'll be moving on to the You Do slide. Okay, you have 4 questions. Shall we try with the first one?
[STUDENT] Uh, yes please. [unclear]
[BACKGROUND] So, 23 times 2, 22. [unclear]
[STUDENT] 46.
[TUTOR] Correct.
[TUTOR] Next one?
[STUDENT] Yep, I'm just looking out. [unclear] [Speaker] It just goes like that? [unclear]
[STUDENT] If I do 4 times 3, which is—
[TUTOR] 12. [unclear] [unclear]
[TUTOR] Correct. Excellent. Now question C.
[STUDENT] I need help with question C.
[TUTOR] You need help? [unclear]
[TUTOR] How are you going to multiply 26 times 3? There is an exchange also happening here, isn't it? 26, when you multiply it—
[STUDENT] 18.
[TUTOR] Yeah, around 80, correct.
[BACKGROUND] 1,000 and [UNCLEAR].
[TUTOR] 78, correct. Next one.
[BACKGROUND] Same.
[TUTOR] Yeah, also there will be an exchange happening.
[TUTOR] It was the same with [UNCLEAR].
[STUDENT] The finale. [unclear]
[STUDENT] [unclear]
[STUDENT] [unclear]
[STUDENT] 28 divided by 10. [unclear]
[TUTOR] That's the answer, Bram, that you got. [unclear]
[BACKGROUND] Okay, so we have to do 7 times 10.
[TUTOR] Yes, 70, same answer, isn't it? Same answer as 78. Excellent, right. Well done in completing all these 4 questions really well. Any questions, Bram?
[STUDENT] [unclear]
[TUTOR] No questions. So you use the formal method for all these 4 questions, isn't it?
[STUDENT] Mm-hmm.
[TUTOR] Yeah, right. Okay, now let's see what we have in the You Do slide. Okay.
[TUTOR] Can you read it and try to answer it? [unclear]
[STUDENT] Okay. Yoki got 3 sets of colored pencils for his birthday. Each pack contains 27 colored pencils. How many colored pencils does he have in total?
[TUTOR] Yes, how are you going to solve this?
[STUDENT] You need [unclear] 3 times 27.
[TUTOR] Correct. [unclear]
[STUDENT] [unclear]
[TUTOR] Correct, 81. And can I know why you multiplied it by 3?
[STUDENT] Because he got 3 sets of colored pencils.
[TUTOR] Yes, correct. He got 3 sets of colored pencils. And since each pack contains 27, yes, excellent thinking there. Well done.
[TUTOR] So do you have any more questions, Bram?
[STUDENT] No.
[TUTOR] Related to this lesson? So was it all clear?
[STUDENT] Yes.
[TUTOR] Yeah, these are easy lessons, isn't it? [unclear] Yeah, it will refresh your memory, right? So I hope you have done all these lessons at school, right?
[TUTOR] Yeah, okay. So since you don't have any questions, Bram, I'll be moving on to the other lesson. Let's see. Okay. Solving Real-Life Problems with Bar Models. Have you seen bar models before?
[STUDENT] Mm-hmm.
[TUTOR] Yeah? Okay. Let's see how you solve the learning goal question. [unclear]
[TUTOR] Arnold buys 5 jars of sweets. There are 35 sweets in each jar. How many sweets does he buy altogether? 5 times 35. [unclear]
[TUTOR] And done.
[STUDENT] Yeah, 175. Yes, excellent.
[TUTOR] Right. Well done. So since you answered this correctly, I'll be moving on to the You Do slides. So let's see how we are going to do. There are 3 questions. Let's start with the first one. [unclear]
[STUDENT] There are 7 go-karts. How many wheels are there altogether?
[TUTOR] 7 times 4, 28. [unclear]
[TUTOR] Right, excellent. Question B? [Speaker] So, 9 grapes. Some ate 3 times as many grapes. 9 times 3. 9 times 3 is 27.
[TUTOR] Correct. [unclear]
[TUTOR] Molly has 96 sweets to put in party bags. She sells them equally. 96 times 12.
[STUDENT] So what do you have to do here? Did you read the question properly? Molly has 96 [unclear] sweets to put into party bags. She shares them equally between 12 party bags. Divide.
[TUTOR] Exactly, you need to divide because it says she shares them equally between 12 party bags, right? Okay. [unclear]
[TUTOR] That's correct. The answer, 12 times 8 is 96. So the answer is 8.
[TUTOR] It needs to be— here you need to put 96 actually, divide by 12. Always the bigger number you need to divide it by the smaller number. So the 96 [UNCLEAR]. So 96 is here and 12 you need to put here. Okay?
[STUDENT] Okay.
[TUTOR] Can we change the two numbers? [unclear]
[TUTOR] 96, Bram, not 98. Yeah, 96. [unclear]
[TUTOR] Still you have put 98.
[STUDENT] Yeah.
[TUTOR] Great. Excellent. So 96, when you divide it by 12, you'll be getting the answer as 8. Excellent, right? Is it all clear?
[STUDENT] Yes, I have no questions.
[TUTOR] Yes, so all what you need is you need to read it really well, because otherwise the multiplications and the divisions calculations, you might get it wrong sometimes. Yeah, so always read the questions. [unclear] Okay, right. So since you don't have any questions, uh, let's put the division sign. Since you don't have any questions, I'll be moving on to the Go Further slide here.
[STUDENT] Yeah.
[TUTOR] All right, shall we try out this?
[STUDENT] Is this our last [UNCLEAR]?
[TUTOR] We have about 6 minutes. Let's see if we can finish this before time. We can maybe perhaps go into another lesson and finish one or two slides from that also. It all depends how we do it.
[STUDENT] All right. Programs cost 50p. Selling programs raises 20. How many programs are sold? 50 times 20. I mean 50 plus 20. 70p. [unclear]
[TUTOR] Okay, did you read the question properly, Bram?
[STUDENT] 50 times 20.
[TUTOR] They say— [unclear] Okay, programmes cost 50 pence, and the selling programmes raises to £20. How many programmes are sold? You need to find how many programmes are sold. So one programme is 50 pence. When you sell the programmes, they have— Got money as £20. So how many programs are sold for £20? Because one program is 50 pence. Any idea how you are going to do it and what calculation is needed to solve this?
[STUDENT] [unclear]
[TUTOR] You need to do... [unclear]
[STUDENT] It's 40.
[TUTOR] Yes, and can I know what did you do to get 40?
[STUDENT] I used my brain.
[TUTOR] And?
[STUDENT] I used my brain.
[TUTOR] And I look that [unclear] doubled it for you. You doubled it. Actually, the calculation that you need to solve this is you need to divide this 20 pounds from 50 pence. That is 0.5.
[TUTOR] Yeah, so 0— 50 pence plus 50 pence, you'll be getting, uh, a £1. So like that, if you check how many, that you know that you will be getting 40. So how many programs are sold? You can put the answer as 40. Correct. [unclear] [unclear]
[TUTOR] Excellent. Right. Right. So we are done with this lesson also, Bram. What do you think about the lesson that we completed?
[STUDENT] It was easy.
[TUTOR] Easy, yeah. So both the lessons that we completed was easy for you, isn't it, Bram? But I hope that it refreshed your memory.
[TUTOR] Yeah?
[STUDENT] Yeah. [unclear]
[TUTOR] Yes. Okay. Right. Let's see. We have about 2 minutes remaining. I will just go through the learning goal question. And let's see what we have here. Finding fractions of a set of objects. Right. So you have a learning goal question.
[TUTOR] How's your fraction knowledge, Bram?
[STUDENT] Okay.
[TUTOR] Okay. All right. Okay. So let's see how we are going to do the learning goal question. [unclear] [unclear]
[STUDENT] Divide 9 apples into 3 equal groups.
[TUTOR] Okay, so here—
[TUTOR] All right, you can start the prior learning question also. [unclear] Yes, this is correct. Yes, the prior learning question is correct. Actually here, Bram, to find 1/4 of 12 pairs, any idea how we are going to do it? How to find one part of it, these 12 pairs?
[STUDENT] [unclear]
[TUTOR] Okay, but this you need to divide into 4 equal parts, right? So when you divide it into 4 equal parts, it's not gonna be 4 pairs. But we will not have time to discuss about this, Bram. So we'll start fresh from this lesson next week. So excellent work today. So what do you think about the lessons that we completed?
[STUDENT] It was easy.
[TUTOR] Easy, right? It was a good lesson, but I hope that it refreshed your memory of how to just read some questions carefully. And can you remember the multiplication [UNCLEAR]?
[TUTOR] that we did. Yeah? And if you get a question like this, now you know how to do it, right, Bram?
[STUDENT] right.
[TUTOR] Yes. Okay, excellent work today, Bram. So keep up your amazing work. And once I end the session, you'll be getting some questions. Try to do those as well. Okay? So have a nice day, Bram. I'll see you soon. Okay?
[TUTOR] Bye.
[STUDENT] Bye.
[TUTOR] Bye."
nkxykxm,Solving real-life problems with remainders.,0.3219897,"Are you wearing a hat?
I still can't hear you. Can you like remove your headset and unplug, replug, refresh?
Yeah, can you hear me?
[unclear]
You can hear me, okay. Well, then I don't have to text you, right, if you can hear me? So, you tried unplug, replug, and refresh, right? [unclear] [unclear]
Hello. Yeah. Well, I think you refreshed your page, right?
Can you hear me? Can you still hear me?
So obviously you do 30 divided by 4, and your answer is 7 because 4 times 7 is 28. But there is going to be a remainder of 2. But does that mean we leave 2 children out without a tent?
Mm-hmm.
[unclear] is 5 and you've got the remainder 2. This is correct, but can you carefully look? Because there are more answers. There's more than one answer that you need to circle. Think about the 7 times table. Think about the 5 times table. So see, look for a remainder of 2. [unclear] [unclear]
So for— 8, 9, 10, 11. How many? What would be the remainder then? 4, 8, 9, 10, 11. That is a remainder of 3, not 2. So is 11 divided by 4 an answer for this question? [unclear]
18 divided by 8. Okay. So even if you look at 18 divided by 8, it would be 8, 16, right? So then 17, 18. So that's 2 remainder. Okay. Can you also do 12 divided by 5 and let me know?
4 meters.
[unclear]
Mm-hmm.
Mm-hmm.
[unclear] Is that clear? [unclear]
Yes.
Can you make— you like, just let me know. Full pom-poms, not a half-made one.
[unclear] [unclear]
Mm-hmm. Okay. All right then. So you get a really good
Hmm.
Hmm, okay. So, Tara is thinking of a 2-digit number. When it is divided by 5, the remainder is 2. Does that work here? [unclear]
Mm-hmm. So when it is divided by 5, the remainder is 2.
Uh, 10— I'm sorry. 5, 10, 15, 20, 25. Okay. See, this has to be when divided by 5, the remainder is 2. So can you just keep adding 2 to all of these numbers? 12 is not a possibility, so start with 15.
16.
Uh...
4.
[unclear] But you will need a 5th car because there are 2 children as remainder. So just, yeah, questions like that. Anyway, let's move on to the next lesson, rounding decimals to the nearest whole number. So have you done rounding before? [unclear]
A long time— [unclear]
[unclear]
Is a whole number. Did you understand? [unclear]","Hi, Elias. Can you hear me? [unclear]
Hi, Elias. Can you hear me? Hi, Elias. Are you there? Oh, you can hear me. Okay.
Well, I can't really hear you. My volume is up as well, so are you wearing a headset? Are you wearing a headset? [unclear]
Okay. Why can't I hear? Okay, let me refresh my page.
Okay, can you hear me? [unclear]
Your headset. [unclear] And just let me know when you're done.
Can you text what you— I can't see the rest. Can you try speaking?
Are you speaking?
Can you text what you want? Okay. I mean, first of all, first of all, can you hear me? Can you hear me, first of all?
Did you refresh? [unclear]
Can you hear me? Just let me know if you can hear me so that we can, I mean, we can just continue this way. Maybe you can type when necessary. You can hear me, okay. Well, I mean, let's just try one more thing. Can you ask your adult if you can get an extra headset because the audio doesn't seem to work. I can't really hear you.
Just let me know if you can get a headset.
No, actually I still can't hear you. Did you get another headset? Because my volume is also up and I should actually hear you if you are speaking.
But I can't really hear you. Were you able to get another headset? [unclear]
I mean, you can hear me, right? So shall I just speak? You can use typing, but shall I just speak because you can hear me? You can hear me, right? Shall I speak?
Okay, okay. So I'm gonna speak and you can answer whatever question you have. You can ask me whatever you have, you know, using your text tool. So this lesson we started last time, actually. I hope you're doing okay. And this lesson we started last time, solving real life problems with remainders.
Now, something that we learned was remainder means left over. And this generally happens in a division calculation, isn't it? Yeah, when you divide— now, for example, 32 divided by 5. 32 is not a multiple of 5. 32 doesn't come in the 5 times table, so you're definitely going to have a remainder. That's why they say if the dividend— this one— is not a multiple of the divisor, there will be a remainder. So that is the main thing you learned last time. We completed all of this, though. We even did the follow-me slide. So what we— [unclear] the question was basically— it was a word problem. Now this is not a word problem. This was just a very simple number problem. But in this word problems, it says you need to make sense of the remainder.
4 children can fit in a tent. How many tents are needed for 30 children?
No. The remainder is 2, isn't it? It's given in the picture as well. So because the question is asking you how many tenths are needed, you will actually need 8 tenths because you have 2 children who will be left out. So you need to change this to 2. I can see 3. I don't know if you changed it, but this says 3. The remainder is 2. But when they ask you for the number of tents, you need to say you need 8 tents because obviously you can't leave 2 children out. Now, this is what happens in word problems. So can you give this a try now? This is a your turn question. Actually, the follow me we did last week. I just reminded you. [unclear] [unclear]
Mm-hmm. Okay. So first of all, let's just discuss this step. Why did you do 34 divided by 6?
Yeah, so that— I mean, there is 34 biscuits. And then you want to put 6 in a plate, so that's why we do 34 divided by 6. So 30 divided by 6 is 5, but we've got the remainder of 4. But the question says, how many full plates of 6 can he make? So even though this might go to a plate. They're asking you very clearly the full plate. So because of that, you're absolutely right, it's gonna be 5 full plates. So always look at the question and see what they're asking you. Anyway, shall we just start this one? Then you do. [unclear]
Mm-hmm. So in the first one, is this the only one? Are you— do you have any more answers? [unclear] Do you feel like you have more answers? Now you need a remainder of 2. So— okay, you moved on to the next one, so I'm assuming you think that this is the only answer, right? Because 30 divided by 6 is 5. [unclear]
12 divided by 5. What do you think? Won't it give you a remainder of 2? 5, 7, 9, 11, 13. 10, 11, 12. So isn't that a remainder of 2? 12 divided by 5, you have 5, 10, and then 11, 12. So 11, 12, that's 2 more, that's 2 extra. So that's a remainder of 2. Is that clear? [unclear]
Okay, did you understand this question? Did you understand that we need a remainder of 2?
Okay. So you can also circle 12 divided by 5. The thing is I can't really hear you, so I'm not sure if you understand things. So if you don't understand anything, let me know, okay? [unclear] All right then.
Let's just erase all of this. Yeah, so the next one. If I have 40 meters of bunting for the school fair, what length of bunting will be left over if I cut it into lengths of 6 meters? So is this the correct way of giving your answer?
So they're asking you what length. When— yeah, this is fine. Yeah, so you don't say 36 remainder 4. Since they're asking you for the length, you directly tell them how much you have left. So you've done the correct thing now. You have 4 what left though? Is it 4 inches or 4 centimeters or 4 meters? What is it?
See, the question is, if I have 40 meters of bunting, what length of bunting will be left if I cut it into lengths of 6 meters? So you have 4 meters left behind. Is that clear? So you can say for m, for simple m. [unclear]
You can put just 4M, 4 simple M. Simple M, 4M. The other one, the smaller one, simple.
Okay, alright then. So that's done. Let's move on to question C. There are 18 children to take a school football match. Each car can take 4 children. How many cars are needed? So let's see. How did you figure out that the answer was 5 cars? You can just do the math. You don't have to explain it in words. You can just show me the math. [unclear]
Mm-hmm. 16, right? [unclear] [unclear]
Mm-hmm. Hmm. So your answer earlier was actually correct. How come it's— how do— how come you need 2 cars? You have 18 children. Each car can take only 4 children.
So car number 1, 4. Car number 2, another 4. Car number 3, another 4. Car number 4, another 4. Car number 5, it was to the closest [UNCLEAR]. The remainder is 2. Yes. 16 children. So it's like this, right? 4 in each car. So 4 cars will be full. 4, 4, 4, 4. So you reach 16. But you have 18 children, which means 2 children are out. But you can't just leave them out. You need to give them also a car. So it's going to be 5 cars.
Mm-hmm. Yes. Yeah. Even though your number is 18, we can only get to 16 with the 4 times table. So that's 4, 4, 4, 4. 16 children will have full cars. But then there are 2 children left out. They also have to be given a car. So you are absolutely right. It's 5 cars.
Alright then. Okay, so I hope you understood that explanation, Elias. And then— oh, thank you. Okay, no problem. So anyway, we can move on then to question D. It takes 7 minutes to make a pom-pom. How many complete pom-poms can be made in 30 minutes? So what do you think? [unclear] [unclear]
So which one is it? Okay. But I mean, there has to be one number, right?
Because how many complete pom-poms? You can't have a half-made pom-pom because one pom-pom takes 7 minutes to make. 7 full minutes to make. So if we look at the 7 times table— 7, 14, 21, 28, and then comes 35. But you are given only 30 minutes. So how many full pom-poms
Hmm. 6 complete pom-poms. How come? 1, 2, 3, 4. Because the next number is 35, and you are given only 30 minutes to make pom-poms. Each pom-pom takes 7 minutes to make. So you have 7, you do one. 14, you do another one. 21, another one. 28 minutes, another one. But when you start your 5th pompom, by 30 minutes you have to stop. So your 5th pompom gets only 2 minutes. So you can't complete it. But the question says how many complete pompoms can be made? So can you see you can only make 4? 4 complete ones. The 5th one you can start but you can't complete. Because your time is ending in 30 minutes.
Okay. So anyway, really good job. I know the audio is not working, but you are paying a lot of attention and you're attempting the questions. So really good job. Is there anything in this slide that you didn't understand? [unclear]
Really good job. Now you get a big sticker for listening in carefully. Let's get started then. [unclear] [unclear]
So that means it is 2 more than a number in the 5 times table, isn't it? [unclear]
So she's thinking. Okay, okay, so you're thinking of 12. Alright. Now 12, the number 12 is 2 more than 10, right? So that's why when you divide it by 5, you get the remainder 2. Okay, so 12 is a possibility. But then they also say when it is divided by 8. The remainder is 1. So when you do 12 divided by 8, do you get a remainder 1? [unclear]
We don't, because 12 divided by 8 is 1 with a remainder of 4. So 12 is also not possible. Okay, so let's first write the possibilities.
Can you just add 2 to 15, 20, and 25? Because when you're dividing by 5, the remainder is 2, so your number has to be 2 more than the multiples of 5. We already tried 12, it didn't work. Because when it is divided by 8, the remainder is 1. [unclear]
I don't— okay, no problem. Alright. So the thing is, I can't ask you to explain it to me either because I can't hear you. But anyway, they say that she's thinking of a 2-digit number. You get that, right? A 2-digit number.
Fine. When it is divided by 5, the remainder is 2. What does that mean? That means it is not in the 5 times table, but it is 2 more than the numbers in the 5 times table. Do you understand that? [unclear]
Okay, so now if I randomly take a number in the 5 times table, so let's say we do 15, for example, right? This is divisible by 5, but— this is divisible by 5, but we know that if we use something like 17, which is 2 more than 15, you will get a remainder of [UNCLEAR].
If you take 17, for example, that is 2 more than 15. So you are going to get a remainder of 2, right? It's 3, remainder 2. Is that clear? [unclear]
Okay. Now they also say when divided by 8, the remainder is 1. Can you do 17 divided by 8 and see if there is a remainder of 1?
Okay, so what's the remainder then?
All right, so then what's the remainder?
Yes, you're absolutely right. 1 is the remainder. So can you see the number 17 fits into both? When you divide it by 5, we get the remainder 2. But also when we divide it by 8, we get the remainder 1. So can you see that 17 is a number that falls into both? So that is a number that she could be thinking of, isn't it? Now, was that clear to you? [unclear]
Okay. So I remember now we were trying 12 first because it's 2 more than 15.
I'm sorry, we tried 12 because it was 2 more than 10. Okay, and we got the remainder 2 because 12 divided by 5 gives us remainder 2. But does it fit into this? [unclear]
Mm-hmm. Okay, but why? Why can't we use— why doesn't 12 work for this statement? So, you're saying 12 is possible for this one as well? Like when it— When you divide it by 8, do you get a remainder 1? 12 divided by 8 is the remainder 1. [unclear]
12 divided by 8, you don't have a remainder?
What is the remainder? I can't exactly see what you— Okay, when you want to go to the next line, click on Enter because I can't see what you're typing. I can only see the [UNCLEAR]. Can you start typing from somewhere here? Okay, the remainder, next line. Click on Enter. Is—
Exactly, because if you use 12, it won't fit into this. Your remainder is 4, and it is not 1. So that is why when we tried it for 15, which means you add 2, it becomes 17. When you use it for the division by 8, we get that remainder 1, because 8, 16, so 1 remainder. All right, I mean, that's about it.
So far, so really good job. I know it's quite difficult to do this lesson without you speaking, and you still did a really, really good job. You listened carefully, you gave me your ideas on how to do the question, you explained your answers through typing. So really, really good job. Keep up the good work there. All right then, so before I move on to the next lesson, I'll just help you out with a reflection here.
So this lesson was all about what? The remainder or the leftover. So sometimes you get quick and easy questions like this where you do 32 divided by 5, you write the answer, you write the remainder. That's it. Very simple. But there are questions like this where you have to read and understand. Now when they ask you how many full plates Can you mention this? No, you can only make 5 full plates. Now in this question, they ask you how many tents are needed. You can't just leave 2 children out just because it's a remainder. You have to put them in a tent. So that's not just 7 tents, you will need 8 tents. So then you have to think a little. Now even here, 16 children can make 4 full cars.
Yeah, okay. So this one, like, is it like rounding to the nearest 10, rounding to the nearest 100? I'm assuming that's what you have done. Yes, but?
Oh, a long time ago. Okay, okay. So was it like rounding to the nearest 10, rounding to the nearest 100? Was it—
Okay, okay, okay. So when they say round to the nearest 10, what that means is you're going to the closest multiple of 10. Isn't it? Yeah. Now, for example— [unclear] Excuse me. If you're given the number 76, you look and they say round to the nearest 10. You don't look at the tens column. You look at the one on the right side of the tens column. It's a 6. So 5 and above— have you heard? 5 and above, we round up. 4 and below, we round down. So 76 rounded up to the nearest 10 would be 80. This is the nearest multiple of 10. [unclear] This is just a small—
reminder for you. Did you understand it?
Okay, great. So do— can you just give this one a try now? This one is to the nearest whole number. Do you know what nearest whole number means? Whole number? It means—
What the number is closest to? [unclear] What's a whole number? Whole number is a number that is not a decimal or a fraction, isn't it? So now, for example, the number 7.98. This is not a whole number because it's a decimal, but 7 is a whole number. [unclear]
Okay. So can you round this to the nearest whole number? How do we do that? You are basically getting— giving the answer without a decimal. That's what they are asking you to do.
56. Is that the nearest whole? [unclear] Is that the nearest whole number? Why do you keep adding zeros to the number?
So, the thing is, when you round to the nearest whole number, it means you don't want a number with a decimal, isn't it?
So the method is you look to the right side, to the decimal. What do you see? A 6. 6 means you round up. So you go back to your whole number side, which is 5, right? 5 rounded up is 6. So your nearest whole number is 6. Anyway, we will continue next week because today we are running out of time. And I think today the— you cannot— you don't have to worry about this lesson, but I think the previous lesson we learned a lot of interesting questions with remainders, and we solved many kinds of questions. And I hope you will have a headset that works next week so that we can do this lesson a little better. Anyway, I'll see you next time.
I'll see you next time, Elias. Have a great week then. Bye. [unclear]","[TUTOR] Hi, Elias. Can you hear me? [unclear]
[TUTOR] Hi, Elias. Can you hear me? Hi, Elias. Are you there? Oh, you can hear me. Okay.
[TUTOR] Well, I can't really hear you. My volume is up as well, so are you wearing a headset? Are you wearing a headset? [unclear]
[STUDENT] Are you wearing a hat?
[TUTOR] Okay. Why can't I hear? Okay, let me refresh my page.
[TUTOR] Okay, can you hear me? [unclear]
[STUDENT] I still can't hear you. Can you like remove your headset and unplug, replug, refresh?
[TUTOR] Your headset. [unclear] And just let me know when you're done.
[STUDENT] Yeah, can you hear me?
[TUTOR] Can you text what you— I can't see the rest. Can you try speaking?
[TUTOR] Are you speaking?
[STUDENT] [unclear]
[TUTOR] Can you text what you want? Okay. I mean, first of all, first of all, can you hear me? Can you hear me, first of all?
[STUDENT] You can hear me, okay. Well, then I don't have to text you, right, if you can hear me? So, you tried unplug, replug, and refresh, right? [unclear] [unclear]
[STUDENT] Hello. Yeah. Well, I think you refreshed your page, right?
[TUTOR] Did you refresh? [unclear]
[STUDENT] Can you hear me? Can you still hear me?
[TUTOR] Can you hear me? Just let me know if you can hear me so that we can, I mean, we can just continue this way. Maybe you can type when necessary. You can hear me, okay. Well, I mean, let's just try one more thing. Can you ask your adult if you can get an extra headset because the audio doesn't seem to work. I can't really hear you.
[TUTOR] Just let me know if you can get a headset.
[TUTOR] No, actually I still can't hear you. Did you get another headset? Because my volume is also up and I should actually hear you if you are speaking.
[TUTOR] But I can't really hear you. Were you able to get another headset? [unclear]
[TUTOR] I mean, you can hear me, right? So shall I just speak? You can use typing, but shall I just speak because you can hear me? You can hear me, right? Shall I speak?
[TUTOR] Okay, okay. So I'm gonna speak and you can answer whatever question you have. You can ask me whatever you have, you know, using your text tool. So this lesson we started last time, actually. I hope you're doing okay. And this lesson we started last time, solving real life problems with remainders.
[TUTOR] Now, something that we learned was remainder means left over. And this generally happens in a division calculation, isn't it? Yeah, when you divide— now, for example, 32 divided by 5. 32 is not a multiple of 5. 32 doesn't come in the 5 times table, so you're definitely going to have a remainder. That's why they say if the dividend— this one— is not a multiple of the divisor, there will be a remainder. So that is the main thing you learned last time. We completed all of this, though. We even did the follow-me slide. So what we— [unclear] the question was basically— it was a word problem. Now this is not a word problem. This was just a very simple number problem. But in this word problems, it says you need to make sense of the remainder.
[TUTOR] 4 children can fit in a tent. How many tents are needed for 30 children?
[STUDENT] So obviously you do 30 divided by 4, and your answer is 7 because 4 times 7 is 28. But there is going to be a remainder of 2. But does that mean we leave 2 children out without a tent?
[TUTOR] No. The remainder is 2, isn't it? It's given in the picture as well. So because the question is asking you how many tenths are needed, you will actually need 8 tenths because you have 2 children who will be left out. So you need to change this to 2. I can see 3. I don't know if you changed it, but this says 3. The remainder is 2. But when they ask you for the number of tents, you need to say you need 8 tents because obviously you can't leave 2 children out. Now, this is what happens in word problems. So can you give this a try now? This is a your turn question. Actually, the follow me we did last week. I just reminded you. [unclear] [unclear]
[TUTOR] Mm-hmm. Okay. So first of all, let's just discuss this step. Why did you do 34 divided by 6?
[STUDENT] Mm-hmm.
[TUTOR] Yeah, so that— I mean, there is 34 biscuits. And then you want to put 6 in a plate, so that's why we do 34 divided by 6. So 30 divided by 6 is 5, but we've got the remainder of 4. But the question says, how many full plates of 6 can he make? So even though this might go to a plate. They're asking you very clearly the full plate. So because of that, you're absolutely right, it's gonna be 5 full plates. So always look at the question and see what they're asking you. Anyway, shall we just start this one? Then you do. [unclear]
[TUTOR] Mm-hmm. So in the first one, is this the only one? Are you— do you have any more answers? [unclear] Do you feel like you have more answers? Now you need a remainder of 2. So— okay, you moved on to the next one, so I'm assuming you think that this is the only answer, right? Because 30 divided by 6 is 5. [unclear]
[STUDENT] [unclear] is 5 and you've got the remainder 2. This is correct, but can you carefully look? Because there are more answers. There's more than one answer that you need to circle. Think about the 7 times table. Think about the 5 times table. So see, look for a remainder of 2. [unclear] [unclear]
[STUDENT] So for— 8, 9, 10, 11. How many? What would be the remainder then? 4, 8, 9, 10, 11. That is a remainder of 3, not 2. So is 11 divided by 4 an answer for this question? [unclear]
[STUDENT] 18 divided by 8. Okay. So even if you look at 18 divided by 8, it would be 8, 16, right? So then 17, 18. So that's 2 remainder. Okay. Can you also do 12 divided by 5 and let me know?
[TUTOR] 12 divided by 5. What do you think? Won't it give you a remainder of 2? 5, 7, 9, 11, 13. 10, 11, 12. So isn't that a remainder of 2? 12 divided by 5, you have 5, 10, and then 11, 12. So 11, 12, that's 2 more, that's 2 extra. So that's a remainder of 2. Is that clear? [unclear]
[TUTOR] Okay, did you understand this question? Did you understand that we need a remainder of 2?
[TUTOR] Okay. So you can also circle 12 divided by 5. The thing is I can't really hear you, so I'm not sure if you understand things. So if you don't understand anything, let me know, okay? [unclear] All right then.
[TUTOR] Let's just erase all of this. Yeah, so the next one. If I have 40 meters of bunting for the school fair, what length of bunting will be left over if I cut it into lengths of 6 meters? So is this the correct way of giving your answer?
[TUTOR] So they're asking you what length. When— yeah, this is fine. Yeah, so you don't say 36 remainder 4. Since they're asking you for the length, you directly tell them how much you have left. So you've done the correct thing now. You have 4 what left though? Is it 4 inches or 4 centimeters or 4 meters? What is it?
[STUDENT] 4 meters.
[TUTOR] See, the question is, if I have 40 meters of bunting, what length of bunting will be left if I cut it into lengths of 6 meters? So you have 4 meters left behind. Is that clear? So you can say for m, for simple m. [unclear]
[STUDENT] [unclear]
[TUTOR] You can put just 4M, 4 simple M. Simple M, 4M. The other one, the smaller one, simple.
[TUTOR] Okay, alright then. So that's done. Let's move on to question C. There are 18 children to take a school football match. Each car can take 4 children. How many cars are needed? So let's see. How did you figure out that the answer was 5 cars? You can just do the math. You don't have to explain it in words. You can just show me the math. [unclear]
[STUDENT] Mm-hmm.
[TUTOR] Mm-hmm. 16, right? [unclear] [unclear]
[STUDENT] Mm-hmm.
[TUTOR] Mm-hmm. Hmm. So your answer earlier was actually correct. How come it's— how do— how come you need 2 cars? You have 18 children. Each car can take only 4 children.
[TUTOR] So car number 1, 4. Car number 2, another 4. Car number 3, another 4. Car number 4, another 4. Car number 5, it was to the closest [UNCLEAR]. The remainder is 2. Yes. 16 children. So it's like this, right? 4 in each car. So 4 cars will be full. 4, 4, 4, 4. So you reach 16. But you have 18 children, which means 2 children are out. But you can't just leave them out. You need to give them also a car. So it's going to be 5 cars.
[STUDENT] [unclear] Is that clear? [unclear]
[STUDENT] Yes.
[TUTOR] Mm-hmm. Yes. Yeah. Even though your number is 18, we can only get to 16 with the 4 times table. So that's 4, 4, 4, 4. 16 children will have full cars. But then there are 2 children left out. They also have to be given a car. So you are absolutely right. It's 5 cars.
[TUTOR] Alright then. Okay, so I hope you understood that explanation, Elias. And then— oh, thank you. Okay, no problem. So anyway, we can move on then to question D. It takes 7 minutes to make a pom-pom. How many complete pom-poms can be made in 30 minutes? So what do you think? [unclear] [unclear]
[TUTOR] So which one is it? Okay. But I mean, there has to be one number, right?
[TUTOR] Because how many complete pom-poms? You can't have a half-made pom-pom because one pom-pom takes 7 minutes to make. 7 full minutes to make. So if we look at the 7 times table— 7, 14, 21, 28, and then comes 35. But you are given only 30 minutes. So how many full pom-poms
[STUDENT] Can you make— you like, just let me know. Full pom-poms, not a half-made one.
[TUTOR] Hmm. 6 complete pom-poms. How come? 1, 2, 3, 4. Because the next number is 35, and you are given only 30 minutes to make pom-poms. Each pom-pom takes 7 minutes to make. So you have 7, you do one. 14, you do another one. 21, another one. 28 minutes, another one. But when you start your 5th pompom, by 30 minutes you have to stop. So your 5th pompom gets only 2 minutes. So you can't complete it. But the question says how many complete pompoms can be made? So can you see you can only make 4? 4 complete ones. The 5th one you can start but you can't complete. Because your time is ending in 30 minutes.
[STUDENT] [unclear] [unclear]
[TUTOR] Okay. So anyway, really good job. I know the audio is not working, but you are paying a lot of attention and you're attempting the questions. So really good job. Is there anything in this slide that you didn't understand? [unclear]
[STUDENT] Mm-hmm. Okay. All right then. So you get a really good
[TUTOR] Really good job. Now you get a big sticker for listening in carefully. Let's get started then. [unclear] [unclear]
[STUDENT] Hmm.
[STUDENT] Hmm, okay. So, Tara is thinking of a 2-digit number. When it is divided by 5, the remainder is 2. Does that work here? [unclear]
[STUDENT] Mm-hmm. So when it is divided by 5, the remainder is 2.
[TUTOR] So that means it is 2 more than a number in the 5 times table, isn't it? [unclear]
[TUTOR] So she's thinking. Okay, okay, so you're thinking of 12. Alright. Now 12, the number 12 is 2 more than 10, right? So that's why when you divide it by 5, you get the remainder 2. Okay, so 12 is a possibility. But then they also say when it is divided by 8. The remainder is 1. So when you do 12 divided by 8, do you get a remainder 1? [unclear]
[TUTOR] We don't, because 12 divided by 8 is 1 with a remainder of 4. So 12 is also not possible. Okay, so let's first write the possibilities.
[STUDENT] Uh, 10— I'm sorry. 5, 10, 15, 20, 25. Okay. See, this has to be when divided by 5, the remainder is 2. So can you just keep adding 2 to all of these numbers? 12 is not a possibility, so start with 15.
[TUTOR] Can you just add 2 to 15, 20, and 25? Because when you're dividing by 5, the remainder is 2, so your number has to be 2 more than the multiples of 5. We already tried 12, it didn't work. Because when it is divided by 8, the remainder is 1. [unclear]
[TUTOR] I don't— okay, no problem. Alright. So the thing is, I can't ask you to explain it to me either because I can't hear you. But anyway, they say that she's thinking of a 2-digit number. You get that, right? A 2-digit number.
[TUTOR] Fine. When it is divided by 5, the remainder is 2. What does that mean? That means it is not in the 5 times table, but it is 2 more than the numbers in the 5 times table. Do you understand that? [unclear]
[TUTOR] Okay, so now if I randomly take a number in the 5 times table, so let's say we do 15, for example, right? This is divisible by 5, but— this is divisible by 5, but we know that if we use something like 17, which is 2 more than 15, you will get a remainder of [UNCLEAR].
[TUTOR] If you take 17, for example, that is 2 more than 15. So you are going to get a remainder of 2, right? It's 3, remainder 2. Is that clear? [unclear]
[TUTOR] Okay. Now they also say when divided by 8, the remainder is 1. Can you do 17 divided by 8 and see if there is a remainder of 1?
[TUTOR] Okay, so what's the remainder then?
[STUDENT] 16.
[TUTOR] All right, so then what's the remainder?
[TUTOR] Yes, you're absolutely right. 1 is the remainder. So can you see the number 17 fits into both? When you divide it by 5, we get the remainder 2. But also when we divide it by 8, we get the remainder 1. So can you see that 17 is a number that falls into both? So that is a number that she could be thinking of, isn't it? Now, was that clear to you? [unclear]
[TUTOR] Okay. So I remember now we were trying 12 first because it's 2 more than 15.
[TUTOR] I'm sorry, we tried 12 because it was 2 more than 10. Okay, and we got the remainder 2 because 12 divided by 5 gives us remainder 2. But does it fit into this? [unclear]
[TUTOR] Mm-hmm. Okay, but why? Why can't we use— why doesn't 12 work for this statement? So, you're saying 12 is possible for this one as well? Like when it— When you divide it by 8, do you get a remainder 1? 12 divided by 8 is the remainder 1. [unclear]
[TUTOR] 12 divided by 8, you don't have a remainder?
[STUDENT] Uh...
[TUTOR] What is the remainder? I can't exactly see what you— Okay, when you want to go to the next line, click on Enter because I can't see what you're typing. I can only see the [UNCLEAR]. Can you start typing from somewhere here? Okay, the remainder, next line. Click on Enter. Is—
[STUDENT] 4.
[TUTOR] Exactly, because if you use 12, it won't fit into this. Your remainder is 4, and it is not 1. So that is why when we tried it for 15, which means you add 2, it becomes 17. When you use it for the division by 8, we get that remainder 1, because 8, 16, so 1 remainder. All right, I mean, that's about it.
[TUTOR] So far, so really good job. I know it's quite difficult to do this lesson without you speaking, and you still did a really, really good job. You listened carefully, you gave me your ideas on how to do the question, you explained your answers through typing. So really, really good job. Keep up the good work there. All right then, so before I move on to the next lesson, I'll just help you out with a reflection here.
[TUTOR] So this lesson was all about what? The remainder or the leftover. So sometimes you get quick and easy questions like this where you do 32 divided by 5, you write the answer, you write the remainder. That's it. Very simple. But there are questions like this where you have to read and understand. Now when they ask you how many full plates Can you mention this? No, you can only make 5 full plates. Now in this question, they ask you how many tents are needed. You can't just leave 2 children out just because it's a remainder. You have to put them in a tent. So that's not just 7 tents, you will need 8 tents. So then you have to think a little. Now even here, 16 children can make 4 full cars.
[STUDENT] [unclear] But you will need a 5th car because there are 2 children as remainder. So just, yeah, questions like that. Anyway, let's move on to the next lesson, rounding decimals to the nearest whole number. So have you done rounding before? [unclear]
[TUTOR] Yeah, okay. So this one, like, is it like rounding to the nearest 10, rounding to the nearest 100? I'm assuming that's what you have done. Yes, but?
[STUDENT] A long time— [unclear]
[TUTOR] Oh, a long time ago. Okay, okay. So was it like rounding to the nearest 10, rounding to the nearest 100? Was it—
[TUTOR] Okay, okay, okay. So when they say round to the nearest 10, what that means is you're going to the closest multiple of 10. Isn't it? Yeah. Now, for example— [unclear] Excuse me. If you're given the number 76, you look and they say round to the nearest 10. You don't look at the tens column. You look at the one on the right side of the tens column. It's a 6. So 5 and above— have you heard? 5 and above, we round up. 4 and below, we round down. So 76 rounded up to the nearest 10 would be 80. This is the nearest multiple of 10. [unclear] This is just a small—
[TUTOR] reminder for you. Did you understand it?
[STUDENT] [unclear]
[TUTOR] Okay, great. So do— can you just give this one a try now? This one is to the nearest whole number. Do you know what nearest whole number means? Whole number? It means—
[TUTOR] What the number is closest to? [unclear] What's a whole number? Whole number is a number that is not a decimal or a fraction, isn't it? So now, for example, the number 7.98. This is not a whole number because it's a decimal, but 7 is a whole number. [unclear]
[STUDENT] Is a whole number. Did you understand? [unclear]
[TUTOR] Okay. So can you round this to the nearest whole number? How do we do that? You are basically getting— giving the answer without a decimal. That's what they are asking you to do.
[TUTOR] 56. Is that the nearest whole? [unclear] Is that the nearest whole number? Why do you keep adding zeros to the number?
[TUTOR] So, the thing is, when you round to the nearest whole number, it means you don't want a number with a decimal, isn't it?
[TUTOR] So the method is you look to the right side, to the decimal. What do you see? A 6. 6 means you round up. So you go back to your whole number side, which is 5, right? 5 rounded up is 6. So your nearest whole number is 6. Anyway, we will continue next week because today we are running out of time. And I think today the— you cannot— you don't have to worry about this lesson, but I think the previous lesson we learned a lot of interesting questions with remainders, and we solved many kinds of questions. And I hope you will have a headset that works next week so that we can do this lesson a little better. Anyway, I'll see you next time.
[TUTOR] I'll see you next time, Elias. Have a great week then. Bye. [unclear]"
hafwegc,Solving real-life problems with remainders.,0.3223519,"Hello, Kaelan, can you hear me?
[unclear]
Good.
Yes.
I did practice my football.
Yeah, practice my football.
Yes.
Uh, 5.
Not quite.
Okay.
Yes.
So, um, remember that, um, if you do like, um, like small, like, um, calculations, you'll do it faster, and if you do big calculations, you'll do slower.
So which sort of calculations do we get remainders for, lana?
Yes.
Yes. [Speaker] Awesome. So Kaelan, in the previous session you stopped [unclear] here. So go for the slide. So is it possible to read this question and give it a go, Kaelan?
There is thinking of a 2-digit number. When it's divided by 5, remainder is 1. 2. When it's divided by 8, the remainder is 1. What number is it thinking of?
I think the number is 2.
Okay.
3.
[unclear]
I don't know.
Yes.
Okay, till 25.
Oh no. [unclear]
1, 2, 3, 4, 5, 6, 7, 8, 9, 10, 11, 12, 13, 14.
Because only if you add 2 to the multiples of 5 would you get a number that when you divide it by 5, you would get a remainder as 2. Do you understand what happens, Kaelan?
Okay. Is it okay if I show you an example?
Okay, so let's say we have 10. Okay. So 10, when you divide 10 by 5, you would correctly get 2 as the answer, right? [unclear]
Yes.
Yes.
So we got 21, 25 over here first, and then we have 25 plus 2, which is 27. Okay, Kaelan?
Now we're gonna divide both these numbers by 5. 25 divided by 5 is 5. 27 divided by 5 is 5, with a remaining of 2. So can you see that? For all the multiples of 5, when— if you were to add 2 extra to it, you would always get a remainder of 2.
Uh-huh.
Yeah.
[unclear]
Yes.
[unclear]
17.
22.
And 27.
Over here. [unclear] So can I know what is 24 divided by 17?
Yes.
1.
Oh no.
No problem, Kaelan.
But here not 24. Here what's the difference you can take? [unclear]
Yes.
3 times 10, 30. So 5 won't fit into 1, so 0 remains as 5. [unclear]
Yes, because if we [unclear]
Yes.
0, 2, 8, 1, 7, 8, 15.
That's our number.
Yes.
So first of all, we have to find— we have to write the [UNCLEAR]. 5 times tables because it says divided by 5, and 8 times tables because it says divided by 8. After, we need to, we need to, um, we need to like find the, um, the right, the like exact same number. Like let's just say 17 in the 7, in the 8 times tables. [unclear]
In the 5?
We have to add 2 to the 5 times tables and 8 times tables, and then we have to add 2 in the 5 times tables and 1 in the 8 times tables, and then we have to find the exact same number, like let's say 17, yeah? Then we check it. So we do 5 divided by 17, it will give us 3 remainder 2. And if this says the remainder is 2, and then after we divide 8 divided by 17 and 2 is remainder 1, that's our answer.
Okay. [unclear]
[unclear] [unclear]
[unclear] [unclear]
Okay.
We might forget— so let's just say we have 5 divided by 17, we might forget that 5 can't fit in 1. [unclear]
I did.
Is the 6 the same?
Yes.
Okay.
Yes.
And then if it's 5 or above,
Yeah.
So 5, so it would be 6.3.
Yes.
Okay. So can you read the first sentence for me?
Okay. So what does the sentence tell us, Kaelan?
So it says, um, if we're rounding the number, we have to find the nearest— we have to see what the nearest whole number is.
Okay.
Orange?
[unclear] 12.3.
12.2.
[unclear]
13. Oh no, 12, 12, 12, 12, 12.
If it's rounded down to the whole, it will be... [unclear]
Okay.
Uh, 5.7. I think it will be like 5. [unclear]
Yes.
Yes.
Okay.
0.3 would lie somewhere over here. That would get rounded down to 0. Okay, nice?
Did you understand what I did over here?
Okay, is it possible to try the [unclear] part, Kaelan?
Okay.
Okay, so...
Okay.
Tara is measuring the length of her bracelet. She then rounded it to the nearest centimetre. The round length is 10 centimetres. What could the exact length of her bracelet be? Bracelet piece. So she has rounded it to the nearest centimeter. What could the exact length be?
Nice.
10.2.
Okay.
Okay.
I think I did really well on, um, the [unclear]
Like this bracelet one.
Okay.
We do 2 lessons?
You?
Okay. [unclear]
[unclear]
Yes.
Hello, Zane, can you hear me?
Okay. Okay, Zane, okay, let's get back to our lesson.
Okay, so we will learn— today we would— so now we would be learning about understanding fractions. Greater than 1. Okay.
Yes.
Uh, I think that a fraction is, uh, like, so it's one number on top of a number. Let's just say like one quarter or something.
Nice. We have different types of fractions, that is, we got something called an improper fraction, a mixed number, and a proper fraction. Okay?
Okay, great. So can you try the learning goal question out here, Kaelan?
As a fraction, this improper, so this will be
I think it will be... if we go 1 in 5, it will be... I would say [unclear] fifths?
Okay.
Okay.
How many cakes are there in total? How is more [UNCLEAR]? So there is 2 cookies. [unclear]
Hello, Kaelan, can you hear me?
Okay, so what do we do over here?
Okay, so they want you to count in multiples and find out how many cakes are there in total. [unclear]
So how many do you think there are?
It's 12 cakes, shall we double-check on that? We have 6 here.
Amazing. So how many in total?
Brilliant job, shall we write 18 over here? Nicely done. So with that, let's move on to our Learn slide. Okay, can you read the first sentence for me, Kaelan?
Uh, so it says fraction be greater than 1 when the numerator is greater or equal to the denominator and [unclear]...a multiple of the denominator, it is a whole number.
So it said when action is bigger than 1, when the numerator is bigger than 1, and the denominator is multiple and it makes a whole number.
Yes, so the numerator is the top, um, top number and the denominator is the bottom.
Yes.
Yes.
Yeah.
Yes.
Okay.
It is showing that one fifth and one fifth and one fifth and one fifth. 5th and 1/5 equals 5/5. And if it says 5/5, so— or is the— is the same number, it's the same exact number, is 1.
Yes.
Okay.
[unclear]
[unclear]
Is it 5/2 or 2?
Okay.
Yes.
Okay.
Is it 12, Kaelan? So fractions can also be seen as division. Brilliant! 6 divided by 2 is 3 also. And what is 12/3, Milo? [unclear]
Yes, yes, yes, yes, yes.
This is easy.
Yes.
Now,
Awesome.
Brilliant. Go on. Nice. [unclear] Okay, shall we double-check? Is it 1/3?
Oh, 2.
So, what's the [unclear] that gives you [UNCLEAR]? [Speaker:Background] Oh, you cut it into 10 and then I would cut the board. And then you would cut them up.
Um.
Yes. [unclear] [unclear]
So that will be— that will be—
Yes.
Okay.
I learned that how to, like, I didn't understand like fractions, but now I do.
And after I learned how to like— so if there's like a whole number, let's just say like 3/1 meters, that's 3 wholes, and there's like 2/1 fifths.
Yes.
You too.
Bye.
Yes. [unclear]","Hello?
Yes.
Well, hello.
Did you do anything fun at school today?
What did you do?
Okay. Sorry, was it football, Kaelan?
Okay, and how did the practice go? Good.
Did you score any goals, Kaelan?
How many?
Brilliant job, Kaelan. Awesome. Okay, so did you do anything else at school that you enjoyed, Kaelan?
Okay, so with that, shall we start off for today's lesson, Kaelan?
Okay, give me a minute. I'll load your lesson quickly. [unclear]
Okay, so Kaelan, we would be starting from where we stopped last week, which was solving real-life problems with remainders. Are we okay?
Okay, can you tell me what do you remember from this lesson, Kaelan?
Excellent explanation. Yes. So when do we use, uh, when— what sort of, uh, calculations do we get remainders for lines? Is it for multiplication, division, addition, or subtraction? [unclear]
Pardon?
Awesome job. And you see an example too, but for 18 divided by 6, we wouldn't get a remainder. Okay, Kaelan?
Yes. [Speaker] So if it was something like 18 divided by 4 or 18 divided by 5, we would be getting a remainder. Okay, Kaelan?
Nice. [unclear] [unclear]
Okay, shall we check if 2 is the answer, Kaelan?
So if you get 2, when you divide 2 by 5, do you think you would still get 2? [unclear] Take your time, Kaelan.
No. Okay, so what do you think the number would be, or the number could be?
Okay, so if you divide 3 by 5, do you think you would get 2 as a remainder?
So we should come up with possible numbers, Kaelan, that when you divide it by 5, you get 2 as a remainder. Remainder, and the same number when you divide it by 8, you would get 1 as a remainder. So how do you think we can come up with the number?
Okay, so what we do over here first is, Kaelan, we would be listing out the multiples of 5 and the multiples of 8 separately. Okay?
Okay, is it possible to list out the multiples of 5 over here for me, Kaelan?
Yes. [unclear]
Brilliant, okay. So now, Kaelan, we will be listing out the multiples of 8. 8 separately over here. So can you use another color and list out the multiples of 8 over here for me? [unclear]
Okay, is it possible to use another color and list out the multiples of 8 over here, Kaelan?
Brilliant. Okay, so let's stop at 14. So now what we are going to do is, Kaelan, we're just going to add 2 for the multiples of 5. Okay?
Yes.
No.
Yes.
10 divided by 5 is 2. But if we were to add 2 to 10, if you get 12, okay? So if you add, okay, let me just draw it over here for you. If you add 2 to 10, you get 12. And if you divide that answer by 5, The answer would be 2 with a remaining of 2. Okay, Kaelan?
So this is applicable for all the multiples of 5. For any of these numbers, if you were to add 2, okay, and if you were to divide it by 5, you would get a remaining of 2.
Okay, let's try it with one more number. Let's try it with 25. Okay, Kaelan?
Okay.
Okay.
Okay, so that rule is what we are going to follow over here. Okay, Kaelan?
So for all these multiples of 5, we're going to add an extra 2, so we may— so we get remainder of 2.
Okay, let me write it again. So we had 5, 10, 15, 20, right? Okay, we had 25 also.
Okay, so now it's possible to add 2 for all these multiples of 5 for Tarik.
Nice, 7, 12.
17, brilliant.
22, nice.
And 27, amazing job, Jaron. So what do you think we need to add for the multiples of 8, Jaron?
Is it 2?
Excellent job, <NAME>. We'll add a 1 to all the multiples of 8 over here.
33 and 41. Amazing job, Kaelan. So now, do you find a number that's similar to both, Kaelan?
17. So shall we check if 17 would be our number?
Okay, do you want to divide it and see if you get the same answer as Kaelan? [unclear] Okay.
By 5 and then by 8. Okay.
Oh no, accidentally.
Oh, [UNCLEAR]. [Speaker:Kaelan] Okay, no problem. I'll write it out over here for you.
Okay. [unclear]
So you [unclear]
Small pause, darling. Are we dividing 17 by 2 over here in the first sentence?
Shall we double-check, darlings? So it's 8 when it is divided by 2. 10 times bigger when you compare this and this. You know that 24 and 140— 240 is 10 times bigger than 24. So that means your answer is also going to be 10 times bigger. [unclear]
So what is your plan?
Yes. Okay, is it 15 remainder 2, Kaelan?
Excellent job, Kaelan. Brilliant. Okay. So now shall we check if it follows the second sentence too?
Okay. [Speaker:Kaelan]...text when divided by 8 [unclear]
Amazing job again, Kaelan. Brilliantly worked out. Okay, so now do you understand how we can find the missing numbers?
Awesome. Is it possible to just take me through your steps on how we work this question out, Kaelan?
No.
No.
Excellent explanation over there, Kaelan. Brilliant job in taking me through each and every step. Okay, do you want to go ahead and give yourself a star, Kaelan?
Yes.
Nicely done, Kaelan. Okay, so with that, we are coming to an end for this lesson. Kaelan, shall we do a small reflection and then go on to our next lesson?
Okay, so when it comes to solving real-life problems with remainders, what do you think are the mistakes we might make in division, Kaelan?
Excellent job, student.
Yes.
Yes. So when we make a small mistake in division, the entire answer becomes wrong, right?
Awesome job, Kaelan. Okay, so with that, we can move on to our next lesson. [unclear]
Okay, so now we would be learning about rounding decimals to the nearest whole number. Okay?
So, have you learned about rounding numbers at school, Kaelan?
Okay, how does rounding work, Kaelan? If it says round, like the whole number, something, let's just say 5/6. Let's just say 5/6. [unclear] So the whole number is 5.
Excellent, yes.
Awesome explanation, Elara. Yes. So when it comes to rule of rounding, as you told, anything below 5 gets rounded down and anything which is 5 or more gets rounded up, right?
Yes. [Speaker] Awesome. So this is the same rule that we would apply for decimals. Okay, Zane?
Is it? [unclear] Excellent job. Because they're asking you to the nearest whole number, it would be 6. Okay, Kaelan?
Amazing. So with that, shall we move on to our next turn, Kaelan?
You okay?
Okay. When rounding a decimal nearest— decimal nearest to the nearest number, whole number, we need to know what whole number is 8 lines between.
So— [unclear] What does this sentence tell us?
Excellent, yes. So we need to find what whole numbers this number would lie in between. Okay, Kaelan?
Okay, so now we have 5.3 in this number line over here. So what do you think is the whole number that would lie before this number?
Which whole number would come before 12.3, Kaelan?
Close, but is 12.2 a whole number? So 12.2 would come here, Kaelan. [unclear] Okay. So they want a whole number. So which one do you think it would be over here?
Excellent, 12 over there. And what's the whole number that comes after 12.3, Kaelan?
What's the whole number that would come after 12.3? Excellent job, Kaelan. Okay, so do you think 12.3 is more closer towards 12 13?
Excellent. Okay, so we round it down to?
Wow, amazing job, Kaelan. The same way we worked that out, we are going to work out Part D. Can you work out Part D for me, Kaelan?
Okay, nice. 5, 6. Brilliant job, Kaelan. Okay. [unclear] [Speaker:Kaelan]...6. [Speaker:TUTOR] Brilliant job over here, Kaelan. Awesome working out. Okay, so where do you think 5.7 would lie on this number line?
Right. Amazing job, Kaelan. Yeah, awesome. Okay, so did you understand how we round numbers, Kaelan?
Okay, so this is something you already knew of, right?
Great. Okay, so with that, let's move on to our Follow Me and Your Turn part. Okay, so it says when rounding numbers, it's helpful to think about the halfway point. The halfway point between 0 and 1 is 0.5. So that's given over there. If the 10th digit is more than 5 or exactly 5, we round it up to the nearest whole number. If the 10th digit is less than 5, We round it down to the nearest whole number. Okay, Kaelan?
So this is the rule of rounding to the nearest [UNCLEAR]. Sorry, to the nearest whole number. Okay? [Speaker:Kaelan] Okay.
Okay, so our number is 0.7. 0.7 now rounded to the nearest whole number is— 0.7 would be somewhere here, so that would get rounded up to 1. Okay?
Okay.
Okay.
Yes.
Awesome job, Because [UNCLEAR]. Brilliant. Okay. So is it possible to tell me why did you round 6.5 up to 7? [Speaker:Kaelan] 6.5, it says 5 is bigger than 4, so we [Speaker:Kaelan]...around the school. 3 is smaller than 4, so we drop down to the ground. [Speaker:TUTOR] Excellent explanation, Kaelan. Okay, so with that, shall we move on to our next slide?
Okay, so we got a new slide over here with 4 questions to solve. Is it possible to solve all 4 of these questions for me, Kaelan?
Brilliant job, Kaelan. Awesome job in working it out very quickly. Okay. So now shall we move on to our final slide, Kaelan?
Okay. So we got the goal for the slide over here. Can you read this question and work it out for me?
It could be 10.39.
Amazing job, Kaelan. So shall we write? Awesome, 10.2 centimeters and 10.3 centimeters. Brilliant working out. Do you want to go ahead and give yourself another star, Kaelan?
Okay. [unclear] It's okay, you can try again, Kaelan. [unclear] [Speaker:Kaelan]...3. [Speaker:Tutor] Oh, I have no right to that. No problem. Okay. Brilliant job, Kaelan. Okay, so with that, shall we do another small reflection and then move on to our next lesson?
Okay, so which part of this lesson about rounding decimals did you think you did really well on?
Okay, that's great to hear, Kaelan. Okay, so Kaelan, give me a minute. I'll quickly load your next lesson, okay?
Okay. [unclear]
Have you done 2 lessons?
You already done 2 lessons.
Yes.
Kaelan, can you see the slide over here?
Yes. Okay, so now we would be learning about understanding fractions greater than 1. Okay?
What do you think a fraction is, Kaelan?
What do you think a fraction is? Hello? Hello, Kaelan? [unclear] [unclear]
Hello?
Yes.
Okay.
What do you think a fraction is, Kaelan?
Excellent explanation. Yes, so parts of a whole are called fractions, right?
Yes.
Yes.
Okay.
Okay. So now what is that is we would be learning more about this. So is it possible to try the prior learning question, Kaelan?
Okay. [unclear]
Is that okay?
Yes.
Uh, I don't know.
Oh!
Uh, they are [unclear]
12.
12, 18.
18.
Nice. So what does the sentence tell us, Kaelan?
Okay, nice explanation, Kaelan. So do you know what a numerator and a denominator is when it comes to a fraction?
Brilliant job, Kaelan. Yes, so there are times where we get it like this. So there are times where it becomes 15/5, or let's say, uh, uh, what do you call it? Okay, 10/5. Okay.
Okay, or 10 seconds over there. Okay, so at these times, can you see 15 divided by 5 is 3?
And 10 divided by 2 is 5.
So that is what this sentence is telling us, Kaelan. So when the numerator is greater or equal to the denominator and is a multiple of the denominator— so 15 is greater than 5 and also a multiple of 5, right?
Then the answer would be a whole number. Okay, Kaelan?
Okay, now let's move on to Part A with the number line. Okay, so can you see, can you understand what this diagram is showing you, Kaelan? [unclear] Can you understand what this diagram is showing you? This diagram over here.
Excellent explanation, Kaelan. So 5/5 would be equal to 1, right?
Nice. So what we are going to do is we're just going to count on in fractions. Okay, Kaelan?
Okay, we've got 0, 0. We have 5/5, which is equal to 1. What do you think 10/5 would be equal to?
If 5/5 are equal to 1, Kaelan, what do you think 10/5 would be equal to?
Excellent job. Okay, now how many do you think 15/5 would be equal to?
Sorry, Kaelan. So 10/5 was actually equal to 2.
So do you understand why 10/5 is equal to 2, Kaelan?
Nice. What is 15/5 equal to? [unclear]
Excellent. And 25th? Amazing job, Kaelan. Okay. So now let's move on to Part B where we find what 602 would be. Okay?
So what do you think the answer would be for this, Kaelan?
Amazing! Nice. Now for the last question.
One. [Speaker] 24ths. [unclear]
Amazing job, Kaelan. So now do you understand how fractions work?
Nice.
Awesome. That's great to hear, Kaelan. You went through this really quickly. Let's now move on to our next slide, the Follow Me and Your Turn part. Okay, so it says let's look at this bar model that shows an amount greater than 1. Okay, so we have 5/5 over here. That makes 1 whole and extra 3/5. Okay, Kaelan? [Speaker:Kaelan]...yes? [Speaker:TUTOR] So there is 1 whole meter and 3/5 extra. Okay? [Speaker:Kaelan]...yes?
Okay, so we can write this as a mixed fraction. To write it as a mixed fraction, I know that we have one whole, so one [UNCLEAR]. Excellent, 3/5 over here. So now, uh, in part C, there are blank fifteentotals. If I were to count all of these, I would get 8/5. Okay, Kaelan?
5 3 gives us 8. So when you write it as an improper fraction, the answer would be 8/5. Okay? Yes.
did you understand over [unclear] here, Kaelan? Yes.
An improper fraction is a fraction where the numerator is greater than or equal to the denominator. Okay, Kaelan? Yes.
Excellent job, Kaelan. Okay, 2/3. Next number, it will be [unclear]
Go on. [Speaker:Kaelan]...right? [Speaker:Tutor] Yeah.
For a mixed number, you just have to add— you just have to put both these together and write it like this. Okay?
Nice, Tutor. Excellent job, guys. So you ate 2 wholes and 2/3, right?
Nice. Okay. So with that, okay, Kaelan, I think we are almost out of time. Shall we do a very small reflection and then you can continue this in the next lesson, Kaelan? Okay?
Okay, so is it possible to tell me something new that you learned from today's session?
That's great to hear.
Brilliant. So you understood on how we get mixed fractions also, right?
Brilliant. Okay, so with that, we can end our session for today. Kaelan, brilliant job in completing two whole lessons and starting the third. So awesome job for you, and hope you have a great day ahead, Kaelan. Okay?
Thank you. Bye, Kaelan.
Do you listen first to that?
And afterwards, we'll do [UNCLEAR].","[TUTOR] Hello?
[BACKGROUND] [unclear]
[STUDENT] Hello, Kaelan, can you hear me?
[TUTOR] Yes.
[STUDENT] [unclear]
[TUTOR] Well, hello.
[STUDENT] Good.
[TUTOR] Did you do anything fun at school today?
[STUDENT] Yes.
[TUTOR] What did you do?
[STUDENT] I did practice my football.
[TUTOR] Okay. Sorry, was it football, Kaelan?
[STUDENT] Yeah, practice my football.
[TUTOR] Okay, and how did the practice go? Good.
[TUTOR] Did you score any goals, Kaelan?
[STUDENT] Yes.
[TUTOR] How many?
[STUDENT] Uh, 5.
[TUTOR] Brilliant job, Kaelan. Awesome. Okay, so did you do anything else at school that you enjoyed, Kaelan?
[STUDENT] Not quite.
[TUTOR] Okay, so with that, shall we start off for today's lesson, Kaelan?
[STUDENT] Okay.
[TUTOR] Okay, give me a minute. I'll load your lesson quickly. [unclear]
[TUTOR] Okay, so Kaelan, we would be starting from where we stopped last week, which was solving real-life problems with remainders. Are we okay?
[STUDENT] Yes.
[TUTOR] Okay, can you tell me what do you remember from this lesson, Kaelan?
[STUDENT] So, um, remember that, um, if you do like, um, like small, like, um, calculations, you'll do it faster, and if you do big calculations, you'll do slower.
[TUTOR] Excellent explanation. Yes. So when do we use, uh, when— what sort of, uh, calculations do we get remainders for lines? Is it for multiplication, division, addition, or subtraction? [unclear]
[TUTOR] Pardon?
[STUDENT] So which sort of calculations do we get remainders for, lana?
[BACKGROUND] So we can get like, what was it, 18? [Speaker:Kaelan].../6. [Speaker:Tutor] Awesome. So 18— so it would be division calculations, right, Kaelan?
[STUDENT] Yes.
[TUTOR] Awesome job. And you see an example too, but for 18 divided by 6, we wouldn't get a remainder. Okay, Kaelan?
[TUTOR] Yes. [Speaker] So if it was something like 18 divided by 4 or 18 divided by 5, we would be getting a remainder. Okay, Kaelan?
[STUDENT] Yes. [Speaker] Awesome. So Kaelan, in the previous session you stopped [unclear] here. So go for the slide. So is it possible to read this question and give it a go, Kaelan?
[STUDENT] There is thinking of a 2-digit number. When it's divided by 5, remainder is 1. 2. When it's divided by 8, the remainder is 1. What number is it thinking of?
[TUTOR] Nice. [unclear] [unclear]
[STUDENT] I think the number is 2.
[TUTOR] Okay, shall we check if 2 is the answer, Kaelan?
[STUDENT] Okay.
[TUTOR] So if you get 2, when you divide 2 by 5, do you think you would still get 2? [unclear] Take your time, Kaelan.
[TUTOR] No. Okay, so what do you think the number would be, or the number could be?
[STUDENT] 3.
[TUTOR] Okay, so if you divide 3 by 5, do you think you would get 2 as a remainder?
[STUDENT] [unclear]
[TUTOR] So we should come up with possible numbers, Kaelan, that when you divide it by 5, you get 2 as a remainder. Remainder, and the same number when you divide it by 8, you would get 1 as a remainder. So how do you think we can come up with the number?
[STUDENT] I don't know.
[TUTOR] Okay, so what we do over here first is, Kaelan, we would be listing out the multiples of 5 and the multiples of 8 separately. Okay?
[STUDENT] Yes.
[TUTOR] Okay, is it possible to list out the multiples of 5 over here for me, Kaelan?
[TUTOR] Yes. [unclear]
[STUDENT] Okay, till 25.
[TUTOR] Brilliant, okay. So now, Kaelan, we will be listing out the multiples of 8. 8 separately over here. So can you use another color and list out the multiples of 8 over here for me? [unclear]
[TUTOR] Okay, is it possible to use another color and list out the multiples of 8 over here, Kaelan?
[STUDENT] Oh no. [unclear]
[STUDENT] 1, 2, 3, 4, 5, 6, 7, 8, 9, 10, 11, 12, 13, 14.
[TUTOR] Brilliant. Okay, so let's stop at 14. So now what we are going to do is, Kaelan, we're just going to add 2 for the multiples of 5. Okay?
[TUTOR] Yes.
[STUDENT] Because only if you add 2 to the multiples of 5 would you get a number that when you divide it by 5, you would get a remainder as 2. Do you understand what happens, Kaelan?
[TUTOR] No.
[STUDENT] Okay. Is it okay if I show you an example?
[TUTOR] Yes.
[STUDENT] Okay, so let's say we have 10. Okay. So 10, when you divide 10 by 5, you would correctly get 2 as the answer, right? [unclear]
[TUTOR] 10 divided by 5 is 2. But if we were to add 2 to 10, if you get 12, okay? So if you add, okay, let me just draw it over here for you. If you add 2 to 10, you get 12. And if you divide that answer by 5, The answer would be 2 with a remaining of 2. Okay, Kaelan?
[STUDENT] Yes.
[TUTOR] So this is applicable for all the multiples of 5. For any of these numbers, if you were to add 2, okay, and if you were to divide it by 5, you would get a remaining of 2.
[STUDENT] Yes.
[TUTOR] Okay, let's try it with one more number. Let's try it with 25. Okay, Kaelan?
[TUTOR] Okay.
[STUDENT] So we got 21, 25 over here first, and then we have 25 plus 2, which is 27. Okay, Kaelan?
[TUTOR] Okay.
[STUDENT] Now we're gonna divide both these numbers by 5. 25 divided by 5 is 5. 27 divided by 5 is 5, with a remaining of 2. So can you see that? For all the multiples of 5, when— if you were to add 2 extra to it, you would always get a remainder of 2.
[STUDENT] Uh-huh.
[TUTOR] Okay, so that rule is what we are going to follow over here. Okay, Kaelan?
[STUDENT] Yeah.
[TUTOR] So for all these multiples of 5, we're going to add an extra 2, so we may— so we get remainder of 2.
[STUDENT] [unclear]
[TUTOR] Okay, let me write it again. So we had 5, 10, 15, 20, right? Okay, we had 25 also.
[STUDENT] Yes.
[TUTOR] Okay, so now it's possible to add 2 for all these multiples of 5 for Tarik.
[STUDENT] [unclear]
[TUTOR] Nice, 7, 12.
[STUDENT] 17.
[TUTOR] 17, brilliant.
[STUDENT] 22.
[TUTOR] 22, nice.
[STUDENT] And 27.
[TUTOR] And 27, amazing job, Jaron. So what do you think we need to add for the multiples of 8, Jaron?
[BACKGROUND] Uh, 2?
[TUTOR] Is it 2?
[BACKGROUND] Oh no, um, what is it? Um, 1.
[TUTOR] Excellent job, <NAME>. We'll add a 1 to all the multiples of 8 over here.
[TUTOR] 33 and 41. Amazing job, Kaelan. So now, do you find a number that's similar to both, Kaelan?
[STUDENT] Over here. [unclear] So can I know what is 24 divided by 17?
[TUTOR] 17. So shall we check if 17 would be our number?
[STUDENT] Yes.
[TUTOR] Okay, do you want to divide it and see if you get the same answer as Kaelan? [unclear] Okay.
[STUDENT] 1.
[TUTOR] By 5 and then by 8. Okay.
[STUDENT] Oh no.
[TUTOR] Oh no, accidentally.
[STUDENT] No problem, Kaelan.
[TUTOR] Oh, [UNCLEAR]. [Speaker:Kaelan] Okay, no problem. I'll write it out over here for you.
[TUTOR] Okay. [unclear]
[STUDENT] But here not 24. Here what's the difference you can take? [unclear]
[TUTOR] So you [unclear]
[TUTOR] Small pause, darling. Are we dividing 17 by 2 over here in the first sentence?
[STUDENT] Yes.
[TUTOR] Shall we double-check, darlings? So it's 8 when it is divided by 2. 10 times bigger when you compare this and this. You know that 24 and 140— 240 is 10 times bigger than 24. So that means your answer is also going to be 10 times bigger. [unclear]
[TUTOR] So what is your plan?
[STUDENT] 3 times 10, 30. So 5 won't fit into 1, so 0 remains as 5. [unclear]
[TUTOR] Yes. Okay, is it 15 remainder 2, Kaelan?
[STUDENT] Yes, because if we [unclear]
[TUTOR] Excellent job, Kaelan. Brilliant. Okay. So now shall we check if it follows the second sentence too?
[STUDENT] Yes.
[TUTOR] Okay. [Speaker:Kaelan]...text when divided by 8 [unclear]
[STUDENT] 0, 2, 8, 1, 7, 8, 15.
[STUDENT] That's our number.
[TUTOR] Amazing job again, Kaelan. Brilliantly worked out. Okay, so now do you understand how we can find the missing numbers?
[STUDENT] Yes.
[TUTOR] Awesome. Is it possible to just take me through your steps on how we work this question out, Kaelan?
[STUDENT] So first of all, we have to find— we have to write the [UNCLEAR]. 5 times tables because it says divided by 5, and 8 times tables because it says divided by 8. After, we need to, we need to, um, we need to like find the, um, the right, the like exact same number. Like let's just say 17 in the 7, in the 8 times tables. [unclear]
[TUTOR] No.
[STUDENT] In the 5?
[TUTOR] No.
[STUDENT] We have to add 2 to the 5 times tables and 8 times tables, and then we have to add 2 in the 5 times tables and 1 in the 8 times tables, and then we have to find the exact same number, like let's say 17, yeah? Then we check it. So we do 5 divided by 17, it will give us 3 remainder 2. And if this says the remainder is 2, and then after we divide 8 divided by 17 and 2 is remainder 1, that's our answer.
[TUTOR] Excellent explanation over there, Kaelan. Brilliant job in taking me through each and every step. Okay, do you want to go ahead and give yourself a star, Kaelan?
[TUTOR] Yes.
[STUDENT] Okay. [unclear]
[STUDENT] [unclear] [unclear]
[STUDENT] [unclear] [unclear]
[TUTOR] Nicely done, Kaelan. Okay, so with that, we are coming to an end for this lesson. Kaelan, shall we do a small reflection and then go on to our next lesson?
[STUDENT] Okay.
[TUTOR] Okay, so when it comes to solving real-life problems with remainders, what do you think are the mistakes we might make in division, Kaelan?
[STUDENT] We might forget— so let's just say we have 5 divided by 17, we might forget that 5 can't fit in 1. [unclear]
[TUTOR] Excellent job, student.
[STUDENT] I did.
[TUTOR] Yes.
[STUDENT] Is the 6 the same?
[TUTOR] Yes. So when we make a small mistake in division, the entire answer becomes wrong, right?
[STUDENT] Yes.
[TUTOR] Awesome job, Kaelan. Okay, so with that, we can move on to our next lesson. [unclear]
[TUTOR] Okay, so now we would be learning about rounding decimals to the nearest whole number. Okay?
[STUDENT] Okay.
[TUTOR] So, have you learned about rounding numbers at school, Kaelan?
[STUDENT] Yes.
[TUTOR] Okay, how does rounding work, Kaelan? If it says round, like the whole number, something, let's just say 5/6. Let's just say 5/6. [unclear] So the whole number is 5.
[TUTOR] Excellent, yes.
[STUDENT] And then if it's 5 or above,
[STUDENT] Yeah.
[BACKGROUND] We raise the score if it's lower than 4. If it's like 4, we drop down to the ground. [unclear]
[TUTOR] Awesome explanation, Elara. Yes. So when it comes to rule of rounding, as you told, anything below 5 gets rounded down and anything which is 5 or more gets rounded up, right?
[TUTOR] Yes. [Speaker] Awesome. So this is the same rule that we would apply for decimals. Okay, Zane?
[BACKGROUND] Okay. [Speaker] Okay. So is it possible to try the learning goal question out here for me, Zane?
[BACKGROUND] Okay. [Speaker] Okay. [unclear]
[STUDENT] So 5, so it would be 6.3.
[TUTOR] Is it? [unclear] Excellent job. Because they're asking you to the nearest whole number, it would be 6. Okay, Kaelan?
[STUDENT] Yes.
[TUTOR] Amazing. So with that, shall we move on to our next turn, Kaelan?
[TUTOR] You okay?
[STUDENT] Okay. So can you read the first sentence for me?
[TUTOR] Okay. When rounding a decimal nearest— decimal nearest to the nearest number, whole number, we need to know what whole number is 8 lines between.
[STUDENT] Okay. So what does the sentence tell us, Kaelan?
[TUTOR] So— [unclear] What does this sentence tell us?
[STUDENT] So it says, um, if we're rounding the number, we have to find the nearest— we have to see what the nearest whole number is.
[TUTOR] Excellent, yes. So we need to find what whole numbers this number would lie in between. Okay, Kaelan?
[STUDENT] Okay.
[TUTOR] Okay, so now we have 5.3 in this number line over here. So what do you think is the whole number that would lie before this number?
[STUDENT] Orange?
[TUTOR] Which whole number would come before 12.3, Kaelan?
[STUDENT] [unclear] 12.3.
[STUDENT] 12.2.
[TUTOR] Close, but is 12.2 a whole number? So 12.2 would come here, Kaelan. [unclear] Okay. So they want a whole number. So which one do you think it would be over here?
[TUTOR] Excellent, 12 over there. And what's the whole number that comes after 12.3, Kaelan?
[STUDENT] [unclear]
[TUTOR] What's the whole number that would come after 12.3? Excellent job, Kaelan. Okay, so do you think 12.3 is more closer towards 12 13?
[STUDENT] 13. Oh no, 12, 12, 12, 12, 12.
[TUTOR] Excellent. Okay, so we round it down to?
[STUDENT] If it's rounded down to the whole, it will be... [unclear]
[TUTOR] Wow, amazing job, Kaelan. The same way we worked that out, we are going to work out Part D. Can you work out Part D for me, Kaelan?
[STUDENT] Okay.
[TUTOR] Okay, nice. 5, 6. Brilliant job, Kaelan. Okay. [unclear] [Speaker:Kaelan]...6. [Speaker:TUTOR] Brilliant job over here, Kaelan. Awesome working out. Okay, so where do you think 5.7 would lie on this number line?
[STUDENT] Uh, 5.7. I think it will be like 5. [unclear]
[TUTOR] Right. Amazing job, Kaelan. Yeah, awesome. Okay, so did you understand how we round numbers, Kaelan?
[STUDENT] Yes.
[TUTOR] Okay, so this is something you already knew of, right?
[STUDENT] Yes.
[TUTOR] Great. Okay, so with that, let's move on to our Follow Me and Your Turn part. Okay, so it says when rounding numbers, it's helpful to think about the halfway point. The halfway point between 0 and 1 is 0.5. So that's given over there. If the 10th digit is more than 5 or exactly 5, we round it up to the nearest whole number. If the 10th digit is less than 5, We round it down to the nearest whole number. Okay, Kaelan?
[STUDENT] Okay.
[TUTOR] So this is the rule of rounding to the nearest [UNCLEAR]. Sorry, to the nearest whole number. Okay? [Speaker:Kaelan] Okay.
[TUTOR] Okay, so our number is 0.7. 0.7 now rounded to the nearest whole number is— 0.7 would be somewhere here, so that would get rounded up to 1. Okay?
[TUTOR] Okay.
[STUDENT] 0.3 would lie somewhere over here. That would get rounded down to 0. Okay, nice?
[TUTOR] Okay.
[STUDENT] Did you understand what I did over here?
[TUTOR] Yes.
[STUDENT] Okay, is it possible to try the [unclear] part, Kaelan?
[BACKGROUND] Okay, so when rounded, 6.3 is 6. Amazing. [unclear]
[TUTOR] Awesome job, Because [UNCLEAR]. Brilliant. Okay. So is it possible to tell me why did you round 6.5 up to 7? [Speaker:Kaelan] 6.5, it says 5 is bigger than 4, so we [Speaker:Kaelan]...around the school. 3 is smaller than 4, so we drop down to the ground. [Speaker:TUTOR] Excellent explanation, Kaelan. Okay, so with that, shall we move on to our next slide?
[STUDENT] Okay.
[TUTOR] Okay, so we got a new slide over here with 4 questions to solve. Is it possible to solve all 4 of these questions for me, Kaelan?
[STUDENT] Okay, so...
[TUTOR] Brilliant job, Kaelan. Awesome job in working it out very quickly. Okay. So now shall we move on to our final slide, Kaelan?
[STUDENT] Okay.
[TUTOR] Okay. So we got the goal for the slide over here. Can you read this question and work it out for me?
[STUDENT] Tara is measuring the length of her bracelet. She then rounded it to the nearest centimetre. The round length is 10 centimetres. What could the exact length of her bracelet be? Bracelet piece. So she has rounded it to the nearest centimeter. What could the exact length be?
[TUTOR] It could be 10.39.
[STUDENT] Nice.
[STUDENT] 10.2.
[TUTOR] Amazing job, Kaelan. So shall we write? Awesome, 10.2 centimeters and 10.3 centimeters. Brilliant working out. Do you want to go ahead and give yourself another star, Kaelan?
[STUDENT] Okay.
[TUTOR] Okay. [unclear] It's okay, you can try again, Kaelan. [unclear] [Speaker:Kaelan]...3. [Speaker:Tutor] Oh, I have no right to that. No problem. Okay. Brilliant job, Kaelan. Okay, so with that, shall we do another small reflection and then move on to our next lesson?
[STUDENT] Okay.
[TUTOR] Okay, so which part of this lesson about rounding decimals did you think you did really well on?
[STUDENT] I think I did really well on, um, the [unclear]
[STUDENT] Like this bracelet one.
[TUTOR] Okay, that's great to hear, Kaelan. Okay, so Kaelan, give me a minute. I'll quickly load your next lesson, okay?
[STUDENT] Okay.
[TUTOR] Okay. [unclear]
[TUTOR] Have you done 2 lessons?
[STUDENT] We do 2 lessons?
[TUTOR] You already done 2 lessons.
[STUDENT] You?
[TUTOR] Yes.
[STUDENT] Okay. [unclear]
[TUTOR] Kaelan, can you see the slide over here?
[STUDENT] [unclear]
[TUTOR] Yes. Okay, so now we would be learning about understanding fractions greater than 1. Okay?
[STUDENT] Yes.
[TUTOR] What do you think a fraction is, Kaelan?
[TUTOR] What do you think a fraction is? Hello? Hello, Kaelan? [unclear] [unclear]
[TUTOR] Hello?
[STUDENT] Hello, Zane, can you hear me?
[TUTOR] Yes.
[STUDENT] Okay. Okay, Zane, okay, let's get back to our lesson.
[TUTOR] Okay.
[STUDENT] Okay, so we will learn— today we would— so now we would be learning about understanding fractions. Greater than 1. Okay.
[STUDENT] Yes.
[TUTOR] What do you think a fraction is, Kaelan?
[STUDENT] Uh, I think that a fraction is, uh, like, so it's one number on top of a number. Let's just say like one quarter or something.
[TUTOR] Excellent explanation. Yes, so parts of a whole are called fractions, right?
[TUTOR] Yes.
[STUDENT] Nice. We have different types of fractions, that is, we got something called an improper fraction, a mixed number, and a proper fraction. Okay?
[TUTOR] Yes.
[STUDENT] Okay, great. So can you try the learning goal question out here, Kaelan?
[STUDENT] As a fraction, this improper, so this will be
[STUDENT] I think it will be... if we go 1 in 5, it will be... I would say [unclear] fifths?
[BACKGROUND] Close, Kyra. The answer is actually 8/5.
[TUTOR] Okay.
[STUDENT] Okay.
[TUTOR] Okay. So now what is that is we would be learning more about this. So is it possible to try the prior learning question, Kaelan?
[STUDENT] Okay.
[TUTOR] Okay. [unclear]
[STUDENT] How many cakes are there in total? How is more [UNCLEAR]? So there is 2 cookies. [unclear]
[TUTOR] Is that okay?
[STUDENT] Hello, Kaelan, can you hear me?
[TUTOR] Yes.
[STUDENT] Okay, so what do we do over here?
[TUTOR] Uh, I don't know.
[STUDENT] Okay, so they want you to count in multiples and find out how many cakes are there in total. [unclear]
[TUTOR] Oh!
[STUDENT] So how many do you think there are?
[TUTOR] Uh, they are [unclear]
[TUTOR] 12.
[STUDENT] It's 12 cakes, shall we double-check on that? We have 6 here.
[TUTOR] 12, 18.
[STUDENT] Amazing. So how many in total?
[TUTOR] 18.
[STUDENT] Brilliant job, shall we write 18 over here? Nicely done. So with that, let's move on to our Learn slide. Okay, can you read the first sentence for me, Kaelan?
[STUDENT] Uh, so it says fraction be greater than 1 when the numerator is greater or equal to the denominator and [unclear]...a multiple of the denominator, it is a whole number.
[TUTOR] Nice. So what does the sentence tell us, Kaelan?
[STUDENT] So it said when action is bigger than 1, when the numerator is bigger than 1, and the denominator is multiple and it makes a whole number.
[TUTOR] Okay, nice explanation, Kaelan. So do you know what a numerator and a denominator is when it comes to a fraction?
[STUDENT] Yes, so the numerator is the top, um, top number and the denominator is the bottom.
[TUTOR] Brilliant job, Kaelan. Yes, so there are times where we get it like this. So there are times where it becomes 15/5, or let's say, uh, uh, what do you call it? Okay, 10/5. Okay.
[STUDENT] Yes.
[TUTOR] Okay, or 10 seconds over there. Okay, so at these times, can you see 15 divided by 5 is 3?
[STUDENT] Yes.
[TUTOR] And 10 divided by 2 is 5.
[STUDENT] Yeah.
[TUTOR] So that is what this sentence is telling us, Kaelan. So when the numerator is greater or equal to the denominator and is a multiple of the denominator— so 15 is greater than 5 and also a multiple of 5, right?
[STUDENT] Yes.
[TUTOR] Then the answer would be a whole number. Okay, Kaelan?
[STUDENT] Okay.
[TUTOR] Okay, now let's move on to Part A with the number line. Okay, so can you see, can you understand what this diagram is showing you, Kaelan? [unclear] Can you understand what this diagram is showing you? This diagram over here.
[STUDENT] It is showing that one fifth and one fifth and one fifth and one fifth. 5th and 1/5 equals 5/5. And if it says 5/5, so— or is the— is the same number, it's the same exact number, is 1.
[TUTOR] Excellent explanation, Kaelan. So 5/5 would be equal to 1, right?
[STUDENT] Yes.
[TUTOR] Nice. So what we are going to do is we're just going to count on in fractions. Okay, Kaelan?
[STUDENT] Okay.
[TUTOR] Okay, we've got 0, 0. We have 5/5, which is equal to 1. What do you think 10/5 would be equal to?
[STUDENT] [unclear]
[TUTOR] If 5/5 are equal to 1, Kaelan, what do you think 10/5 would be equal to?
[STUDENT] [unclear]
[TUTOR] Excellent job. Okay, now how many do you think 15/5 would be equal to?
[STUDENT] Is it 5/2 or 2?
[TUTOR] Sorry, Kaelan. So 10/5 was actually equal to 2.
[STUDENT] Okay.
[TUTOR] So do you understand why 10/5 is equal to 2, Kaelan?
[STUDENT] Yes.
[TUTOR] Nice. What is 15/5 equal to? [unclear]
[TUTOR] Excellent. And 25th? Amazing job, Kaelan. Okay. So now let's move on to Part B where we find what 602 would be. Okay?
[STUDENT] Okay.
[TUTOR] So what do you think the answer would be for this, Kaelan?
[STUDENT] Is it 12, Kaelan? So fractions can also be seen as division. Brilliant! 6 divided by 2 is 3 also. And what is 12/3, Milo? [unclear]
[TUTOR] Amazing! Nice. Now for the last question.
[TUTOR] One. [Speaker] 24ths. [unclear]
[TUTOR] Amazing job, Kaelan. So now do you understand how fractions work?
[STUDENT] Yes, yes, yes, yes, yes.
[TUTOR] Nice.
[STUDENT] This is easy.
[TUTOR] Awesome. That's great to hear, Kaelan. You went through this really quickly. Let's now move on to our next slide, the Follow Me and Your Turn part. Okay, so it says let's look at this bar model that shows an amount greater than 1. Okay, so we have 5/5 over here. That makes 1 whole and extra 3/5. Okay, Kaelan? [Speaker:Kaelan]...yes? [Speaker:TUTOR] So there is 1 whole meter and 3/5 extra. Okay? [Speaker:Kaelan]...yes?
[TUTOR] Okay, so we can write this as a mixed fraction. To write it as a mixed fraction, I know that we have one whole, so one [UNCLEAR]. Excellent, 3/5 over here. So now, uh, in part C, there are blank fifteentotals. If I were to count all of these, I would get 8/5. Okay, Kaelan?
[STUDENT] Yes.
[TUTOR] 5 3 gives us 8. So when you write it as an improper fraction, the answer would be 8/5. Okay? Yes.
[STUDENT] Now,
[TUTOR] did you understand over [unclear] here, Kaelan? Yes.
[STUDENT] Awesome.
[TUTOR] An improper fraction is a fraction where the numerator is greater than or equal to the denominator. Okay, Kaelan? Yes.
[STUDENT] Brilliant. Go on. Nice. [unclear] Okay, shall we double-check? Is it 1/3?
[STUDENT] Oh, 2.
[TUTOR] Excellent job, Kaelan. Okay, 2/3. Next number, it will be [unclear]
[TUTOR] Go on. [Speaker:Kaelan]...right? [Speaker:Tutor] Yeah.
[STUDENT] So, what's the [unclear] that gives you [UNCLEAR]? [Speaker:Background] Oh, you cut it into 10 and then I would cut the board. And then you would cut them up.
[STUDENT] Um.
[BACKGROUND] Imagine 10 slices.
[TUTOR] For a mixed number, you just have to add— you just have to put both these together and write it like this. Okay?
[STUDENT] Yes. [unclear] [unclear]
[STUDENT] So that will be— that will be—
[TUTOR] Nice, Tutor. Excellent job, guys. So you ate 2 wholes and 2/3, right?
[STUDENT] Yes.
[TUTOR] Nice. Okay. So with that, okay, Kaelan, I think we are almost out of time. Shall we do a very small reflection and then you can continue this in the next lesson, Kaelan? Okay?
[STUDENT] Okay.
[TUTOR] Okay, so is it possible to tell me something new that you learned from today's session?
[STUDENT] I learned that how to, like, I didn't understand like fractions, but now I do.
[TUTOR] That's great to hear.
[STUDENT] And after I learned how to like— so if there's like a whole number, let's just say like 3/1 meters, that's 3 wholes, and there's like 2/1 fifths.
[TUTOR] Brilliant. So you understood on how we get mixed fractions also, right?
[BACKGROUND] Yes. Brilliant. Okay, so do you understand on how the improper fractions and the proper fractions work, Kaelan?
[STUDENT] Yes.
[TUTOR] Brilliant. Okay, so with that, we can end our session for today. Kaelan, brilliant job in completing two whole lessons and starting the third. So awesome job for you, and hope you have a great day ahead, Kaelan. Okay?
[STUDENT] You too.
[TUTOR] Thank you. Bye, Kaelan.
[STUDENT] Bye.
[TUTOR] Do you listen first to that?
[STUDENT] Yes. [unclear]
[TUTOR] And afterwards, we'll do [UNCLEAR]."
mdezhpd,Comparing and ordering fractions.,0.322975,"Hello.
Good.
Okay.
It was good.
It was more about [unclear] fractions. You learned about comparing and ordering. [unclear]
Okay.
It's like— They're sharing a number, like... I don't know.
[unclear] one's bigger, one's smaller.
It's the bottom number.
It's the top number of a fraction.
Because the numerator is bigger than the other one.
Because the numerator is smaller and...
[unclear]
Mm-hmm.
No.
We have to find the [UNCLEAR]. [Speaker:Tutor] Okay, what does it say here?
Just times it by 2, so the denominator has to be the same.
5 times 2 is 10.
[unclear] 3 times 10 is 6.
It's equal.
[unclear]
The denominator is 9 and the numerator is 6. Okay, so 2/3. How much is 2/3 equal to? What is the equivalent fraction for 2/3? [unclear] [unclear]
6.
9.
7/9.
Okay.
Write each [unclear] fraction to the common denominator. [unclear] and put them in an order from smallest to largest?
Make the denominator the same.
20.
Because the [unclear] of both the denominators are 20. Okay, great. Now, uh, you can figure it like this, right? So, so we have 5 times tables, 10 times tables, and 4 times tables, right? So we can— you know the multiples? Have you heard of multiples? [unclear] Now we have— can you show me the 4 times tables here? Use the pointer, Gareth, and show me the 4 times tables. Yes, we have the 4 times tables. And then can you show me the 5 times tables? [unclear]
20.
5.
Mm-hmm.
5 times 2.
4.
[unclear]
8.
Okay.
No.
10 times 1.
1.
10 times 2. 10 times 2 is 20. So what do we need to do to the numerator? [unclear] Yes. So then what will be the answer? 3 times? [unclear] Okay. Like this?
[unclear]
The numerator will be 4.
5.
Common denominator.
Yeah.
5/20.
One.
Uh, 8/20.
Since it's the largest denominator.
Yeah.
Yeah.
2, 2.
18.
[unclear]
By 2.
10.
10.
Because we times 2 by 5.
[unclear]
[unclear]
Because 2 to the top and 2 to the right.
18. So how do we get 18? [unclear]
Can you check it again, please?
Mm-hmm.
6.
Just because I times the numerator [unclear] times the denominator by 3.
So—
[unclear]
Smallest line.
4/8. [unclear]
1/6. Okay. So if you have one, can you type the smallest fraction here then? Okay, what is the next largest?
Pardon?
2, 9. Let's write down the next one. Like that, what is the next fraction? [unclear] [unclear]
3, 4.
About comparing orders.
Okay.","Hello.
Hi, Tobias. How are we doing today?
Okay, that's nice to hear. Can you hear me loud and clear?
Yeah.
How was your week so far?
Can you remember what we did last time? We had a session.
Okay.
Now, do you know what it means by— can you remember what it means by comparing?
Just give it a try. It's fine if you get it wrong, Tobias. I can help you.
That's really good. Well done. Nice job there. Yes, you can compare which one is bigger or smaller. Good job. Ordering fractions— what does it mean by ordering numbers or fractions? [unclear]
Okay, wonderful job once again in explaining that. Yes, you can say biggest to smallest or smallest to biggest. Now, so we did these slides. You can remember, right? So we compared the fractions, right? Find the equivalent fractions, the denominators. And remember, what is denominator of a fraction?
Yes, it's the bottom number. And what is the numerator?
Top number. So when we have a special name for the fractions when they are similar to each other, what do we call that?
We call them equivalent fractions. Okay, I think you can remember the name, right? Equivalent fractions. These are called equivalent fractions, and we can use these symbols compared, right? Greater than, less than, equal. Can you remember how we did that here? Finding the common denominator, right? Can you remember that? See, 5 times which number gives you 15? 5 times which number gives 5 times? [unclear]
5 times 3. Okay, so what do we need to do here at the top one? We need to multiply by the same or a different number? [unclear] And multiply it by? [unclear] 3. And so 1 times 3 is? [unclear] 3. Good job. See, we have 1/5 and 3/15. So now, is it— how can we compare the fractions now? 4/15 and 3/15. Which number is bigger? Which fraction is bigger?
4/15.
4/15. So is it 1/5 or 4/15? Which one is bigger?
4/15. How did we figure out that 4/15 is bigger?
Yes, the numerator is bigger than the fraction here, and we need to fix, like, find the equivalent fraction, or like find the common denominator. [unclear] Common denominator. Okay, so we did this slide and we ordered fractions from smallest to largest, and we were on this slide. Okay.
Right, so let's start with question number 1 now. Can you try to do question number 1, please? [unclear] Just give it a try. It's fine if you get this wrong. [unclear]
How did you get the answer here?
Even if the denominator is smaller, look, what we really like about the numerator—
It feels like, it really, it matters about the numerator because if you have 5, like, 10 pizzas and then, like, someone takes 3, that would be 7. But if you had 5 and someone took 3, that would be 2.
I'm really sorry, Tobias, I couldn't hear you properly there. So we have 3/6 here and 6/10, right?
So, can we compare the two fractions when we have it like this? What do you think? [unclear] Can we find which one is bigger or smaller when we have the fractions like this?
Then what do we need to do? [unclear] Okay, what do we need to do to compare fractions? [unclear] Now, can you compare the fractions when we have them like this?
Then what do we need to do? [unclear]
Yes? What did we do here? Look at this.
Yes, we need to make sure the denominators are the same. So how can we do that? How can we make sure the denominators are the same? [unclear] Okay, you need to times it by 3 here, right? Okay, so just like that. Can we compare two fractions when we have them like this?
No. Then what do we need to do first?
Yes. Now let's try that. So what happens? What is the bottom number?
5 times 2 is 10. And the top number?
Okay, what can you say now?
Equal. So what is the symbol we need to use here?
Yes, good job. So, Callum, good effort. Now, did you understand how to compare two fractions when we have different denominators?
Can you do that, please? [unclear]
Okay. 3 times 3 is 9. 8 times 2 is 16. So what is T?
What is the top number, the numerator?
And the bottom number, the denominator?
9. Okay, now can you find which fraction is bigger? Which fraction is bigger, 2/3 or 7/9?
Okay, what do you think about the symbol here? [unclear] Do we need to keep it the same or do we need to change it? What do you think?
Change it. [unclear]
Okay, so I'll just try to erase that here. Now you can do it like this as well, so you need to make sure that you multiply by [unclear]
3. Yes, the bottom one multiplied by 3. Okay.
2 times 3 is 6, 3 times 3 is 9. So 6/9. So this is equal to 6/9. And if you compare 6/9 and 7/9, which one is the bigger?
7/9. Okay, so why do you have a different answer before? [unclear]
Yes, you need to find the common denominator. Let's try to say the common denominator, or we need to make the denominators the same. Right? Okay, good job. Now, Tobias, so he's completed question number 1. Well done. Okay. Now let's try to do question number 2 here. Can you read the question? What does it say?
Yes.
Yeah.
So this is important. So we need to arrange the numbers from small— arrange the fractions, okay? Arrange the fractions from smallest to largest. Now, can we do that when we have it like this?
So then what do we need to do then?
Yes, we need to make the denominators the same. How can we do that? What is the common denominator here?
20. How did you find out 20?
Yes, we had 5 times tables. So we have 5 times tables here. And the 10 times tables? Okay. Can you find the numbers which are common here? What are the numbers we have in common in 3 times— in these times tables?
20.
20. Good job. So do we have it in all 3 times tables?
Do we have it in 4 times tables? Can you show me 20 in 4 times tables? And do we have it in the 10 times tables? [unclear]
Brain. Good job. And so is that the lowest common multiple? Is there a number that is— do we have a number that is smaller than that which is common here? [unclear] Now, for example, we can have 40 here, right? Can you— do we have 40 in the other times table? [unclear] 40. 40. Do we have 40? Can you check the numbers? Can you show me if you have 40?
Yes.
Yes, we have 40 here. Okay, so we need to pick this smallest number. We need to find the common denominator, but it needs to be the smallest. Common multiple. Okay, so what is the lowest common multiple here? [unclear]
20. Good job. Now, what is the common denominator? [unclear]
What is the common denominator here?
20. So What do we need to do here to compare the fractions then? [unclear]
Okay, can you remember? You need to find the fraction having the common denominator. Okay, so what is the common denominator here? What should be the common denominator? [unclear]
Compare the fractions here. What should be the common denominator?
Okay, common denominator. See, here the common denominator is 10. Can you see that?
So what is the common denominator we need to have?
Pardon? [unclear] Tobias, I know that the classroom is noisy, but let's try to focus here, okay? We need to complete the fractions, right? So the common denominator is 20. We figured out here, right? Can you remember? 20.
Sure. Now let's try to have fractions that equal to— have 20 in the bottom number or the denominator. So if you have 20 here, what is the top number? [unclear] 2, 4.
5 times which number gives you 20? [unclear]
5 times?
5 times 2, is it 20? Can you check that once again, please? Then? 5 times which number gives you 20?
4. Okay, then what do we need to do to the top number?
Tobias, let's try to concentrate now. See, we multiply by the same number here, right? Okay, just like that. What is the number you need to multiply here? [unclear] Okay, what is the top number then? [unclear]
2 times 4 is?
Okay, is it like this? Yes, you 2 times 8, 20th, right? [unclear]
I cannot type that. Wait. Okay, we have 8 here, so this is equal to 8/20 here. Okay?
Now, just like that, can you find the fractions here out of 20? Then you will be able to compare them. Can you do that, please? [unclear]
Tobias, did you understand what you need to do here? Tobias, do you understand what you need to do here? [unclear]
Pardon?
Okay, see what we found out, the fraction here out of 20, right? So like that, find the equivalent fraction out of 20. See, 2/50 is equal to 8/20. Can you see it? That 8/20, right? [unclear]
I'm not sure what is the big issue. [unclear]
Okay, so we have 20 here in the bottom, okay? I'll just— what should be the top number then? 10 times which number gives you 20?
Pardon?
10 times 1? 20?
Okay, what about the next one?
Okay, the denominator will be 20 then.
How do you get 4?
Yes, how do you get 4 here? 4 times which number gives you 20? [unclear]
4 times 5 gives you 20. Then what do we need to do here? [unclear]
Okay, so 1 times 5 is?
5. Now do we have this common— the fractions with the same denominator, or the common denominator?
Okay, so can we compare the fractions now?
Okay, so how do we need to Come, uh, order them smallest to largest, largest to smallest. [unclear] Smallest to largest. What is the smallest fraction here? [unclear]
4/20. So can you type them here, please?
420. Great. Now what is the next largest?
[unclear]
Pardon?
[unclear]
Can you check the fractions again, please? So we have 4 here on the top number. What is the next largest? What is the fraction?
Okay, instead of 5/20, we need to write down the original fraction here. Okay, that's how we order the fractions. So what is the fraction you need to write down here? [unclear] What is the fraction that is equal to 5/20? Tobias?
Pardon?
One? How do we read this fraction? One quarter. You need to write down one quarter, one fourth. Can you write it down, please? [unclear]
Okay, now what is the next fraction? Next largest one. [unclear]
Pardon?
6/20.
6/20. What is the equivalent fraction for 6/20?
3/10.
3/10. So let's write it down. [unclear]
What is the largest fraction here?
8/20, and that is equal to— what is the original fraction of 8/20? 2/5. So what is the largest fraction? You need to write down here. [unclear]
Okay, you need to write down 2/5 here. Okay, but did we arrange the fractions from smallest to largest or largest to smallest?
Smallest, largest. So good effort there. Well done. Here we have a nice batch. Now can you try to do the same here? Can you find the common denominator, please? [unclear]
18.
18. Good job. How did you find the
It's 18.
It's not because it's the largest denominator. You can check the times tables here. [unclear] Do you have 18 in the 9 times tables?
Okay. Do you have 18 in the 3 times tables?
And do you have 18 in the 6 times tables? [unclear]
Show me that here, please. We have 3, 6, 9. Those are the timetables. Can you show me if you have 18 there?
Okay, so we have 18 in the 9 times tables. What about 6 times tables?
Okay, and 3 times tables. Good job. So what is the common denominator?
18. So let's try to do that. So how can you find the equivalent fraction? What should be the bottom number here? Denominator? [unclear] 18. So then how do we get 18? Did we have 9 here? [unclear]
9 times?
9 times 2. Is it 9 times 2 or a different number?
Okay, if you will multiply by 2 here, what do you multiply the numerator?
Then what will be the numerator?
Pardon?
How do you get 10 here?
Why do we need to multiply by 5 here?
Tobias, Tobias, we are focusing on here. 9 times which number gives you 18?
Okay, what is the top number here? 2/9. Tobias, what is the top number in 2/9? Tobias, what is the top number in 2/9 here? Can you see that? [unclear] Okay, what do you need to do here? What's the number you need to multiply by? So what is the top number here when you have the fraction out of 18?
4.
How did you get 4?
2 times 9 is 18. 2 times 2 is 4. Okay. Can you try to find here 1/3? How do you find the equivalent fraction? What should be the denominator here?
18.
How much is 3 times 5?
Tobias, 3 times which number gives you 18? [unclear]
3 times?
3 times 5 is 15. So how many times is 18? [unclear]
3 times 5 is 15. How many times is 18 here? [unclear]
Tobias, I can't hear you because you are very low. So if you speak a bit louder, I can understand. That classroom is very loud, right?
Okay, now 3 times 6 is 18. So what should be the top number here?
How did you get 6 here?
Good job. So 6, 18. Now let's try to find the one— the other one. Now we have 1/6.
So this is for this. So 1/6 by 3, and you get 18.
So 6 times 3 is 18. Then what about the numerator?
Okay, 3. Good job. Now let's write down the— how do we arrange the fractions here? How do we order the fractions? What is the method we need to order the fractions?
What does it say here?
Smallest line. What is the smallest fraction here?
Okay, so what is the original fraction of 3/18?
[unclear]
4/18. 4 over 18. What is the original fraction for that?
1, 2, 9.
So we have 3, 4, 6, and 5. What is the next largest?
What is the next largest number 3, 4?
5/18.
5/18. Any type set, please. [unclear]
Okay, what is the largest fraction here?
Okay, what is the original fraction? [unclear]
What is the original fraction of 1/3? Can you type that, please? [Speaker:Tobias]... [UNCLEAR]
Okay, good effort there. Well done. Okay, let's try to concentrate more on the next session, okay? Tobias, so you need to remember what you are doing, how to do it. Compare fractions will make it easier for you. What are the important things you need to remember? [unclear]
I really can't hear you, Tobias.
Okay, comparing and ordering. So
What does it mean by comparing? [unclear]
Which one is smaller or bigger? Okay. What does it mean by ordering fractions? [unclear] [Speaker:Tutor]... smallest to largest, largest to smallest. [Speaker:Background] Quietly.
Okay, Tobias, so you will get a feedback form to complete. Please do fill it in, okay, and let us know how you felt about this session. Okay, Tobias?
So thank you for joining in today, and let's try to more questions next time around. So enjoy your weekend and have a good time. See you in the next session then. Bye. [unclear]
Bye.","[TUTOR] Hello.
[BACKGROUND] [unclear]
[STUDENT] Hello.
[TUTOR] Hi, Tobias. How are we doing today?
[STUDENT] Good.
[TUTOR] Okay, that's nice to hear. Can you hear me loud and clear?
[TUTOR] Yeah.
[STUDENT] Okay.
[TUTOR] How was your week so far?
[STUDENT] It was good.
[TUTOR] Can you remember what we did last time? We had a session.
[STUDENT] It was more about [unclear] fractions. You learned about comparing and ordering. [unclear]
[TUTOR] Okay.
[STUDENT] Okay.
[TUTOR] Now, do you know what it means by— can you remember what it means by comparing?
[STUDENT] It's like— They're sharing a number, like... I don't know.
[TUTOR] Just give it a try. It's fine if you get it wrong, Tobias. I can help you.
[STUDENT] [unclear] one's bigger, one's smaller.
[TUTOR] That's really good. Well done. Nice job there. Yes, you can compare which one is bigger or smaller. Good job. Ordering fractions— what does it mean by ordering numbers or fractions? [unclear]
[TUTOR] Okay, wonderful job once again in explaining that. Yes, you can say biggest to smallest or smallest to biggest. Now, so we did these slides. You can remember, right? So we compared the fractions, right? Find the equivalent fractions, the denominators. And remember, what is denominator of a fraction?
[STUDENT] It's the bottom number.
[TUTOR] Yes, it's the bottom number. And what is the numerator?
[STUDENT] It's the top number of a fraction.
[TUTOR] Top number. So when we have a special name for the fractions when they are similar to each other, what do we call that?
[BACKGROUND] [unclear] [unclear]
[TUTOR] We call them equivalent fractions. Okay, I think you can remember the name, right? Equivalent fractions. These are called equivalent fractions, and we can use these symbols compared, right? Greater than, less than, equal. Can you remember how we did that here? Finding the common denominator, right? Can you remember that? See, 5 times which number gives you 15? 5 times which number gives 5 times? [unclear]
[TUTOR] 5 times 3. Okay, so what do we need to do here at the top one? We need to multiply by the same or a different number? [unclear] And multiply it by? [unclear] 3. And so 1 times 3 is? [unclear] 3. Good job. See, we have 1/5 and 3/15. So now, is it— how can we compare the fractions now? 4/15 and 3/15. Which number is bigger? Which fraction is bigger?
[TUTOR] 4/15.
[BACKGROUND] 4/15.
[TUTOR] 4/15. So is it 1/5 or 4/15? Which one is bigger?
[BACKGROUND] 4/15.
[TUTOR] 4/15. How did we figure out that 4/15 is bigger?
[STUDENT] Because the numerator is bigger than the other one.
[TUTOR] Yes, the numerator is bigger than the fraction here, and we need to fix, like, find the equivalent fraction, or like find the common denominator. [unclear] Common denominator. Okay, so we did this slide and we ordered fractions from smallest to largest, and we were on this slide. Okay.
[TUTOR] Right, so let's start with question number 1 now. Can you try to do question number 1, please? [unclear] Just give it a try. It's fine if you get this wrong. [unclear]
[TUTOR] How did you get the answer here?
[STUDENT] Because the numerator is smaller and...
[TUTOR] Even if the denominator is smaller, look, what we really like about the numerator—
[STUDENT] [unclear]
[TUTOR] It feels like, it really, it matters about the numerator because if you have 5, like, 10 pizzas and then, like, someone takes 3, that would be 7. But if you had 5 and someone took 3, that would be 2.
[TUTOR] I'm really sorry, Tobias, I couldn't hear you properly there. So we have 3/6 here and 6/10, right?
[STUDENT] Mm-hmm.
[TUTOR] So, can we compare the two fractions when we have it like this? What do you think? [unclear] Can we find which one is bigger or smaller when we have the fractions like this?
[TUTOR] Then what do we need to do? [unclear] Okay, what do we need to do to compare fractions? [unclear] Now, can you compare the fractions when we have them like this?
[STUDENT] No.
[TUTOR] Then what do we need to do? [unclear]
[TUTOR] Yes? What did we do here? Look at this.
[STUDENT] We have to find the [UNCLEAR]. [Speaker:Tutor] Okay, what does it say here?
[TUTOR] Yes, we need to make sure the denominators are the same. So how can we do that? How can we make sure the denominators are the same? [unclear] Okay, you need to times it by 3 here, right? Okay, so just like that. Can we compare two fractions when we have them like this?
[TUTOR] No. Then what do we need to do first?
[STUDENT] Just times it by 2, so the denominator has to be the same.
[TUTOR] Yes. Now let's try that. So what happens? What is the bottom number?
[STUDENT] 5 times 2 is 10.
[TUTOR] 5 times 2 is 10. And the top number?
[STUDENT] [unclear] 3 times 10 is 6.
[TUTOR] Okay, what can you say now?
[STUDENT] It's equal.
[TUTOR] Equal. So what is the symbol we need to use here?
[STUDENT] [unclear]
[TUTOR] Yes, good job. So, Callum, good effort. Now, did you understand how to compare two fractions when we have different denominators?
[BACKGROUND] Yes. Great. Now let's try this one, Part B. What do we need to do? [unclear]
[TUTOR] Can you do that, please? [unclear]
[TUTOR] Okay. 3 times 3 is 9. 8 times 2 is 16. So what is T?
[STUDENT] The denominator is 9 and the numerator is 6. Okay, so 2/3. How much is 2/3 equal to? What is the equivalent fraction for 2/3? [unclear] [unclear]
[TUTOR] What is the top number, the numerator?
[STUDENT] 6.
[TUTOR] And the bottom number, the denominator?
[STUDENT] 9.
[TUTOR] 9. Okay, now can you find which fraction is bigger? Which fraction is bigger, 2/3 or 7/9?
[STUDENT] 7/9.
[TUTOR] Okay, what do you think about the symbol here? [unclear] Do we need to keep it the same or do we need to change it? What do you think?
[TUTOR] Change it. [unclear]
[TUTOR] Okay, so I'll just try to erase that here. Now you can do it like this as well, so you need to make sure that you multiply by [unclear]
[TUTOR] 3. Yes, the bottom one multiplied by 3. Okay.
[STUDENT] Okay.
[TUTOR] 2 times 3 is 6, 3 times 3 is 9. So 6/9. So this is equal to 6/9. And if you compare 6/9 and 7/9, which one is the bigger?
[TUTOR] 7/9. Okay, so why do you have a different answer before? [unclear]
[TUTOR] Yes, you need to find the common denominator. Let's try to say the common denominator, or we need to make the denominators the same. Right? Okay, good job. Now, Tobias, so he's completed question number 1. Well done. Okay. Now let's try to do question number 2 here. Can you read the question? What does it say?
[STUDENT] Write each [unclear] fraction to the common denominator. [unclear] and put them in an order from smallest to largest?
[TUTOR] Yes.
[BACKGROUND] Now, how can he— did you understand the question?
[TUTOR] Yeah.
[BACKGROUND] What do we need to do here then? [unclear]
[TUTOR] So this is important. So we need to arrange the numbers from small— arrange the fractions, okay? Arrange the fractions from smallest to largest. Now, can we do that when we have it like this?
[TUTOR] So then what do we need to do then?
[STUDENT] Make the denominator the same.
[TUTOR] Yes, we need to make the denominators the same. How can we do that? What is the common denominator here?
[STUDENT] 20.
[TUTOR] 20. How did you find out 20?
[STUDENT] Because the [unclear] of both the denominators are 20. Okay, great. Now, uh, you can figure it like this, right? So, so we have 5 times tables, 10 times tables, and 4 times tables, right? So we can— you know the multiples? Have you heard of multiples? [unclear] Now we have— can you show me the 4 times tables here? Use the pointer, Gareth, and show me the 4 times tables. Yes, we have the 4 times tables. And then can you show me the 5 times tables? [unclear]
[TUTOR] Yes, we had 5 times tables. So we have 5 times tables here. And the 10 times tables? Okay. Can you find the numbers which are common here? What are the numbers we have in common in 3 times— in these times tables?
[TUTOR] 20.
[BACKGROUND] 20.
[TUTOR] 20. Good job. So do we have it in all 3 times tables?
[BACKGROUND] Yeah.
[TUTOR] Do we have it in 4 times tables? Can you show me 20 in 4 times tables? And do we have it in the 10 times tables? [unclear]
[TUTOR] Brain. Good job. And so is that the lowest common multiple? Is there a number that is— do we have a number that is smaller than that which is common here? [unclear] Now, for example, we can have 40 here, right? Can you— do we have 40 in the other times table? [unclear] 40. 40. Do we have 40? Can you check the numbers? Can you show me if you have 40?
[TUTOR] Yes.
[TUTOR] Yes, we have 40 here. Okay, so we need to pick this smallest number. We need to find the common denominator, but it needs to be the smallest. Common multiple. Okay, so what is the lowest common multiple here? [unclear]
[TUTOR] 20. Good job. Now, what is the common denominator? [unclear]
[TUTOR] What is the common denominator here?
[STUDENT] 20.
[TUTOR] 20. So What do we need to do here to compare the fractions then? [unclear]
[TUTOR] Okay, can you remember? You need to find the fraction having the common denominator. Okay, so what is the common denominator here? What should be the common denominator? [unclear]
[TUTOR] Compare the fractions here. What should be the common denominator?
[STUDENT] 5.
[TUTOR] Okay, common denominator. See, here the common denominator is 10. Can you see that?
[STUDENT] Mm-hmm.
[TUTOR] So what is the common denominator we need to have?
[TUTOR] Pardon? [unclear] Tobias, I know that the classroom is noisy, but let's try to focus here, okay? We need to complete the fractions, right? So the common denominator is 20. We figured out here, right? Can you remember? 20.
[TUTOR] Sure. Now let's try to have fractions that equal to— have 20 in the bottom number or the denominator. So if you have 20 here, what is the top number? [unclear] 2, 4.
[TUTOR] 5 times which number gives you 20? [unclear]
[TUTOR] 5 times?
[STUDENT] 5 times 2.
[TUTOR] 5 times 2, is it 20? Can you check that once again, please? Then? 5 times which number gives you 20?
[STUDENT] 4.
[TUTOR] 4. Okay, then what do we need to do to the top number?
[STUDENT] [unclear]
[TUTOR] Tobias, let's try to concentrate now. See, we multiply by the same number here, right? Okay, just like that. What is the number you need to multiply here? [unclear] Okay, what is the top number then? [unclear]
[TUTOR] 2 times 4 is?
[STUDENT] 8.
[TUTOR] Okay, is it like this? Yes, you 2 times 8, 20th, right? [unclear]
[TUTOR] I cannot type that. Wait. Okay, we have 8 here, so this is equal to 8/20 here. Okay?
[STUDENT] Okay.
[TUTOR] Now, just like that, can you find the fractions here out of 20? Then you will be able to compare them. Can you do that, please? [unclear]
[TUTOR] Tobias, did you understand what you need to do here? Tobias, do you understand what you need to do here? [unclear]
[TUTOR] Pardon?
[STUDENT] No.
[TUTOR] Okay, see what we found out, the fraction here out of 20, right? So like that, find the equivalent fraction out of 20. See, 2/50 is equal to 8/20. Can you see it? That 8/20, right? [unclear]
[TUTOR] I'm not sure what is the big issue. [unclear]
[TUTOR] Okay, so we have 20 here in the bottom, okay? I'll just— what should be the top number then? 10 times which number gives you 20?
[STUDENT] 10 times 1.
[TUTOR] Pardon?
[STUDENT] 1.
[TUTOR] 10 times 1? 20?
[STUDENT] 10 times 2. 10 times 2 is 20. So what do we need to do to the numerator? [unclear] Yes. So then what will be the answer? 3 times? [unclear] Okay. Like this?
[TUTOR] Okay, what about the next one?
[STUDENT] [unclear]
[TUTOR] Okay, the denominator will be 20 then.
[STUDENT] The numerator will be 4.
[TUTOR] How do you get 4?
[TUTOR] Yes, how do you get 4 here? 4 times which number gives you 20? [unclear]
[TUTOR] 4 times 5 gives you 20. Then what do we need to do here? [unclear]
[TUTOR] Okay, so 1 times 5 is?
[STUDENT] 5.
[TUTOR] 5. Now do we have this common— the fractions with the same denominator, or the common denominator?
[STUDENT] Common denominator.
[TUTOR] Okay, so can we compare the fractions now?
[STUDENT] Yeah.
[TUTOR] Okay, so how do we need to Come, uh, order them smallest to largest, largest to smallest. [unclear] Smallest to largest. What is the smallest fraction here? [unclear]
[TUTOR] 4/20. So can you type them here, please?
[TUTOR] 420. Great. Now what is the next largest?
[TUTOR] [unclear]
[TUTOR] Pardon?
[TUTOR] [unclear]
[TUTOR] Can you check the fractions again, please? So we have 4 here on the top number. What is the next largest? What is the fraction?
[STUDENT] 5/20.
[TUTOR] Okay, instead of 5/20, we need to write down the original fraction here. Okay, that's how we order the fractions. So what is the fraction you need to write down here? [unclear] What is the fraction that is equal to 5/20? Tobias?
[TUTOR] Pardon?
[STUDENT] One.
[TUTOR] One? How do we read this fraction? One quarter. You need to write down one quarter, one fourth. Can you write it down, please? [unclear]
[BACKGROUND] I thought you might find it difficult to concentrate.
[TUTOR] Okay, now what is the next fraction? Next largest one. [unclear]
[TUTOR] Pardon?
[TUTOR] 6/20.
[TUTOR] 6/20. What is the equivalent fraction for 6/20?
[TUTOR] 3/10.
[TUTOR] 3/10. So let's write it down. [unclear]
[TUTOR] What is the largest fraction here?
[STUDENT] Uh, 8/20.
[TUTOR] 8/20, and that is equal to— what is the original fraction of 8/20? 2/5. So what is the largest fraction? You need to write down here. [unclear]
[TUTOR] Okay, you need to write down 2/5 here. Okay, but did we arrange the fractions from smallest to largest or largest to smallest?
[TUTOR] Smallest, largest. So good effort there. Well done. Here we have a nice batch. Now can you try to do the same here? Can you find the common denominator, please? [unclear]
[TUTOR] 18.
[TUTOR] 18. Good job. How did you find the
[TUTOR] It's 18.
[STUDENT] Since it's the largest denominator.
[TUTOR] It's not because it's the largest denominator. You can check the times tables here. [unclear] Do you have 18 in the 9 times tables?
[STUDENT] Yeah.
[TUTOR] Okay. Do you have 18 in the 3 times tables?
[STUDENT] Yeah.
[TUTOR] And do you have 18 in the 6 times tables? [unclear]
[TUTOR] Show me that here, please. We have 3, 6, 9. Those are the timetables. Can you show me if you have 18 there?
[STUDENT] 2, 2.
[TUTOR] Okay, so we have 18 in the 9 times tables. What about 6 times tables?
[TUTOR] Okay, and 3 times tables. Good job. So what is the common denominator?
[STUDENT] 18.
[TUTOR] 18. So let's try to do that. So how can you find the equivalent fraction? What should be the bottom number here? Denominator? [unclear] 18. So then how do we get 18? Did we have 9 here? [unclear]
[TUTOR] 9 times?
[STUDENT] [unclear]
[TUTOR] 9 times 2. Is it 9 times 2 or a different number?
[TUTOR] Okay, if you will multiply by 2 here, what do you multiply the numerator?
[STUDENT] By 2.
[TUTOR] Then what will be the numerator?
[STUDENT] 10.
[TUTOR] Pardon?
[STUDENT] 10.
[TUTOR] How do you get 10 here?
[STUDENT] Because we times 2 by 5.
[TUTOR] Why do we need to multiply by 5 here?
[TUTOR] Tobias, Tobias, we are focusing on here. 9 times which number gives you 18?
[STUDENT] [unclear]
[TUTOR] Okay, what is the top number here? 2/9. Tobias, what is the top number in 2/9? Tobias, what is the top number in 2/9 here? Can you see that? [unclear] Okay, what do you need to do here? What's the number you need to multiply by? So what is the top number here when you have the fraction out of 18?
[TUTOR] 4.
[STUDENT] [unclear]
[TUTOR] How did you get 4?
[STUDENT] Because 2 to the top and 2 to the right.
[TUTOR] 2 times 9 is 18. 2 times 2 is 4. Okay. Can you try to find here 1/3? How do you find the equivalent fraction? What should be the denominator here?
[TUTOR] 18.
[STUDENT] 18. So how do we get 18? [unclear]
[TUTOR] How much is 3 times 5?
[TUTOR] Tobias, 3 times which number gives you 18? [unclear]
[STUDENT] Can you check it again, please?
[TUTOR] 3 times?
[TUTOR] 3 times 5 is 15. So how many times is 18? [unclear]
[TUTOR] 3 times 5 is 15. How many times is 18 here? [unclear]
[TUTOR] Tobias, I can't hear you because you are very low. So if you speak a bit louder, I can understand. That classroom is very loud, right?
[STUDENT] Mm-hmm.
[TUTOR] Okay, now 3 times 6 is 18. So what should be the top number here?
[STUDENT] 6.
[TUTOR] How did you get 6 here?
[STUDENT] Just because I times the numerator [unclear] times the denominator by 3.
[TUTOR] Good job. So 6, 18. Now let's try to find the one— the other one. Now we have 1/6.
[STUDENT] So—
[TUTOR] So this is for this. So 1/6 by 3, and you get 18.
[TUTOR] So 6 times 3 is 18. Then what about the numerator?
[STUDENT] [unclear]
[TUTOR] Okay, 3. Good job. Now let's write down the— how do we arrange the fractions here? How do we order the fractions? What is the method we need to order the fractions?
[TUTOR] What does it say here?
[STUDENT] Smallest line.
[TUTOR] Smallest line. What is the smallest fraction here?
[STUDENT] 4/8. [unclear]
[TUTOR] Okay, so what is the original fraction of 3/18?
[STUDENT] 1/6. Okay. So if you have one, can you type the smallest fraction here then? Okay, what is the next largest?
[TUTOR] [unclear]
[STUDENT] Pardon?
[TUTOR] 4/18. 4 over 18. What is the original fraction for that?
[TUTOR] 1, 2, 9.
[STUDENT] 2, 9. Let's write down the next one. Like that, what is the next fraction? [unclear] [unclear]
[TUTOR] So we have 3, 4, 6, and 5. What is the next largest?
[STUDENT] 3, 4.
[TUTOR] What is the next largest number 3, 4?
[TUTOR] 5/18.
[TUTOR] 5/18. Any type set, please. [unclear]
[TUTOR] Okay, what is the largest fraction here?
[TUTOR] Okay, what is the original fraction? [unclear]
[TUTOR] What is the original fraction of 1/3? Can you type that, please? [Speaker:Tobias]... [UNCLEAR]
[TUTOR] Okay, good effort there. Well done. Okay, let's try to concentrate more on the next session, okay? Tobias, so you need to remember what you are doing, how to do it. Compare fractions will make it easier for you. What are the important things you need to remember? [unclear]
[TUTOR] I really can't hear you, Tobias.
[STUDENT] About comparing orders.
[TUTOR] Okay, comparing and ordering. So
[TUTOR] What does it mean by comparing? [unclear]
[TUTOR] Which one is smaller or bigger? Okay. What does it mean by ordering fractions? [unclear] [Speaker:Tutor]... smallest to largest, largest to smallest. [Speaker:Background] Quietly.
[TUTOR] Okay, Tobias, so you will get a feedback form to complete. Please do fill it in, okay, and let us know how you felt about this session. Okay, Tobias?
[STUDENT] Okay.
[TUTOR] So thank you for joining in today, and let's try to more questions next time around. So enjoy your weekend and have a good time. See you in the next session then. Bye. [unclear]
[TUTOR] Bye."
igtnivf,Adding money using the column method.,0.32653803,"No.
[UNCLEAR]
[UNCLEAR] I can hear you.
Yeah. [unclear]
I can hear a big background noise and I can't hear you, Gideon.
No.
Ask how this is good news.
[UNCLEAR] [unclear]
Hello?
Hello?
I can hear you a little bit. [unclear] [unclear]
Can you hear me now?
Hello.
[unclear]
[UNCLEAR] [unclear]
[unclear] [unclear]
One large pizza is 8.50 pounds. It's 450. One small pizza is 6.
[UNCLEAR]
Hello?
[UNCLEAR]
[UNCLEAR] [unclear]
So that's 13 pounds. [unclear]
Yeah, we've got that. [unclear]
Better without [UNCLEAR].
So I did the small pizza there, then— [unclear]
and then I got the answer to something. [UNCLEAR]
[UNCLEAR]..
most...
he could have paid?
he could have paid? So he's going to get two different toys. [unclear]
I made you a birthday cake. [unclear]
38.
[unclear]
Okay. So he has— [unclear] [unclear]
So the duck of that is the one that is white.
Oh, yes. [unclear] [unclear]
The number has 200.
And the number has no— [unclear]
[unclear]
Sorry.
15, 18, 19, 18.
So it says, hello, how do you think [unclear]
About adding and subtraction. [unclear]
3.
Yes.
[unclear]
All right, that's right, that's right. That was an excellent focus. But since I can't hear you, [unclear]
Hello?
Hello.
Hello.
Hello.
Yeah.
Hello.
[UNCLEAR] subtraction.
car, cycle, cell phone....kilometres to get to her friend's house when she cycled. [unclear]
He got me the first time, but then I forgot him. [unclear]
Yeah, we have the dog. [unclear]
Tara has £11.35. She bought one treat. What is the most amount of money she could have left after buying the treats. So she should have most amount of money in hand. So it means she has to buy a treat which is 2 less so that she can have more money in hand. Okay, which is that treat? [unclear]
So, you can start working that out and you can write down the answer, Gideon. [unclear]
It's because we're the [unclear] ever.
No.
Hello.","Hi, Gideon. Gideon? Hello? [unclear]
Can you change your system? Can you change your laptop?
I can't hear you, Gideon. [unclear]
All right. Get the help of your adult, your teacher there, Gideon, so that the teacher can help us.
All right, can you hear me?
Okay, hello. Hello.
Hello? Gideon, can you hear me? [unclear] All right, okay. So we were on this question, adding money using column method. You know how to do it. We are going to use your column method for adding money. Any questions in this, Gideon?
Okay, we'll move on to your [unclear] slide. Question number B.
You said like say to her.
Gideon, can you start reading that? [unclear]
Can't hear me? You can't hear me, Gideon?
Hello?
All right, can you hear me? You can't hear me, Gideon?
All right. [unclear]
Gideon, can you rejoin?
Hello.
Hello. Can you hear me?
No problem. Continue doing it.
75p. Sam buys one large pizza and two small pizzas. Use the column method to work out the total cost. [UNCLEAR] How do we find that, Gideon? [unclear]
Hello?
Gideon, we are doing this one. Gideon, we are doing this one. This one, Gideon.
Gideon, we are doing this.
Yeah. Not this. Good, are you? [unclear]
What are we going to find in this, Gideon? You can just give a brief intro on the question. Then you can work it out. [unclear]
13 pounds. [unclear]
8. You had 8. [unclear]
Is £22. Very good. How did you do that, Gideon? Awesome. How did you do that, Gideon?
Can you explain that to me, Gideon?
Hello?
That is awesome. And did we forget something here, Gideon, to include?
We need to include your pound symbol. [unclear] That was very good. Moving on to your final slide. Go further.
So can you start reading that, Gideon?
So what's about your horizon in December? So it's going to be...
What is given in the question, Gideon? [unclear] [unclear]
So, right, it says, 'How do you write a number as 17?' So, what is given in the question, Gideon?
Mm-hmm.
Mm-hmm.
So how much? So that must be a most, so it must be a bigger one. So we are going to check the prices of the toys.
Which is big? Get 2 different toys which worth the most. Which worth the most, Gideon? Is it the duck or sheep? The duck or the sheep or the teddy bear or the drum? [unclear]
I can't hear you.
Gideon, I'm not able to hear you. [unclear] [unclear]
Okay. So for buying the car, which is a cost which is very more. Yes. No, no. You can see here, duck and the bear, which is the cost of the duck and the cost of the bear is high. Right? So when you add these two, Hockey would be paying much amount because these two are more. So can you find it? Can you add and find what is the most he could have paid?
38.
38.
So it's because it's not a full [UNCLEAR].
So which is most, the highest price? The price is high. [unclear] And the bear, the highest price.
So, that would cost me— [unclear]
So, try adding the price of the duck and the price of the bear. Price of the duck and price of the bear.
8.40. Very good. So it is 8 pounds And don't forget to write your [UNCLEAR]. Okay, your next one. What is the least he could have paid?
Just delete one. [unclear]
And the drum. So you can add the price of the ship and add the price of the drum. [unclear]
35. Oh, you're very close to the answer. You're very close to the answer, Gideon. [unclear]
This is 7:35.
Okay, can you just write it down? Since I can't hear you, can you write down the answer, Gideon? Oh no, no, you are very close. Choose it again. [unclear]
9 add 9. What is 9 add 9?
18, very good. 18. Okay, then you have your carryover, the regrouping one.
So what do you think the answer would be?
11 plus 1 is 12.
3 and 3 is 6. 6 and 1 is 7. 7 pounds and 28 feet. Did you get it? [unclear]
Do you get that, Gideon?
Okay. Any questions? All right then. We'll move on to the next lesson. Before that, we'll have a quick reflection. What did you learn in this lesson, Gideon?
All right, okay. I still can't hear you, Gideon. I still can't hear you. All right, can you just— Teacher, so that I can speak with your teacher, please. [unclear]
Can I hear her?
You're talking loud.
Yeah, hi.
Hello. Hello.
All right, I can hear you, but your voice is too low for me. [unclear] It's too low for me.
Hi, Gideon's Teacher. [unclear]
Hello. Can you hear me?
All right, okay. Okay, subtracting money using column method. So we completed adding. Now we are going to start with subtracting Gideon.
Okay, you can start with your first question, learning goal. [unclear] [unclear]
So can you write down the answer after you complete it, Gideon? So how good will that be?
Amy had £14.53. She bought a book cost £8.25p. How much does she have now? [unclear]
cost £8.95. What is [UNCLEAR]? After you complete, you can write down the answer. [unclear]
[UNCLEAR] [unclear]
[unclear]
Hello.
That is very good. Okay, moving on to you this slide. [unclear] That was very good working out, Gideon. So what is given in the next question? Alma had £18.54p She bought a new toy costing £9.27. How much money does she have now?
Yes.
Very good. That was very good. Very good. Good working out, Gideon. Your next one. Logan had £15.53. He bought a tray of cupcakes £9.47. How much money does he have now?
Very good. Point zero here. [unclear]
That was very good working out, Gideon. Moving on to your final slide. Go for it.
Yes.
Yeah.
Okay.
Oh.
All right, Gideon. We'll continue this lesson, this slide in the next class. We are running out of time. All right? Any questions, Gideon?
Okay then. I will see you in the next class. [unclear] Thank you, Gideon. [unclear]","[TUTOR] Hi, Gideon. Gideon? Hello? [unclear]
[BACKGROUND] I can't hear you, Gideon, and this is from the two weeks. Can you just get results on this, Gideon?
[TUTOR] Can you change your system? Can you change your laptop?
[STUDENT] No.
[TUTOR] I can't hear you, Gideon. [unclear]
[STUDENT] [UNCLEAR]
[TUTOR] All right. Get the help of your adult, your teacher there, Gideon, so that the teacher can help us.
[STUDENT] [UNCLEAR] I can hear you.
[TUTOR] All right, can you hear me?
[STUDENT] Yeah. [unclear]
[TUTOR] Okay, hello. Hello.
[STUDENT] I can hear a big background noise and I can't hear you, Gideon.
[TUTOR] Hello? Gideon, can you hear me? [unclear] All right, okay. So we were on this question, adding money using column method. You know how to do it. We are going to use your column method for adding money. Any questions in this, Gideon?
[STUDENT] No.
[TUTOR] Okay, we'll move on to your [unclear] slide. Question number B.
[STUDENT] Ask how this is good news.
[BACKGROUND] [UNCLEAR]
[TUTOR] You said like say to her.
[STUDENT] [UNCLEAR] [unclear]
[TUTOR] Gideon, can you start reading that? [unclear]
[TUTOR] Can't hear me? You can't hear me, Gideon?
[STUDENT] Hello?
[TUTOR] Hello?
[STUDENT] Hello?
[TUTOR] All right, can you hear me? You can't hear me, Gideon?
[STUDENT] I can hear you a little bit. [unclear] [unclear]
[TUTOR] All right. [unclear]
[TUTOR] Gideon, can you rejoin?
[STUDENT] Can you hear me now?
[TUTOR] Hello.
[STUDENT] Hello.
[TUTOR] Hello. Can you hear me?
[STUDENT] [unclear]
[STUDENT] [UNCLEAR] [unclear]
[STUDENT] [unclear] [unclear]
[TUTOR] No problem. Continue doing it.
[STUDENT] One large pizza is 8.50 pounds. It's 450. One small pizza is 6.
[TUTOR] 75p. Sam buys one large pizza and two small pizzas. Use the column method to work out the total cost. [UNCLEAR] How do we find that, Gideon? [unclear]
[TUTOR] Hello?
[STUDENT] [UNCLEAR]
[TUTOR] Gideon, we are doing this one. Gideon, we are doing this one. This one, Gideon.
[STUDENT] Hello?
[TUTOR] Gideon, we are doing this.
[STUDENT] [UNCLEAR]
[TUTOR] Yeah. Not this. Good, are you? [unclear]
[TUTOR] What are we going to find in this, Gideon? You can just give a brief intro on the question. Then you can work it out. [unclear]
[STUDENT] [UNCLEAR] [unclear]
[STUDENT] So that's 13 pounds. [unclear]
[TUTOR] 13 pounds. [unclear]
[STUDENT] Yeah, we've got that. [unclear]
[TUTOR] 8. You had 8. [unclear]
[TUTOR] Is £22. Very good. How did you do that, Gideon? Awesome. How did you do that, Gideon?
[STUDENT] Better without [UNCLEAR].
[TUTOR] Can you explain that to me, Gideon?
[STUDENT] So I did the small pizza there, then— [unclear]
[TUTOR] Hello?
[STUDENT] and then I got the answer to something. [UNCLEAR]
[TUTOR] That is awesome. And did we forget something here, Gideon, to include?
[TUTOR] We need to include your pound symbol. [unclear] That was very good. Moving on to your final slide. Go further.
[TUTOR] So can you start reading that, Gideon?
[STUDENT] [UNCLEAR]..
[TUTOR] So what's about your horizon in December? So it's going to be...
[TUTOR] What is given in the question, Gideon? [unclear] [unclear]
[TUTOR] So, right, it says, 'How do you write a number as 17?' So, what is given in the question, Gideon?
[STUDENT] most...
[TUTOR] Mm-hmm.
[STUDENT] he could have paid?
[TUTOR] Mm-hmm.
[STUDENT] he could have paid? So he's going to get two different toys. [unclear]
[TUTOR] So how much? So that must be a most, so it must be a bigger one. So we are going to check the prices of the toys.
[TUTOR] Which is big? Get 2 different toys which worth the most. Which worth the most, Gideon? Is it the duck or sheep? The duck or the sheep or the teddy bear or the drum? [unclear]
[STUDENT] I made you a birthday cake. [unclear]
[TUTOR] I can't hear you.
[TUTOR] Gideon, I'm not able to hear you. [unclear] [unclear]
[TUTOR] Okay. So for buying the car, which is a cost which is very more. Yes. No, no. You can see here, duck and the bear, which is the cost of the duck and the cost of the bear is high. Right? So when you add these two, Hockey would be paying much amount because these two are more. So can you find it? Can you add and find what is the most he could have paid?
[STUDENT] 38.
[TUTOR] 38.
[STUDENT] [unclear]
[TUTOR] 38.
[STUDENT] Okay. So he has— [unclear] [unclear]
[TUTOR] So it's because it's not a full [UNCLEAR].
[STUDENT] So the duck of that is the one that is white.
[TUTOR] So which is most, the highest price? The price is high. [unclear] And the bear, the highest price.
[TUTOR] So, that would cost me— [unclear]
[TUTOR] So, try adding the price of the duck and the price of the bear. Price of the duck and price of the bear.
[STUDENT] Oh, yes. [unclear] [unclear]
[TUTOR] 8.40. Very good. So it is 8 pounds And don't forget to write your [UNCLEAR]. Okay, your next one. What is the least he could have paid?
[STUDENT] The number has 200.
[BACKGROUND] What?
[STUDENT] And the number has no— [unclear]
[TUTOR] Just delete one. [unclear]
[TUTOR] And the drum. So you can add the price of the ship and add the price of the drum. [unclear]
[TUTOR] 35. Oh, you're very close to the answer. You're very close to the answer, Gideon. [unclear]
[STUDENT] [unclear]
[TUTOR] This is 7:35.
[STUDENT] Sorry.
[TUTOR] Okay, can you just write it down? Since I can't hear you, can you write down the answer, Gideon? Oh no, no, you are very close. Choose it again. [unclear]
[TUTOR] 9 add 9. What is 9 add 9?
[STUDENT] 15, 18, 19, 18.
[TUTOR] 18, very good. 18. Okay, then you have your carryover, the regrouping one.
[STUDENT] So it says, hello, how do you think [unclear]
[TUTOR] So what do you think the answer would be?
[STUDENT] About adding and subtraction. [unclear]
[TUTOR] 11 plus 1 is 12.
[STUDENT] 3.
[TUTOR] 3 and 3 is 6. 6 and 1 is 7. 7 pounds and 28 feet. Did you get it? [unclear]
[TUTOR] Do you get that, Gideon?
[STUDENT] Yes.
[TUTOR] Okay. Any questions? All right then. We'll move on to the next lesson. Before that, we'll have a quick reflection. What did you learn in this lesson, Gideon?
[STUDENT] [unclear]
[TUTOR] All right, okay. I still can't hear you, Gideon. I still can't hear you. All right, can you just— Teacher, so that I can speak with your teacher, please. [unclear]
[STUDENT] All right, that's right, that's right. That was an excellent focus. But since I can't hear you, [unclear]
[TUTOR] Can I hear her?
[STUDENT] Hello?
[TUTOR] You're talking loud.
[TUTOR] Yeah, hi.
[STUDENT] Hello.
[TUTOR] Hello. Hello.
[STUDENT] Hello.
[TUTOR] All right, I can hear you, but your voice is too low for me. [unclear] It's too low for me.
[BACKGROUND] I know you've got a bigger voice than that, Gideon. [unclear]
[TUTOR] Hi, Gideon's Teacher. [unclear]
[STUDENT] Hello.
[TUTOR] Hello. Can you hear me?
[STUDENT] Yeah.
[TUTOR] All right, okay. Okay, subtracting money using column method. So we completed adding. Now we are going to start with subtracting Gideon.
[TUTOR] Okay, you can start with your first question, learning goal. [unclear] [unclear]
[TUTOR] So can you write down the answer after you complete it, Gideon? So how good will that be?
[TUTOR] Amy had £14.53. She bought a book cost £8.25p. How much does she have now? [unclear]
[TUTOR] cost £8.95. What is [UNCLEAR]? After you complete, you can write down the answer. [unclear]
[TUTOR] [UNCLEAR] [unclear]
[TUTOR] [unclear]
[TUTOR] Hello.
[STUDENT] Hello.
[TUTOR] That is very good. Okay, moving on to you this slide. [unclear] That was very good working out, Gideon. So what is given in the next question? Alma had £18.54p She bought a new toy costing £9.27. How much money does she have now?
[STUDENT] [UNCLEAR] subtraction.
[TUTOR] Yes.
[STUDENT] car, cycle, cell phone....kilometres to get to her friend's house when she cycled. [unclear]
[TUTOR] Very good. That was very good. Very good. Good working out, Gideon. Your next one. Logan had £15.53. He bought a tray of cupcakes £9.47. How much money does he have now?
[STUDENT] He got me the first time, but then I forgot him. [unclear]
[STUDENT] Yeah, we have the dog. [unclear]
[TUTOR] Very good. Point zero here. [unclear]
[TUTOR] That was very good working out, Gideon. Moving on to your final slide. Go for it.
[STUDENT] Tara has £11.35. She bought one treat. What is the most amount of money she could have left after buying the treats. So she should have most amount of money in hand. So it means she has to buy a treat which is 2 less so that she can have more money in hand. Okay, which is that treat? [unclear]
[TUTOR] Yes.
[TUTOR] Yeah.
[STUDENT] So, you can start working that out and you can write down the answer, Gideon. [unclear]
[TUTOR] Okay.
[STUDENT] It's because we're the [unclear] ever.
[TUTOR] Oh.
[TUTOR] All right, Gideon. We'll continue this lesson, this slide in the next class. We are running out of time. All right? Any questions, Gideon?
[STUDENT] No.
[TUTOR] Okay then. I will see you in the next class. [unclear] Thank you, Gideon. [unclear]
[STUDENT] Hello."
